# Blender v2.82 (sub 7) OBJ File: 'uplon.blend'
# www.blender.org
mtllib uplon.mtl
o Sword_Plane.050
v 1.509712 0.051192 -0.001505
v 0.507138 0.025515 -0.001505
v 1.473342 0.042155 -0.001505
v 0.571859 0.035967 -0.001505
v 0.470953 0.014654 -0.001505
v 0.540868 0.032220 -0.001505
v 1.473441 0.028717 -0.001505
v 1.506738 0.048539 -0.001505
v 0.625370 0.016423 -0.001505
v 1.491529 0.046254 -0.001505
v 1.494633 0.034886 -0.001505
v 1.455153 0.039930 -0.001505
v 1.455192 0.024902 -0.001505
v 0.603835 0.036751 -0.001505
v 0.443912 0.004248 -0.001505
v 1.509712 -0.051192 -0.001505
v 0.507138 -0.025515 -0.001505
v 1.473342 -0.042155 -0.001505
v 0.571859 -0.035967 -0.001505
v 0.470953 -0.014654 -0.001505
v 0.540868 -0.032220 -0.001505
v 1.473441 -0.028717 -0.001505
v 1.506738 -0.048539 -0.001505
v 0.625370 -0.016423 -0.001505
v 1.491529 -0.046254 -0.001505
v 1.494633 -0.034886 -0.001505
v 1.455153 -0.039930 -0.001505
v 1.455192 -0.024902 -0.001505
v 0.603835 -0.036751 -0.001505
v 0.443912 -0.004248 -0.001505
v 0.576643 0.000000 -0.001505
v 0.498045 0.023117 -0.001505
v 0.488817 0.020450 -0.001505
v 0.479704 0.017600 -0.001505
v 1.448643 0.039492 -0.001505
v 0.462804 0.011707 -0.001505
v 0.455461 0.008898 -0.001505
v 0.449118 0.006371 -0.001505
v 1.486983 0.045093 -0.001505
v 1.482436 0.044002 -0.001505
v 1.477889 0.043012 -0.001505
v 0.593667 0.036701 -0.001505
v 0.585546 0.036597 -0.001505
v 0.578576 0.036374 -0.001505
v 0.532675 0.030876 -0.001505
v 0.524386 0.029349 -0.001505
v 0.515906 0.027581 -0.001505
v 0.564675 0.035327 -0.001505
v 0.557008 0.034469 -0.001505
v 0.549019 0.033423 -0.001505
v 1.487978 0.032997 -0.001505
v 1.482788 0.031407 -0.001505
v 1.478025 0.029991 -0.001505
v 0.638472 0.018063 -0.001505
v 0.613085 0.014339 -0.001505
v 0.600480 0.011481 -0.001505
v 0.588416 0.007382 -0.001505
v 1.448701 0.024242 -0.001505
v 1.505167 0.049934 -0.001505
v 1.500621 0.048686 -0.001505
v 1.496075 0.047456 -0.001505
v 1.503953 0.046759 -0.001505
v 1.500651 0.044117 -0.001505
v 1.497355 0.040266 -0.001505
v 1.468795 0.041452 -0.001505
v 1.464247 0.040874 -0.001505
v 1.459700 0.040380 -0.001505
v 1.468876 0.027577 -0.001505
v 1.464307 0.026564 -0.001505
v 1.459742 0.025674 -0.001505
v 0.618503 0.036805 -0.001505
v 0.498045 -0.023117 -0.001505
v 0.488817 -0.020450 -0.001505
v 0.479704 -0.017600 -0.001505
v 1.448643 -0.039492 -0.001505
v 0.462804 -0.011707 -0.001505
v 0.455461 -0.008898 -0.001505
v 0.449118 -0.006371 -0.001505
v 1.486983 -0.045093 -0.001505
v 1.482436 -0.044002 -0.001505
v 1.477889 -0.043012 -0.001505
v 0.593667 -0.036701 -0.001505
v 0.585546 -0.036597 -0.001505
v 0.578576 -0.036374 -0.001505
v 0.532675 -0.030876 -0.001505
v 0.524386 -0.029349 -0.001505
v 0.515906 -0.027581 -0.001505
v 0.564675 -0.035327 -0.001505
v 0.557008 -0.034469 -0.001505
v 0.549019 -0.033423 -0.001505
v 1.487978 -0.032997 -0.001505
v 1.482788 -0.031407 -0.001505
v 1.478025 -0.029991 -0.001505
v 0.638472 -0.018063 -0.001505
v 0.613085 -0.014339 -0.001505
v 0.600480 -0.011481 -0.001505
v 0.588416 -0.007382 -0.001505
v 1.448701 -0.024242 -0.001505
v 1.505167 -0.049934 -0.001505
v 1.500621 -0.048686 -0.001505
v 1.496075 -0.047456 -0.001505
v 1.503953 -0.046759 -0.001505
v 1.500651 -0.044117 -0.001505
v 1.497355 -0.040266 -0.001505
v 1.468795 -0.041452 -0.001505
v 1.464247 -0.040874 -0.001505
v 1.459700 -0.040380 -0.001505
v 1.468876 -0.027577 -0.001505
v 1.464307 -0.026564 -0.001505
v 1.459742 -0.025674 -0.001505
v 0.618503 -0.036805 -0.001505
v 0.436165 0.000709 -0.001039
v 0.435715 0.000000 -0.001505
v 0.440157 0.002701 -0.001505
v 0.437600 0.001561 -0.001505
v 0.436164 0.000709 -0.001505
v 0.440157 -0.002701 -0.001505
v 0.437600 -0.001561 -0.001505
v 0.436164 -0.000709 -0.001505
v 1.487978 0.031742 -0.001505
v 1.455192 0.016249 -0.001505
v 1.448701 0.013181 -0.001505
v 1.468876 0.022715 -0.001505
v 1.482788 0.029289 -0.001505
v 1.464307 0.020556 -0.001505
v 1.478025 0.027038 -0.001505
v 1.459742 0.018399 -0.001505
v 1.473441 0.024872 -0.001505
v 1.487978 -0.030427 -0.001505
v 1.468876 -0.017627 -0.001505
v 1.478025 -0.023757 -0.001505
v 1.448701 -0.004107 -0.001505
v 1.464307 -0.014565 -0.001505
v 1.473441 -0.020685 -0.001505
v 1.455192 -0.008457 -0.001505
v 1.482788 -0.026949 -0.001505
v 1.459742 -0.011506 -0.001505
v 1.509712 0.051192 0.001495
v 0.507138 0.025515 0.001495
v 1.473342 0.042155 0.001495
v 0.571859 0.035967 0.001495
v 0.470953 0.014654 0.001495
v 0.540868 0.032220 0.001495
v 1.473441 0.028717 0.001495
v 1.506738 0.048539 0.001495
v 0.625370 0.016423 0.001495
v 1.491529 0.046254 0.001495
v 1.494633 0.034886 0.001495
v 1.455153 0.039930 0.001495
v 1.455192 0.024902 0.001495
v 0.603835 0.036751 0.001495
v 0.443912 0.004248 0.001495
v 1.509712 -0.051192 0.001495
v 0.507138 -0.025515 0.001495
v 1.473342 -0.042155 0.001495
v 0.571859 -0.035967 0.001495
v 0.470953 -0.014654 0.001495
v 0.540868 -0.032220 0.001495
v 1.473441 -0.028717 0.001495
v 1.506738 -0.048539 0.001495
v 0.625370 -0.016423 0.001495
v 1.491529 -0.046254 0.001495
v 1.494633 -0.034886 0.001495
v 1.455153 -0.039930 0.001495
v 1.455192 -0.024902 0.001495
v 0.603835 -0.036751 0.001495
v 0.443912 -0.004248 0.001495
v 0.576643 0.000000 0.001495
v 0.498045 0.023117 0.001495
v 0.488817 0.020450 0.001495
v 0.479704 0.017600 0.001495
v 1.448643 0.039492 0.001495
v 0.462804 0.011707 0.001495
v 0.455461 0.008898 0.001495
v 0.449118 0.006371 0.001495
v 1.486983 0.045093 0.001495
v 1.482436 0.044002 0.001495
v 1.477889 0.043012 0.001495
v 0.593667 0.036701 0.001495
v 0.585546 0.036597 0.001495
v 0.578576 0.036374 0.001495
v 0.532675 0.030876 0.001495
v 0.524386 0.029349 0.001495
v 0.515906 0.027581 0.001495
v 0.564675 0.035327 0.001495
v 0.557008 0.034469 0.001495
v 0.549019 0.033423 0.001495
v 1.487978 0.032997 0.001495
v 1.482788 0.031407 0.001495
v 1.478025 0.029991 0.001495
v 0.638472 0.018063 0.001495
v 0.613085 0.014339 0.001495
v 0.600480 0.011481 0.001495
v 0.588416 0.007382 0.001495
v 1.448701 0.024242 0.001495
v 1.505167 0.049934 0.001495
v 1.500621 0.048686 0.001495
v 1.496075 0.047456 0.001495
v 1.503953 0.046759 0.001495
v 1.500651 0.044117 0.001495
v 1.497355 0.040266 0.001495
v 1.468795 0.041452 0.001495
v 1.464247 0.040874 0.001495
v 1.459700 0.040380 0.001495
v 1.468876 0.027577 0.001495
v 1.464307 0.026564 0.001495
v 1.459742 0.025674 0.001495
v 0.618503 0.036805 0.001495
v 0.498045 -0.023117 0.001495
v 0.488817 -0.020450 0.001495
v 0.479704 -0.017600 0.001495
v 1.448643 -0.039492 0.001495
v 0.462804 -0.011707 0.001495
v 0.455461 -0.008898 0.001495
v 0.449118 -0.006371 0.001495
v 1.486983 -0.045093 0.001495
v 1.482436 -0.044002 0.001495
v 1.477889 -0.043012 0.001495
v 0.593667 -0.036701 0.001495
v 0.585546 -0.036597 0.001495
v 0.578576 -0.036374 0.001495
v 0.532675 -0.030876 0.001495
v 0.524386 -0.029349 0.001495
v 0.515906 -0.027581 0.001495
v 0.564675 -0.035327 0.001495
v 0.557008 -0.034469 0.001495
v 0.549019 -0.033423 0.001495
v 1.487978 -0.032997 0.001495
v 1.482788 -0.031407 0.001495
v 1.478025 -0.029991 0.001495
v 0.638472 -0.018063 0.001495
v 0.613085 -0.014339 0.001495
v 0.600480 -0.011481 0.001495
v 0.588416 -0.007382 0.001495
v 1.448701 -0.024242 0.001495
v 1.505167 -0.049934 0.001495
v 1.500621 -0.048686 0.001495
v 1.496075 -0.047456 0.001495
v 1.503953 -0.046759 0.001495
v 1.500651 -0.044117 0.001495
v 1.497355 -0.040266 0.001495
v 1.468795 -0.041452 0.001495
v 1.464247 -0.040874 0.001495
v 1.459700 -0.040380 0.001495
v 1.468876 -0.027577 0.001495
v 1.464307 -0.026564 0.001495
v 1.459742 -0.025674 0.001495
v 0.618503 -0.036805 0.001495
v 0.439165 0.000706 -0.001040
v 0.435715 0.000000 0.001495
v 0.440157 0.002701 0.001495
v 0.437600 0.001561 0.001495
v 0.436164 0.000709 0.001495
v 0.440157 -0.002701 0.001495
v 0.437600 -0.001561 0.001495
v 0.436164 -0.000709 0.001495
v 1.487978 0.031742 0.001495
v 1.455192 0.016249 0.001495
v 1.448701 0.013181 0.001495
v 1.468876 0.022715 0.001495
v 1.482788 0.029289 0.001495
v 1.464307 0.020556 0.001495
v 1.478025 0.027038 0.001495
v 1.459742 0.018399 0.001495
v 1.473441 0.024872 0.001495
v 1.487978 -0.030427 0.001495
v 1.468876 -0.017627 0.001495
v 1.478025 -0.023757 0.001495
v 1.448701 -0.004107 0.001495
v 1.464307 -0.014565 0.001495
v 1.473441 -0.020685 0.001495
v 1.455192 -0.008457 0.001495
v 1.482788 -0.026949 0.001495
v 1.459742 -0.011506 0.001495
v 1.438621 0.004967 0.002918
v 1.547397 0.054787 0.003603
v 1.441081 0.008217 0.002928
v 1.445884 0.012592 0.002939
v 1.437641 0.002894 0.002978
v 1.459860 0.021368 0.002924
v 1.452643 0.017145 0.002936
v 1.479860 0.032922 0.002952
v 1.505199 0.049541 0.003043
v 1.517005 0.052184 0.003184
v 1.627600 0.069221 0.004345
v 1.587600 0.056861 0.004232
v 1.609432 0.058852 0.004669
v 1.597574 0.057223 0.004418
v 1.603251 0.057478 0.004542
v 1.618802 0.063804 0.004486
v 1.614673 0.061211 0.004634
v 1.622577 0.066439 0.004315
v 1.511014 0.051187 0.003105
v 1.492499 0.041340 0.003016
v 1.498756 0.045634 0.003055
v 1.501891 0.047779 0.003073
v 1.639090 0.066453 0.004958
v 1.654797 0.071616 0.006355
v 1.647134 0.069390 0.005816
v 1.643674 0.067805 0.005430
v 1.633764 0.067592 0.004754
v 1.700405 0.068370 0.006372
v 1.677204 0.067049 0.006334
v 1.753315 0.085121 0.006514
v 1.728980 0.074565 0.006443
v 1.787883 0.107878 0.006581
v 1.866742 0.139848 0.021037
v 1.885324 0.122541 0.020926
v 1.915152 0.082895 0.021070
v 1.940195 0.057600 0.021001
v 1.947994 0.016881 0.021359
v 1.950632 0.018501 0.021359
v 1.866681 0.117000 0.028773
v 1.837554 0.152794 0.020356
v 1.772394 0.095975 0.006579
v 1.631275 0.068606 0.004510
v 1.636367 0.066756 0.004880
v 1.624675 0.067860 0.004268
v 1.629746 0.069127 0.004404
v 1.650929 0.071269 0.006176
v 1.652859 0.071775 0.006348
v 1.665630 0.068553 0.006340
v 1.671414 0.067512 0.006341
v 1.688842 0.067251 0.006347
v 1.683020 0.067002 0.006337
v 1.714824 0.070828 0.006406
v 1.707623 0.069452 0.006388
v 1.741353 0.079431 0.006479
v 1.764263 0.090971 0.006530
v 1.781378 0.102437 0.006611
v 1.800280 0.119967 0.006682
v 1.795129 0.114557 0.006662
v 1.812597 0.135187 0.006698
v 1.849384 0.153035 0.020858
v 1.938914 0.060167 0.021034
v 1.942419 0.035170 0.021185
v 1.941095 0.037544 0.021079
v 1.946309 0.009310 0.021359
v 1.940912 0.048483 0.021080
v 1.939694 0.058898 0.021007
v 1.925231 0.071643 0.021117
v 1.919804 0.077042 0.021095
v 1.876177 0.131663 0.020912
v 1.641608 0.066944 0.005242
v 1.606475 0.058028 0.004613
v 1.612129 0.059919 0.004676
v 1.532175 0.053721 0.003392
v 1.818424 0.143345 0.006785
v 1.830052 0.154679 0.011885
v 1.858642 0.146333 0.021063
v 1.447284 0.001922 0.012760
v 1.448498 0.003565 0.012757
v 1.450926 0.005428 0.012761
v 1.453346 0.006607 0.012772
v 1.457434 0.008355 0.012790
v 1.463680 0.010526 0.012821
v 1.484351 0.015455 0.012986
v 1.497222 0.018066 0.013120
v 1.506634 0.019638 0.013224
v 1.469905 0.027065 0.002886
v 1.474004 0.013344 0.012890
v 1.515850 0.021240 0.013351
v 1.536091 0.024372 0.013629
v 1.552934 0.026844 0.013865
v 1.589788 0.032060 0.014337
v 1.600070 0.033526 0.014482
v 1.606265 0.034484 0.014635
v 1.610155 0.035166 0.014753
v 1.615839 0.036040 0.014892
v 1.623229 0.037096 0.015074
v 1.630905 0.038224 0.015275
v 1.638126 0.039154 0.015472
v 1.646182 0.039371 0.015695
v 1.652167 0.039086 0.015873
v 1.665862 0.037749 0.016276
v 1.670792 0.037308 0.016409
v 1.676635 0.037164 0.016617
v 1.683977 0.037354 0.016884
v 1.690406 0.037870 0.017127
v 1.703415 0.039760 0.017646
v 1.694628 0.067756 0.006314
v 1.696895 0.038697 0.017382
v 1.712017 0.041951 0.018021
v 1.720689 0.044307 0.018440
v 1.737226 0.050094 0.019316
v 1.751715 0.056317 0.020205
v 1.815917 0.096024 0.027668
v 1.765941 0.063383 0.021211
v 1.782095 0.072717 0.022592
v 1.788463 0.076725 0.023243
v 1.795422 0.081285 0.024064
v 1.801894 0.085871 0.024974
v 1.809676 0.091864 0.026349
v 1.817085 0.095596 0.027865
v 1.820627 0.092878 0.028370
v 1.887514 0.088992 0.030363
v 1.848374 0.136766 0.026503
v 1.877118 0.078206 0.030329
v 1.868601 0.076145 0.030276
v 1.853732 0.078949 0.030294
v 1.823071 0.108467 0.028192
v 1.805512 0.126122 0.006678
v 1.829154 0.085562 0.029374
v 1.441262 0.004771 0.006173
v 1.440185 0.002719 0.006132
v 1.443723 0.007734 0.006268
v 1.447878 0.011186 0.006341
v 1.453929 0.014783 0.006397
v 1.460925 0.018302 0.006388
v 1.481075 0.028051 0.006445
v 1.471021 0.023178 0.006331
v 1.493773 0.034707 0.006670
v 1.503256 0.039602 0.006735
v 1.512731 0.042353 0.006631
v 1.533438 0.044928 0.006886
v 1.549295 0.046515 0.007084
v 1.588291 0.049702 0.007682
v 1.598316 0.050450 0.007852
v 1.604021 0.050923 0.007967
v 1.607525 0.051525 0.008036
v 1.613191 0.053113 0.008114
v 1.620120 0.056131 0.008057
v 1.626876 0.059093 0.007943
v 1.633514 0.059891 0.008097
v 1.641424 0.058884 0.008248
v 1.644160 0.059025 0.007975
v 1.646551 0.059302 0.007635
v 1.665366 0.059722 0.006724
v 1.670871 0.058938 0.006867
v 1.676889 0.058471 0.007028
v 1.683287 0.058374 0.007207
v 1.689363 0.058646 0.007384
v 1.701380 0.060044 0.007735
v 1.695379 0.059287 0.007554
v 1.708945 0.061410 0.007955
v 1.716417 0.062956 0.008194
v 1.731412 0.067232 0.008691
v 1.744737 0.071578 0.009477
v 1.757150 0.078293 0.009875
v 1.768371 0.084496 0.010436
v 1.776484 0.089614 0.010910
v 1.785464 0.096202 0.011495
v 1.791772 0.101706 0.011890
v 1.798883 0.108121 0.012547
v 1.803970 0.113217 0.013024
v 1.810828 0.121178 0.013664
v 1.822006 0.148876 0.006727
v 1.907133 0.073901 0.030763
v 1.914574 0.066879 0.030766
v 1.920687 0.060054 0.030797
v 1.895717 0.110147 0.021286
v 1.882901 0.096271 0.030199
v 1.925703 0.052805 0.030616
v 1.930668 0.044851 0.029734
v 1.935862 0.036860 0.028734
v 1.939666 0.035145 0.028539
v 1.840465 0.137468 0.025984
v 1.835614 0.101435 0.030204
v 1.851728 0.094914 0.030509
v 1.866830 0.093990 0.030582
v 1.881577 0.095990 0.030511
v 1.825578 0.106671 0.029353
v 1.864398 0.116599 0.029387
v 1.856661 0.115662 0.029726
v 1.848126 0.116488 0.029652
v 1.840750 0.117626 0.029517
v 1.833277 0.119968 0.029078
v 1.831003 0.122062 0.027711
v 1.818148 0.131978 0.013658
v 1.823238 0.140963 0.013159
v 1.837110 0.133043 0.026513
v 1.839309 0.131901 0.027617
v 1.826126 0.146047 0.013011
v 1.842369 0.131393 0.027863
v 1.846256 0.131049 0.027964
v 1.849039 0.130917 0.027962
v 1.852548 0.131275 0.027567
v 1.840669 0.158241 0.020306
v 1.825351 0.154974 0.006688
v 1.826680 0.156312 0.007426
v 1.841025 0.158725 0.020149
v 1.841593 0.158395 0.020427
v 1.847004 0.135518 0.027045
v 1.845170 0.135119 0.027233
v 1.842986 0.135303 0.027164
v 1.828910 0.152030 0.012567
v 1.841309 0.135765 0.026882
v 1.838089 0.153498 0.020456
v 1.836890 0.152566 0.019693
v 1.837743 0.149872 0.021402
v 1.843829 0.138860 0.026022
v 1.846333 0.078475 0.027618
v 1.838622 0.078263 0.027399
v 1.831054 0.077718 0.026201
v 1.823651 0.076289 0.024978
v 1.816491 0.074029 0.023476
v 1.809364 0.070796 0.022105
v 1.802523 0.066871 0.021098
v 1.796126 0.062210 0.020290
v 1.790249 0.056960 0.019635
v 1.784851 0.051172 0.019087
v 1.780094 0.044776 0.018621
v 1.775970 0.038065 0.018278
v 1.772383 0.030942 0.018039
v 1.769649 0.023545 0.017852
v 1.767745 0.015909 0.017679
v 1.766578 0.008078 0.017535
v 1.924188 0.007728 0.027734
v 1.921693 0.022000 0.027885
v 1.918914 0.030124 0.027949
v 1.915599 0.037083 0.027974
v 1.911368 0.043517 0.027750
v 1.906791 0.049678 0.027751
v 1.901639 0.055366 0.027745
v 1.895963 0.060555 0.027699
v 1.889918 0.065320 0.027439
v 1.883415 0.069435 0.027194
v 1.876388 0.072586 0.027404
v 1.869044 0.074955 0.027691
v 1.861620 0.076930 0.027649
v 1.854018 0.078085 0.027632
v 1.846330 0.061179 0.007982
v 1.840344 0.060864 0.007990
v 1.834413 0.059984 0.007956
v 1.828585 0.058567 0.007928
v 1.822921 0.056569 0.007903
v 1.817492 0.054011 0.007889
v 1.812334 0.050937 0.007872
v 1.807505 0.047357 0.007865
v 1.803071 0.043309 0.007872
v 1.799057 0.038845 0.007882
v 1.795501 0.034010 0.007891
v 1.792422 0.028864 0.007917
v 1.789852 0.023445 0.007928
v 1.787823 0.017799 0.007906
v 1.786333 0.011991 0.007855
v 1.785360 0.006065 0.007792
v 1.906915 0.006005 0.008093
v 1.904797 0.017064 0.008104
v 1.902583 0.023348 0.008108
v 1.899993 0.028730 0.008114
v 1.896921 0.033849 0.008114
v 1.893365 0.038645 0.008114
v 1.889370 0.043083 0.008110
v 1.884975 0.047130 0.008100
v 1.880193 0.050721 0.008083
v 1.875082 0.053826 0.008060
v 1.869689 0.056423 0.008025
v 1.864071 0.058505 0.007999
v 1.858267 0.060014 0.007945
v 1.852330 0.060928 0.007929
v 1.838520 0.079611 0.030133
v 1.846295 0.079268 0.030261
v 1.862015 0.077650 0.030270
v 1.838583 0.078916 0.028247
v 1.846234 0.078687 0.028092
v 1.853940 0.078307 0.028129
v 1.861726 0.077124 0.028124
v 1.868922 0.075306 0.028148
v 1.877646 0.077631 0.029003
v 1.887332 0.087808 0.029188
v 1.891213 0.085962 0.029244
v 1.934026 0.036349 0.028961
v 1.929290 0.044350 0.029026
v 1.924464 0.052399 0.029154
v 1.919903 0.059242 0.029389
v 1.913803 0.066156 0.029380
v 1.906467 0.073072 0.029366
v 1.899498 0.078924 0.029182
v 1.895095 0.082582 0.029131
v 1.892137 0.086610 0.030446
v 1.904312 0.098610 0.021171
v 1.895665 0.083621 0.030574
v 1.906986 0.094762 0.021149
v 1.900391 0.079791 0.030714
v 1.910177 0.090078 0.021100
v 1.947729 0.016913 0.028049
v 1.946687 0.014598 0.028049
v 1.946037 0.009337 0.028049
v 1.950339 0.018574 0.028049
v 1.900287 0.104136 0.021248
v 1.665730 0.036808 0.014830
v 1.664535 0.024995 0.013398
v 1.828801 0.084969 0.027372
v 1.833469 0.081964 0.029759
v 1.833329 0.081283 0.027781
v 1.820431 0.092248 0.026806
v 1.817175 0.094829 0.026517
v 1.816087 0.095093 0.026401
v 1.810347 0.091183 0.025155
v 1.807119 0.088959 0.024812
v 1.791979 0.111589 0.006602
v 1.806690 0.089516 0.025777
v 1.795771 0.105293 0.012238
v 1.801989 0.084983 0.023715
v 1.795934 0.080810 0.023007
v 1.788977 0.076189 0.022115
v 1.782531 0.072072 0.021447
v 1.758909 0.008950 0.017653
v 1.760319 0.017315 0.017786
v 1.762542 0.026122 0.017974
v 1.764335 0.034405 0.018108
v 1.764016 0.039309 0.018028
v 1.773763 0.066645 0.020549
v 1.760929 0.042520 0.017843
v 1.756665 0.042803 0.017662
v 1.758822 0.087982 0.006478
v 1.773839 0.067799 0.021847
v 1.762770 0.081381 0.010112
v 1.766025 0.062084 0.019683
v 1.751964 0.055273 0.018748
v 1.745394 0.039774 0.017006
v 1.737431 0.049039 0.017849
v 1.735210 0.076889 0.006377
v 1.744474 0.053133 0.019744
v 1.738083 0.069390 0.009020
v 1.745067 0.052075 0.018219
v 1.724592 0.032695 0.015972
v 1.720928 0.043204 0.016974
v 1.714277 0.029651 0.015408
v 1.712150 0.040608 0.016470
v 1.705088 0.027768 0.015028
v 1.703542 0.038689 0.016110
v 1.697841 0.026583 0.014750
v 1.697006 0.037696 0.015950
v 1.690859 0.025587 0.014390
v 1.690370 0.036792 0.015623
v 1.684825 0.025232 0.014244
v 1.684002 0.036293 0.015363
v 1.676308 0.024795 0.013858
v 1.676629 0.036126 0.015085
v 1.669865 0.024884 0.013669
v 1.670680 0.036349 0.014902
v 1.651683 0.025904 0.013081
v 1.652003 0.038078 0.014452
v 1.645289 0.025863 0.012890
v 1.645920 0.038233 0.014134
v 1.638258 0.038007 0.013951
v 1.638570 0.024633 0.012601
v 1.631044 0.037055 0.013745
v 1.632321 0.022547 0.012427
v 1.623367 0.035961 0.013583
v 1.625848 0.020075 0.012275
v 1.616036 0.034864 0.013397
v 1.618553 0.016910 0.011987
v 1.610240 0.034062 0.013306
v 1.612187 0.013668 0.011892
v 1.608164 0.011270 0.011731
v 1.606353 0.033461 0.013209
v 1.600183 0.032472 0.013058
v 1.602633 0.007728 0.011650
v 1.589897 0.030819 0.012841
v 1.600524 0.005980 0.011573
v 1.597793 0.002986 0.011508
v 1.553182 0.025461 0.012375
v 1.536335 0.022946 0.012135
v 1.515949 0.019754 0.011765
v 1.506793 0.018380 0.011659
v 1.497305 0.016809 0.011560
v 1.484560 0.014329 0.011399
v 1.474153 0.012367 0.011365
v 1.463912 0.009724 0.011448
v 1.457731 0.007507 0.011280
v 1.453800 0.005815 0.011183
v 1.451431 0.004738 0.011324
v 1.448064 0.001839 0.011767
v 1.449245 0.003106 0.011455
v 1.758097 0.009014 0.015800
v 1.759413 0.017312 0.015971
v 1.761484 0.026204 0.016106
v 1.763142 0.034257 0.016149
v 1.763003 0.038986 0.016085
v 1.760585 0.041647 0.016094
v 1.745443 0.038856 0.015036
v 1.724327 0.031665 0.013958
v 1.714066 0.028802 0.013478
v 1.704780 0.026906 0.013101
v 1.697665 0.025760 0.012866
v 1.690928 0.024830 0.012443
v 1.684541 0.024412 0.012320
v 1.676307 0.024020 0.011911
v 1.669712 0.024106 0.011752
v 1.664338 0.024382 0.011655
v 1.651648 0.025149 0.011278
v 1.645365 0.025016 0.010977
v 1.638704 0.024031 0.010901
v 1.632408 0.021936 0.010689
v 1.626030 0.019425 0.010429
v 1.618708 0.016283 0.010173
v 1.612246 0.012798 0.009887
v 1.608112 0.010434 0.009760
v 1.602997 0.007268 0.009846
v 1.600954 0.005712 0.009944
v 1.598100 0.002611 0.010115
v 1.923228 0.014379 0.027699
v 1.906162 0.011188 0.008101
v 1.888556 0.087876 0.029227
v 1.887987 0.088093 0.029235
v 1.888141 0.089042 0.030341
v 1.888915 0.088842 0.030356
v 1.850151 0.137069 0.026189
v 1.848329 0.141049 0.025189
v 1.854971 0.131332 0.027096
v 1.846633 0.145881 0.023670
v 1.816250 0.115606 0.020241
v 1.829740 0.137152 0.020936
v 1.832775 0.141843 0.021217
v 1.823805 0.127666 0.020457
v 1.597267 0.001825 0.011450
v 1.597002 0.000909 0.011463
v 1.597805 0.001680 0.009915
v 1.597571 0.000858 0.009943
v 1.602997 0.002421 0.009293
v 1.602997 0.004845 0.009342
v 1.608112 0.003476 0.009348
v 1.608112 0.006955 0.009360
v 1.612246 0.008532 0.009439
v 1.612246 0.004265 0.009436
v 1.618718 0.010854 0.009590
v 1.618713 0.005425 0.009585
v 1.626041 0.012952 0.009770
v 1.626035 0.006477 0.009763
v 1.632421 0.014625 0.009934
v 1.632415 0.007313 0.009925
v 1.638594 0.016021 0.010100
v 1.638463 0.008009 0.010085
v 1.645195 0.016678 0.010288
v 1.645005 0.008338 0.010270
v 1.651196 0.016767 0.010465
v 1.650722 0.008382 0.010438
v 1.663513 0.016254 0.010845
v 1.662663 0.008125 0.010805
v 1.669145 0.016071 0.011028
v 1.668555 0.008035 0.010996
v 1.675718 0.016014 0.011250
v 1.675107 0.008006 0.011216
v 1.684129 0.016275 0.011545
v 1.683690 0.008135 0.011516
v 1.690598 0.016553 0.011782
v 1.690244 0.008274 0.011755
v 1.697254 0.017173 0.012037
v 1.696813 0.008583 0.012004
v 1.704654 0.017939 0.012337
v 1.704498 0.008969 0.012312
v 1.714035 0.019204 0.012745
v 1.713973 0.009604 0.012719
v 1.724728 0.021110 0.013252
v 1.725096 0.010553 0.013241
v 1.745652 0.025906 0.014335
v 1.745826 0.012952 0.014311
v 1.600992 0.003732 0.009382
v 1.600992 0.001866 0.009317
v 1.756826 0.041807 0.015780
v 1.598742 0.004212 0.011521
v 1.599094 0.003892 0.009976
v 1.598954 0.002405 0.009524
v 1.598843 0.001225 0.009460
v 1.600006 0.003091 0.009425
v 1.599917 0.001545 0.009361
v 1.599591 0.005082 0.011526
v 1.599987 0.004793 0.009916
v 1.816503 0.095873 0.027760
v 1.816545 0.095182 0.026635
v 1.815244 0.095730 0.027494
v 1.815467 0.094878 0.026349
v 1.835880 0.080548 0.029984
v 1.835875 0.079927 0.028362
v 1.873347 0.076143 0.030370
v 1.873557 0.075306 0.029103
v 1.947430 0.016314 0.021359
v 1.947250 0.016344 0.028049
v 1.951256 0.030300 0.021359
v 1.951205 0.030217 0.028427
v 1.951378 0.029831 0.028366
v 1.951437 0.029879 0.021359
v 1.950953 0.030701 0.021359
v 1.950916 0.030574 0.028498
v 1.948616 0.017281 0.021341
v 1.948323 0.017350 0.028049
v 1.951388 0.019501 0.021615
v 1.951120 0.019562 0.028136
v 1.447025 0.000948 0.012747
v 1.447692 0.000933 0.011782
v 1.942693 0.013373 0.028697
v 1.938769 0.027470 0.028821
v 1.937160 0.030366 0.028866
v 1.942669 0.015118 0.028701
v 1.940655 0.022572 0.028745
v 1.942466 0.009072 0.028697
v 1.942535 0.016785 0.028706
v 1.935136 0.034034 0.028918
v 1.942091 0.018317 0.028712
v 1.763480 0.030236 0.018030
v 1.762381 0.030210 0.016040
v 1.759532 0.013126 0.017722
v 1.758707 0.013169 0.016009
v 1.758565 0.004480 0.017627
v 1.757811 0.004538 0.015913
v 1.438621 0.004967 -0.002918
v 1.547397 0.054787 -0.003603
v 1.441081 0.008217 -0.002928
v 1.445884 0.012592 -0.002939
v 1.437641 0.002894 -0.002978
v 1.459860 0.021368 -0.002924
v 1.452643 0.017145 -0.002936
v 1.479860 0.032922 -0.002952
v 1.505199 0.049541 -0.003043
v 1.517005 0.052184 -0.003184
v 1.627600 0.069221 -0.004345
v 1.587600 0.056861 -0.004232
v 1.609432 0.058852 -0.004669
v 1.597574 0.057223 -0.004418
v 1.603251 0.057478 -0.004543
v 1.618802 0.063804 -0.004486
v 1.614673 0.061211 -0.004634
v 1.622577 0.066439 -0.004315
v 1.511014 0.051187 -0.003105
v 1.492499 0.041340 -0.003015
v 1.498756 0.045633 -0.003055
v 1.501891 0.047779 -0.003073
v 1.639090 0.066453 -0.004958
v 1.654797 0.071616 -0.006355
v 1.647134 0.069390 -0.005816
v 1.643674 0.067805 -0.005430
v 1.633764 0.067592 -0.004754
v 1.700405 0.068371 -0.006372
v 1.677204 0.067049 -0.006334
v 1.753315 0.085121 -0.006514
v 1.728980 0.074565 -0.006444
v 1.787883 0.107878 -0.006581
v 1.866742 0.139848 -0.021037
v 1.885324 0.122541 -0.020926
v 1.915152 0.082895 -0.021070
v 1.940195 0.057600 -0.021001
v 1.947994 0.016881 -0.021359
v 1.950632 0.018501 -0.021359
v 1.866681 0.117000 -0.028773
v 1.837553 0.152794 -0.020357
v 1.772394 0.095975 -0.006579
v 1.631275 0.068607 -0.004511
v 1.636367 0.066756 -0.004879
v 1.624675 0.067860 -0.004268
v 1.629746 0.069128 -0.004405
v 1.650929 0.071269 -0.006176
v 1.652859 0.071775 -0.006348
v 1.665630 0.068553 -0.006340
v 1.671414 0.067512 -0.006341
v 1.688842 0.067251 -0.006347
v 1.683020 0.067002 -0.006337
v 1.714824 0.070828 -0.006407
v 1.707623 0.069452 -0.006388
v 1.741353 0.079431 -0.006479
v 1.764263 0.090971 -0.006530
v 1.781378 0.102437 -0.006611
v 1.800280 0.119967 -0.006682
v 1.795129 0.114557 -0.006662
v 1.812597 0.135187 -0.006698
v 1.859047 0.146970 -0.000000
v 1.849384 0.153035 -0.020859
v 1.938914 0.060167 -0.021034
v 1.942418 0.035168 -0.021185
v 1.941095 0.037544 -0.021079
v 1.946309 0.009310 -0.021359
v 1.940912 0.048483 -0.021080
v 1.939694 0.058898 -0.021007
v 1.925231 0.071643 -0.021117
v 1.919804 0.077042 -0.021095
v 1.876177 0.131663 -0.020912
v 1.641608 0.066945 -0.005243
v 1.606475 0.058028 -0.004613
v 1.612129 0.059919 -0.004676
v 1.532175 0.053721 -0.003392
v 1.818424 0.143345 -0.006785
v 1.830052 0.154680 -0.011885
v 1.547359 0.055262 -0.000000
v 1.445701 0.012828 -0.000000
v 1.440859 0.008418 -0.000000
v 1.438358 0.005145 -0.000000
v 1.437337 0.003109 0.000000
v 1.459687 0.021672 -0.000000
v 1.452477 0.017419 -0.000000
v 1.479644 0.033269 -0.000000
v 1.505028 0.049956 0.000000
v 1.516936 0.052665 -0.000000
v 1.627187 0.070195 -0.000000
v 1.587570 0.057361 -0.000000
v 1.609261 0.059334 -0.000000
v 1.597553 0.057727 -0.000000
v 1.603181 0.057980 -0.000000
v 1.618533 0.064225 -0.000000
v 1.614432 0.061650 0.000000
v 1.622282 0.066878 -0.000000
v 1.510916 0.051654 -0.000000
v 1.492255 0.041693 -0.000000
v 1.498507 0.045991 -0.000000
v 1.501644 0.048143 -0.000000
v 1.639022 0.067516 -0.000000
v 1.654984 0.072281 -0.000000
v 1.646791 0.069944 -0.000000
v 1.643327 0.068467 -0.000000
v 1.633967 0.068235 -0.000000
v 1.700333 0.068909 -0.000000
v 1.677230 0.067598 -0.000000
v 1.753078 0.085596 -0.000000
v 1.728809 0.075080 -0.000000
v 1.787586 0.108218 -0.000000
v 1.867221 0.140426 -0.000000
v 1.885838 0.123019 -0.000000
v 1.915574 0.083201 -0.000000
v 1.940837 0.057782 -0.000000
v 1.947995 0.016882 -0.000000
v 1.950626 0.018497 -0.000000
v 1.836591 0.154310 -0.000000
v 1.772112 0.096402 -0.000000
v 1.631482 0.069188 -0.000000
v 1.636545 0.067628 -0.000000
v 1.624330 0.068370 -0.000000
v 1.630007 0.069845 -0.000000
v 1.650575 0.071894 -0.000000
v 1.652809 0.072634 -0.000000
v 1.665760 0.069118 -0.000000
v 1.671489 0.068074 -0.000000
v 1.688808 0.067790 -0.000000
v 1.683010 0.067543 -0.000000
v 1.714708 0.071360 -0.000000
v 1.707531 0.069987 -0.000000
v 1.741130 0.079921 -0.000000
v 1.764009 0.091408 -0.000000
v 1.781073 0.102830 -0.000000
v 1.799913 0.120292 -0.000000
v 1.794800 0.114893 -0.000000
v 1.812020 0.135607 -0.000000
v 1.858642 0.146333 -0.021063
v 1.849611 0.153829 -0.000000
v 1.939401 0.060542 -0.000000
v 1.942472 0.035447 -0.000000
v 1.941473 0.037612 -0.000000
v 1.946308 0.009294 -0.000000
v 1.941454 0.048493 -0.000000
v 1.940283 0.059194 -0.000000
v 1.925542 0.072002 -0.000000
v 1.920177 0.077371 -0.000000
v 1.876647 0.132172 -0.000000
v 1.641231 0.067846 -0.000000
v 1.606357 0.058522 -0.000000
v 1.611919 0.060383 -0.000000
v 1.532130 0.054203 -0.000000
v 1.817771 0.143774 0.000000
v 1.830070 0.155392 -0.000000
v 1.447284 0.001922 -0.012760
v 1.448498 0.003565 -0.012757
v 1.450926 0.005428 -0.012761
v 1.453346 0.006607 -0.012772
v 1.457434 0.008355 -0.012790
v 1.463680 0.010526 -0.012821
v 1.484351 0.015455 -0.012986
v 1.497222 0.018066 -0.013120
v 1.506634 0.019638 -0.013224
v 1.469905 0.027065 -0.002886
v 1.469717 0.027380 -0.000000
v 1.474004 0.013344 -0.012890
v 1.515850 0.021240 -0.013351
v 1.536091 0.024372 -0.013629
v 1.552934 0.026844 -0.013865
v 1.589788 0.032060 -0.014337
v 1.600070 0.033526 -0.014482
v 1.606265 0.034484 -0.014635
v 1.610155 0.035166 -0.014753
v 1.615839 0.036040 -0.014892
v 1.623229 0.037096 -0.015074
v 1.630905 0.038224 -0.015275
v 1.638126 0.039154 -0.015472
v 1.646182 0.039371 -0.015695
v 1.652167 0.039086 -0.015873
v 1.665862 0.037749 -0.016276
v 1.670792 0.037308 -0.016409
v 1.676635 0.037164 -0.016617
v 1.683977 0.037354 -0.016884
v 1.690406 0.037870 -0.017127
v 1.703415 0.039760 -0.017646
v 1.694628 0.067756 -0.006314
v 1.694580 0.068255 -0.000000
v 1.696895 0.038697 -0.017382
v 1.712017 0.041951 -0.018021
v 1.720689 0.044307 -0.018440
v 1.737226 0.050094 -0.019316
v 1.751715 0.056317 -0.020205
v 1.815917 0.096024 -0.027668
v 1.765941 0.063383 -0.021211
v 1.782095 0.072717 -0.022592
v 1.788463 0.076725 -0.023243
v 1.795422 0.081285 -0.024064
v 1.801894 0.085871 -0.024974
v 1.809676 0.091864 -0.026349
v 1.817085 0.095596 -0.027865
v 1.820627 0.092879 -0.028370
v 1.887514 0.088992 -0.030363
v 1.848374 0.136765 -0.026499
v 1.877118 0.078206 -0.030329
v 1.868601 0.076145 -0.030276
v 1.853732 0.078949 -0.030294
v 1.823071 0.108467 -0.028192
v 1.805512 0.126122 -0.006678
v 1.805036 0.126509 -0.000000
v 1.829154 0.085562 -0.029374
v 1.441262 0.004771 -0.006173
v 1.440185 0.002719 -0.006132
v 1.443723 0.007734 -0.006268
v 1.447878 0.011186 -0.006341
v 1.453929 0.014783 -0.006397
v 1.460925 0.018302 -0.006388
v 1.481075 0.028051 -0.006445
v 1.471021 0.023178 -0.006331
v 1.493773 0.034707 -0.006670
v 1.503256 0.039602 -0.006735
v 1.512731 0.042353 -0.006631
v 1.533438 0.044928 -0.006886
v 1.549295 0.046515 -0.007084
v 1.588291 0.049702 -0.007682
v 1.598316 0.050450 -0.007852
v 1.604021 0.050923 -0.007967
v 1.607525 0.051525 -0.008036
v 1.613191 0.053113 -0.008114
v 1.620120 0.056131 -0.008057
v 1.626876 0.059093 -0.007943
v 1.633514 0.059891 -0.008097
v 1.641424 0.058884 -0.008248
v 1.644160 0.059025 -0.007975
v 1.646551 0.059302 -0.007635
v 1.665366 0.059722 -0.006724
v 1.670871 0.058938 -0.006867
v 1.676889 0.058471 -0.007028
v 1.683287 0.058374 -0.007207
v 1.689363 0.058646 -0.007384
v 1.701380 0.060044 -0.007735
v 1.695379 0.059287 -0.007554
v 1.708945 0.061410 -0.007955
v 1.716417 0.062956 -0.008194
v 1.731412 0.067232 -0.008691
v 1.744737 0.071578 -0.009477
v 1.757150 0.078293 -0.009875
v 1.768371 0.084496 -0.010436
v 1.776484 0.089614 -0.010910
v 1.785464 0.096202 -0.011495
v 1.791772 0.101706 -0.011890
v 1.798883 0.108121 -0.012547
v 1.803970 0.113217 -0.013024
v 1.810828 0.121178 -0.013664
v 1.822006 0.148876 -0.006728
v 1.821320 0.149184 -0.000000
v 1.907133 0.073901 -0.030764
v 1.914574 0.066879 -0.030766
v 1.920687 0.060054 -0.030797
v 1.895717 0.110147 -0.021286
v 1.896443 0.110731 -0.000000
v 1.882901 0.096271 -0.030199
v 1.925703 0.052805 -0.030616
v 1.930668 0.044851 -0.029734
v 1.935862 0.036860 -0.028734
v 1.939667 0.035146 -0.028540
v 1.840465 0.137469 -0.025985
v 1.835614 0.101435 -0.030204
v 1.851728 0.094914 -0.030509
v 1.866830 0.093990 -0.030582
v 1.881577 0.095990 -0.030511
v 1.825578 0.106671 -0.029353
v 1.864398 0.116599 -0.029387
v 1.856661 0.115662 -0.029726
v 1.848126 0.116488 -0.029652
v 1.840750 0.117626 -0.029517
v 1.833277 0.119968 -0.029077
v 1.831003 0.122062 -0.027711
v 1.818148 0.131978 -0.013658
v 1.823238 0.140963 -0.013159
v 1.837109 0.133044 -0.026515
v 1.839310 0.131900 -0.027615
v 1.826126 0.146047 -0.013011
v 1.842369 0.131392 -0.027862
v 1.846256 0.131049 -0.027963
v 1.849039 0.130917 -0.027961
v 1.852548 0.131274 -0.027565
v 1.840669 0.158241 -0.020306
v 1.825029 0.155313 0.000000
v 1.825351 0.154974 -0.006688
v 1.826651 0.156700 -0.000000
v 1.826680 0.156312 -0.007426
v 1.840860 0.159233 -0.000000
v 1.841025 0.158725 -0.020149
v 1.841519 0.159163 -0.000000
v 1.841593 0.158395 -0.020427
v 1.840310 0.158837 -0.000000
v 1.847004 0.135517 -0.027042
v 1.845170 0.135118 -0.027230
v 1.842986 0.135302 -0.027161
v 1.828910 0.152030 -0.012567
v 1.841309 0.135764 -0.026880
v 1.838089 0.153498 -0.020456
v 1.837348 0.154777 -0.000000
v 1.835921 0.154076 -0.000000
v 1.836890 0.152566 -0.019693
v 1.837743 0.149872 -0.021402
v 1.843829 0.138859 -0.026018
v 1.846333 0.078475 -0.027618
v 1.838622 0.078263 -0.027399
v 1.831054 0.077718 -0.026201
v 1.823651 0.076289 -0.024978
v 1.816491 0.074029 -0.023476
v 1.809364 0.070796 -0.022105
v 1.802523 0.066871 -0.021098
v 1.796126 0.062210 -0.020290
v 1.790249 0.056960 -0.019635
v 1.784851 0.051172 -0.019087
v 1.780094 0.044776 -0.018621
v 1.775970 0.038065 -0.018278
v 1.772383 0.030942 -0.018039
v 1.769649 0.023545 -0.017852
v 1.767745 0.015909 -0.017679
v 1.766578 0.008078 -0.017535
v 1.924188 0.007728 -0.027734
v 1.921693 0.022000 -0.027885
v 1.918914 0.030124 -0.027949
v 1.915599 0.037083 -0.027974
v 1.911368 0.043517 -0.027750
v 1.906791 0.049678 -0.027751
v 1.901639 0.055366 -0.027745
v 1.895963 0.060555 -0.027699
v 1.889918 0.065320 -0.027439
v 1.883415 0.069436 -0.027194
v 1.876388 0.072586 -0.027404
v 1.869044 0.074954 -0.027691
v 1.861620 0.076930 -0.027649
v 1.854018 0.078085 -0.027632
v 1.846330 0.061179 -0.007982
v 1.840344 0.060864 -0.007990
v 1.834413 0.059984 -0.007956
v 1.828584 0.058567 -0.007928
v 1.822921 0.056569 -0.007903
v 1.817492 0.054011 -0.007889
v 1.812334 0.050937 -0.007872
v 1.807505 0.047357 -0.007865
v 1.803071 0.043309 -0.007872
v 1.799057 0.038845 -0.007882
v 1.795501 0.034010 -0.007891
v 1.792422 0.028864 -0.007917
v 1.789852 0.023445 -0.007928
v 1.787822 0.017799 -0.007906
v 1.786333 0.011991 -0.007855
v 1.785360 0.006065 -0.007792
v 1.906915 0.006005 -0.008093
v 1.904797 0.017064 -0.008104
v 1.902583 0.023348 -0.008108
v 1.899993 0.028730 -0.008114
v 1.896921 0.033849 -0.008114
v 1.893365 0.038645 -0.008114
v 1.889370 0.043083 -0.008110
v 1.884975 0.047130 -0.008100
v 1.880193 0.050721 -0.008083
v 1.875082 0.053826 -0.008060
v 1.869689 0.056423 -0.008025
v 1.864071 0.058505 -0.007999
v 1.858267 0.060014 -0.007945
v 1.852330 0.060928 -0.007929
v 1.838520 0.079611 -0.030133
v 1.846295 0.079268 -0.030261
v 1.862015 0.077650 -0.030270
v 1.838583 0.078916 -0.028247
v 1.846234 0.078687 -0.028092
v 1.853940 0.078307 -0.028129
v 1.861726 0.077124 -0.028124
v 1.868922 0.075305 -0.028148
v 1.877646 0.077631 -0.029003
v 1.887332 0.087808 -0.029188
v 1.891213 0.085962 -0.029244
v 1.934026 0.036349 -0.028961
v 1.929290 0.044350 -0.029026
v 1.924464 0.052399 -0.029154
v 1.919903 0.059242 -0.029389
v 1.913803 0.066156 -0.029380
v 1.906467 0.073072 -0.029366
v 1.899498 0.078924 -0.029182
v 1.895095 0.082582 -0.029131
v 1.904889 0.099041 -0.000000
v 1.892137 0.086610 -0.030446
v 1.904312 0.098610 -0.021171
v 1.907520 0.095158 -0.000000
v 1.895665 0.083621 -0.030574
v 1.906986 0.094762 -0.021149
v 1.910653 0.090429 -0.000000
v 1.900391 0.079791 -0.030714
v 1.910177 0.090078 -0.021100
v 1.947729 0.016913 -0.028049
v 1.946687 0.014598 -0.028049
v 1.946037 0.009337 -0.028049
v 1.950339 0.018574 -0.028049
v 1.900956 0.104648 -0.000000
v 1.900287 0.104136 -0.021248
v 1.665730 0.036808 -0.014830
v 1.664535 0.024995 -0.013398
v 1.828801 0.084969 -0.027372
v 1.833469 0.081964 -0.029759
v 1.833329 0.081283 -0.027782
v 1.820431 0.092248 -0.026806
v 1.817175 0.094829 -0.026517
v 1.816087 0.095093 -0.026401
v 1.810347 0.091183 -0.025155
v 1.807119 0.088959 -0.024812
v 1.791979 0.111589 -0.006602
v 1.791674 0.111917 -0.000000
v 1.806690 0.089516 -0.025777
v 1.795771 0.105293 -0.012238
v 1.801989 0.084983 -0.023715
v 1.795934 0.080810 -0.023008
v 1.788977 0.076189 -0.022115
v 1.782531 0.072072 -0.021447
v 1.758909 0.008950 -0.017653
v 1.760319 0.017315 -0.017786
v 1.762542 0.026122 -0.017974
v 1.764335 0.034405 -0.018108
v 1.764015 0.039309 -0.018028
v 1.773763 0.066646 -0.020549
v 1.760929 0.042520 -0.017843
v 1.756665 0.042803 -0.017662
v 1.758822 0.087982 -0.006478
v 1.758591 0.088411 -0.000000
v 1.773839 0.067799 -0.021847
v 1.762770 0.081381 -0.010112
v 1.766025 0.062084 -0.019682
v 1.751964 0.055273 -0.018748
v 1.745394 0.039774 -0.017006
v 1.737431 0.049039 -0.017849
v 1.735210 0.076889 -0.006377
v 1.735036 0.077331 -0.000000
v 1.744474 0.053133 -0.019744
v 1.738083 0.069390 -0.009020
v 1.745067 0.052075 -0.018219
v 1.724592 0.032695 -0.015972
v 1.720928 0.043204 -0.016974
v 1.714277 0.029651 -0.015408
v 1.712150 0.040608 -0.016470
v 1.705088 0.027768 -0.015028
v 1.703542 0.038689 -0.016110
v 1.697841 0.026583 -0.014750
v 1.697006 0.037696 -0.015950
v 1.690859 0.025587 -0.014390
v 1.690370 0.036792 -0.015623
v 1.684825 0.025232 -0.014244
v 1.684002 0.036293 -0.015363
v 1.676308 0.024795 -0.013858
v 1.676629 0.036126 -0.015085
v 1.669865 0.024884 -0.013669
v 1.670680 0.036349 -0.014902
v 1.651683 0.025904 -0.013081
v 1.652003 0.038078 -0.014452
v 1.645289 0.025863 -0.012890
v 1.645920 0.038233 -0.014134
v 1.638258 0.038007 -0.013951
v 1.638570 0.024633 -0.012601
v 1.631044 0.037055 -0.013745
v 1.632321 0.022547 -0.012427
v 1.623367 0.035961 -0.013583
v 1.625848 0.020075 -0.012275
v 1.616036 0.034864 -0.013397
v 1.618553 0.016910 -0.011987
v 1.610240 0.034062 -0.013306
v 1.612187 0.013668 -0.011892
v 1.608164 0.011270 -0.011731
v 1.606353 0.033462 -0.013209
v 1.600183 0.032472 -0.013058
v 1.602633 0.007728 -0.011651
v 1.589897 0.030819 -0.012841
v 1.600524 0.005980 -0.011573
v 1.597793 0.002986 -0.011508
v 1.553182 0.025461 -0.012375
v 1.536335 0.022946 -0.012135
v 1.515949 0.019754 -0.011765
v 1.506793 0.018380 -0.011659
v 1.497305 0.016809 -0.011560
v 1.484560 0.014329 -0.011399
v 1.474153 0.012367 -0.011366
v 1.463912 0.009724 -0.011448
v 1.457731 0.007507 -0.011280
v 1.453800 0.005815 -0.011183
v 1.451431 0.004738 -0.011324
v 1.448064 0.001839 -0.011767
v 1.449245 0.003106 -0.011455
v 1.758097 0.009014 -0.015800
v 1.759413 0.017312 -0.015971
v 1.761484 0.026204 -0.016106
v 1.763142 0.034257 -0.016150
v 1.763003 0.038986 -0.016085
v 1.760585 0.041647 -0.016094
v 1.745443 0.038856 -0.015036
v 1.724327 0.031665 -0.013958
v 1.714066 0.028802 -0.013478
v 1.704780 0.026906 -0.013101
v 1.697665 0.025760 -0.012866
v 1.690928 0.024830 -0.012443
v 1.684541 0.024412 -0.012320
v 1.676307 0.024020 -0.011911
v 1.669712 0.024106 -0.011752
v 1.664338 0.024382 -0.011655
v 1.651648 0.025149 -0.011278
v 1.645365 0.025016 -0.010977
v 1.638704 0.024031 -0.010901
v 1.632408 0.021936 -0.010689
v 1.626030 0.019425 -0.010429
v 1.618708 0.016283 -0.010173
v 1.612247 0.012798 -0.009887
v 1.608112 0.010434 -0.009760
v 1.602997 0.007268 -0.009846
v 1.600954 0.005712 -0.009944
v 1.598100 0.002611 -0.010115
v 1.846330 0.060811 -0.000000
v 1.840381 0.060503 -0.000000
v 1.834494 0.059589 -0.000000
v 1.828718 0.058129 -0.000000
v 1.823105 0.056120 -0.000000
v 1.817722 0.053577 -0.000000
v 1.812598 0.050537 -0.000000
v 1.807805 0.046994 -0.000000
v 1.803399 0.042981 -0.000000
v 1.799404 0.038560 -0.000000
v 1.795860 0.033772 -0.000000
v 1.792803 0.028660 -0.000000
v 1.790253 0.023277 -0.000000
v 1.788240 0.017672 -0.000000
v 1.786776 0.011899 -0.000000
v 1.785848 0.006013 -0.000000
v 1.906816 0.005994 -0.000000
v 1.904686 0.017033 -0.000000
v 1.902480 0.023305 -0.000000
v 1.899905 0.028682 -0.000000
v 1.896839 0.033794 -0.000000
v 1.893281 0.038576 -0.000000
v 1.889280 0.042993 -0.000000
v 1.884872 0.047005 -0.000000
v 1.880078 0.050547 -0.000000
v 1.874964 0.053607 -0.000000
v 1.869578 0.056157 -0.000000
v 1.863969 0.058171 -0.000000
v 1.858188 0.059620 -0.000000
v 1.852287 0.060513 -0.000000
v 1.923228 0.014379 -0.027699
v 1.906162 0.011188 -0.008101
v 1.906058 0.011168 -0.000000
v 1.888556 0.087876 -0.029227
v 1.887987 0.088093 -0.029235
v 1.888141 0.089042 -0.030341
v 1.888915 0.088842 -0.030356
v 1.850151 0.137068 -0.026185
v 1.848328 0.141048 -0.025185
v 1.854970 0.131332 -0.027094
v 1.846633 0.145880 -0.023669
v 1.816250 0.115606 -0.020241
v 1.829740 0.137152 -0.020936
v 1.832775 0.141843 -0.021216
v 1.823805 0.127666 -0.020457
v 1.597267 0.001825 -0.011450
v 1.597002 0.000909 -0.011463
v 1.597805 0.001680 -0.009915
v 1.597571 0.000858 -0.009943
v 1.602997 0.002421 -0.009293
v 1.602997 0.004845 -0.009342
v 1.608112 0.003476 -0.009348
v 1.608112 0.006955 -0.009360
v 1.612246 0.008532 -0.009439
v 1.612246 0.004265 -0.009436
v 1.618718 0.010854 -0.009590
v 1.618713 0.005425 -0.009585
v 1.626041 0.012952 -0.009770
v 1.626035 0.006477 -0.009763
v 1.632421 0.014625 -0.009934
v 1.632415 0.007313 -0.009925
v 1.638594 0.016021 -0.010100
v 1.638463 0.008009 -0.010085
v 1.645195 0.016678 -0.010288
v 1.645005 0.008338 -0.010270
v 1.651196 0.016767 -0.010465
v 1.650722 0.008382 -0.010438
v 1.663513 0.016254 -0.010845
v 1.662663 0.008125 -0.010805
v 1.669145 0.016071 -0.011028
v 1.668555 0.008035 -0.010996
v 1.675718 0.016014 -0.011250
v 1.675107 0.008006 -0.011216
v 1.684129 0.016275 -0.011545
v 1.683690 0.008135 -0.011516
v 1.690598 0.016553 -0.011782
v 1.690244 0.008274 -0.011755
v 1.697254 0.017173 -0.012037
v 1.696813 0.008583 -0.012004
v 1.704654 0.017939 -0.012337
v 1.704498 0.008969 -0.012312
v 1.714035 0.019204 -0.012745
v 1.713973 0.009604 -0.012719
v 1.724728 0.021110 -0.013252
v 1.725096 0.010553 -0.013241
v 1.745652 0.025906 -0.014335
v 1.745826 0.012952 -0.014311
v 1.600992 0.003732 -0.009382
v 1.600992 0.001866 -0.009317
v 1.756826 0.041807 -0.015780
v 1.598742 0.004212 -0.011521
v 1.599094 0.003892 -0.009976
v 1.598954 0.002405 -0.009524
v 1.598843 0.001225 -0.009460
v 1.600006 0.003091 -0.009425
v 1.599917 0.001545 -0.009361
v 1.599591 0.005082 -0.011526
v 1.599987 0.004793 -0.009916
v 1.816503 0.095873 -0.027760
v 1.816545 0.095182 -0.026635
v 1.815244 0.095730 -0.027494
v 1.815467 0.094878 -0.026349
v 1.835880 0.080548 -0.029984
v 1.835875 0.079927 -0.028362
v 1.873347 0.076143 -0.030370
v 1.873557 0.075306 -0.029103
v 1.947430 0.016314 -0.021359
v 1.947250 0.016344 -0.028049
v 1.947429 0.016312 -0.000000
v 1.951256 0.030300 -0.021359
v 1.951278 0.030306 -0.000000
v 1.951205 0.030217 -0.028427
v 1.951446 0.029885 -0.000000
v 1.951378 0.029831 -0.028366
v 1.951437 0.029879 -0.021359
v 1.950953 0.030701 -0.021359
v 1.950995 0.030711 -0.000000
v 1.950916 0.030574 -0.028498
v 1.948594 0.017267 -0.000000
v 1.948616 0.017281 -0.021341
v 1.948323 0.017350 -0.028049
v 1.951387 0.019497 -0.000000
v 1.951388 0.019501 -0.021615
v 1.951120 0.019562 -0.028136
v 1.447025 0.000948 -0.012747
v 1.447692 0.000933 -0.011782
v 1.942693 0.013373 -0.028697
v 1.938769 0.027470 -0.028821
v 1.937160 0.030366 -0.028866
v 1.942669 0.015118 -0.028702
v 1.940655 0.022572 -0.028745
v 1.942467 0.009072 -0.028697
v 1.942535 0.016785 -0.028707
v 1.935139 0.034036 -0.028918
v 1.942091 0.018317 -0.028712
v 1.763479 0.030236 -0.018030
v 1.762381 0.030210 -0.016040
v 1.759532 0.013126 -0.017722
v 1.758707 0.013169 -0.016009
v 1.758565 0.004480 -0.017627
v 1.757811 0.004538 -0.015913
v 1.438621 -0.004967 0.002918
v 1.437022 -0.000000 0.002856
v 1.547397 -0.054787 0.003603
v 1.441081 -0.008217 0.002928
v 1.445884 -0.012592 0.002939
v 1.437641 -0.002894 0.002978
v 1.459860 -0.021368 0.002924
v 1.452643 -0.017145 0.002936
v 1.479860 -0.032922 0.002952
v 1.505199 -0.049541 0.003043
v 1.517005 -0.052184 0.003184
v 1.627600 -0.069221 0.004345
v 1.587600 -0.056861 0.004232
v 1.609432 -0.058852 0.004669
v 1.597574 -0.057223 0.004418
v 1.603251 -0.057478 0.004542
v 1.618802 -0.063804 0.004486
v 1.614673 -0.061211 0.004634
v 1.622577 -0.066439 0.004315
v 1.511014 -0.051187 0.003105
v 1.492499 -0.041340 0.003015
v 1.498756 -0.045633 0.003055
v 1.501891 -0.047779 0.003073
v 1.639090 -0.066453 0.004958
v 1.654797 -0.071616 0.006355
v 1.647134 -0.069390 0.005816
v 1.643674 -0.067805 0.005430
v 1.633764 -0.067592 0.004754
v 1.700405 -0.068371 0.006372
v 1.677204 -0.067049 0.006334
v 1.753315 -0.085121 0.006514
v 1.728980 -0.074565 0.006444
v 1.787883 -0.107878 0.006581
v 1.866742 -0.139848 0.021037
v 1.885324 -0.122541 0.020926
v 1.915152 -0.082895 0.021070
v 1.940195 -0.057600 0.021001
v 1.945914 -0.000000 0.021346
v 1.947994 -0.016881 0.021359
v 1.950632 -0.018501 0.021359
v 1.866681 -0.117000 0.028773
v 1.837553 -0.152794 0.020357
v 1.772394 -0.095975 0.006579
v 1.631275 -0.068607 0.004511
v 1.636367 -0.066756 0.004879
v 1.624675 -0.067860 0.004268
v 1.629746 -0.069128 0.004405
v 1.650929 -0.071269 0.006176
v 1.652859 -0.071775 0.006348
v 1.665630 -0.068553 0.006340
v 1.671414 -0.067512 0.006341
v 1.688842 -0.067251 0.006347
v 1.683020 -0.067002 0.006337
v 1.714824 -0.070828 0.006406
v 1.707623 -0.069452 0.006388
v 1.741353 -0.079431 0.006479
v 1.764263 -0.090971 0.006530
v 1.781378 -0.102437 0.006611
v 1.800280 -0.119967 0.006682
v 1.795129 -0.114557 0.006662
v 1.812597 -0.135187 0.006698
v 1.849384 -0.153035 0.020859
v 1.938914 -0.060167 0.021034
v 1.942418 -0.035168 0.021185
v 1.941095 -0.037544 0.021079
v 1.946309 -0.009310 0.021359
v 1.940912 -0.048483 0.021080
v 1.939694 -0.058898 0.021007
v 1.925231 -0.071643 0.021117
v 1.919804 -0.077042 0.021095
v 1.876177 -0.131663 0.020912
v 1.641608 -0.066945 0.005243
v 1.606475 -0.058028 0.004613
v 1.612129 -0.059919 0.004676
v 1.532175 -0.053721 0.003392
v 1.818424 -0.143345 0.006785
v 1.830052 -0.154680 0.011885
v 1.858642 -0.146333 0.021063
v 1.447000 -0.000000 0.012698
v 1.447284 -0.001922 0.012760
v 1.448498 -0.003565 0.012757
v 1.450926 -0.005428 0.012761
v 1.453346 -0.006607 0.012772
v 1.457434 -0.008355 0.012790
v 1.463680 -0.010526 0.012821
v 1.484351 -0.015455 0.012986
v 1.497222 -0.018066 0.013120
v 1.506634 -0.019638 0.013224
v 1.469905 -0.027065 0.002886
v 1.474004 -0.013344 0.012890
v 1.515850 -0.021240 0.013351
v 1.536091 -0.024372 0.013629
v 1.552934 -0.026844 0.013865
v 1.589788 -0.032060 0.014337
v 1.600070 -0.033526 0.014482
v 1.606265 -0.034484 0.014635
v 1.610155 -0.035166 0.014753
v 1.615839 -0.036040 0.014892
v 1.623229 -0.037096 0.015074
v 1.630905 -0.038224 0.015275
v 1.638126 -0.039154 0.015472
v 1.646182 -0.039371 0.015695
v 1.652167 -0.039086 0.015873
v 1.665862 -0.037749 0.016276
v 1.670792 -0.037308 0.016409
v 1.676635 -0.037164 0.016617
v 1.683977 -0.037354 0.016884
v 1.690406 -0.037870 0.017127
v 1.703415 -0.039760 0.017646
v 1.694628 -0.067756 0.006314
v 1.696895 -0.038697 0.017382
v 1.712017 -0.041951 0.018021
v 1.720689 -0.044307 0.018440
v 1.737226 -0.050094 0.019316
v 1.751715 -0.056317 0.020205
v 1.815917 -0.096024 0.027668
v 1.765941 -0.063383 0.021211
v 1.782095 -0.072717 0.022592
v 1.788463 -0.076725 0.023243
v 1.795422 -0.081285 0.024064
v 1.801894 -0.085871 0.024974
v 1.809676 -0.091864 0.026349
v 1.817085 -0.095596 0.027865
v 1.820627 -0.092879 0.028370
v 1.887514 -0.088992 0.030363
v 1.848374 -0.136765 0.026499
v 1.877118 -0.078206 0.030329
v 1.868601 -0.076145 0.030276
v 1.853732 -0.078949 0.030294
v 1.823071 -0.108467 0.028192
v 1.805512 -0.126122 0.006678
v 1.829154 -0.085562 0.029374
v 1.441262 -0.004771 0.006173
v 1.440185 -0.002719 0.006132
v 1.439420 0.000000 0.005885
v 1.443723 -0.007734 0.006268
v 1.447878 -0.011186 0.006341
v 1.453929 -0.014783 0.006397
v 1.460925 -0.018302 0.006388
v 1.481075 -0.028051 0.006445
v 1.471021 -0.023178 0.006331
v 1.493773 -0.034707 0.006670
v 1.503256 -0.039602 0.006735
v 1.512731 -0.042353 0.006631
v 1.533438 -0.044928 0.006886
v 1.549295 -0.046515 0.007084
v 1.588291 -0.049702 0.007682
v 1.598316 -0.050450 0.007852
v 1.604021 -0.050923 0.007967
v 1.607525 -0.051525 0.008036
v 1.613191 -0.053113 0.008114
v 1.620120 -0.056131 0.008057
v 1.626876 -0.059093 0.007943
v 1.633514 -0.059891 0.008097
v 1.641424 -0.058884 0.008248
v 1.644160 -0.059025 0.007975
v 1.646551 -0.059302 0.007635
v 1.665366 -0.059722 0.006724
v 1.670871 -0.058938 0.006867
v 1.676889 -0.058471 0.007028
v 1.683287 -0.058374 0.007207
v 1.689363 -0.058646 0.007384
v 1.701380 -0.060044 0.007735
v 1.695379 -0.059287 0.007554
v 1.708945 -0.061410 0.007955
v 1.716417 -0.062956 0.008194
v 1.731412 -0.067232 0.008691
v 1.744737 -0.071578 0.009477
v 1.757150 -0.078293 0.009875
v 1.768371 -0.084496 0.010436
v 1.776484 -0.089614 0.010910
v 1.785464 -0.096202 0.011495
v 1.791772 -0.101706 0.011890
v 1.798883 -0.108121 0.012547
v 1.803970 -0.113217 0.013024
v 1.810828 -0.121178 0.013664
v 1.822006 -0.148876 0.006727
v 1.907133 -0.073901 0.030764
v 1.914574 -0.066879 0.030766
v 1.920687 -0.060054 0.030797
v 1.895717 -0.110147 0.021286
v 1.882901 -0.096271 0.030199
v 1.925703 -0.052805 0.030616
v 1.930668 -0.044851 0.029734
v 1.935862 -0.036860 0.028734
v 1.939667 -0.035146 0.028540
v 1.840465 -0.137469 0.025985
v 1.835614 -0.101435 0.030204
v 1.851728 -0.094914 0.030509
v 1.866830 -0.093990 0.030582
v 1.881577 -0.095990 0.030511
v 1.825578 -0.106671 0.029353
v 1.864398 -0.116599 0.029387
v 1.856661 -0.115662 0.029726
v 1.848126 -0.116488 0.029652
v 1.840750 -0.117626 0.029517
v 1.833277 -0.119968 0.029077
v 1.831003 -0.122062 0.027711
v 1.818148 -0.131978 0.013658
v 1.823238 -0.140963 0.013159
v 1.837109 -0.133044 0.026515
v 1.839310 -0.131900 0.027615
v 1.826126 -0.146047 0.013011
v 1.842369 -0.131392 0.027862
v 1.846256 -0.131049 0.027963
v 1.849039 -0.130917 0.027961
v 1.852548 -0.131274 0.027565
v 1.840669 -0.158241 0.020306
v 1.825351 -0.154974 0.006688
v 1.826680 -0.156312 0.007426
v 1.841025 -0.158725 0.020149
v 1.841593 -0.158395 0.020427
v 1.847004 -0.135517 0.027042
v 1.845170 -0.135118 0.027230
v 1.842986 -0.135302 0.027161
v 1.828910 -0.152030 0.012567
v 1.841309 -0.135764 0.026880
v 1.838089 -0.153498 0.020456
v 1.836890 -0.152566 0.019693
v 1.837743 -0.149872 0.021402
v 1.843829 -0.138859 0.026018
v 1.846333 -0.078475 0.027618
v 1.838622 -0.078263 0.027399
v 1.831054 -0.077718 0.026201
v 1.823651 -0.076289 0.024978
v 1.816491 -0.074029 0.023476
v 1.809364 -0.070796 0.022105
v 1.802523 -0.066871 0.021098
v 1.796126 -0.062210 0.020290
v 1.790249 -0.056960 0.019635
v 1.784851 -0.051172 0.019087
v 1.780094 -0.044776 0.018621
v 1.775970 -0.038065 0.018278
v 1.772383 -0.030942 0.018039
v 1.769649 -0.023545 0.017852
v 1.767745 -0.015909 0.017679
v 1.766578 -0.008078 0.017535
v 1.765808 -0.000000 0.017513
v 1.924635 -0.000000 0.027793
v 1.924188 -0.007728 0.027734
v 1.921693 -0.022000 0.027885
v 1.918914 -0.030124 0.027949
v 1.915599 -0.037083 0.027974
v 1.911368 -0.043517 0.027750
v 1.906791 -0.049678 0.027751
v 1.901639 -0.055366 0.027745
v 1.895963 -0.060555 0.027699
v 1.889918 -0.065320 0.027439
v 1.883415 -0.069435 0.027194
v 1.876388 -0.072586 0.027404
v 1.869044 -0.074954 0.027691
v 1.861620 -0.076930 0.027649
v 1.854018 -0.078085 0.027632
v 1.846330 -0.061179 0.007982
v 1.840344 -0.060864 0.007990
v 1.834413 -0.059984 0.007956
v 1.828584 -0.058567 0.007928
v 1.822921 -0.056569 0.007903
v 1.817492 -0.054011 0.007889
v 1.812334 -0.050937 0.007872
v 1.807505 -0.047357 0.007865
v 1.803071 -0.043309 0.007872
v 1.799057 -0.038845 0.007882
v 1.795501 -0.034010 0.007891
v 1.792422 -0.028864 0.007917
v 1.789852 -0.023445 0.007928
v 1.787823 -0.017799 0.007906
v 1.786333 -0.011991 0.007855
v 1.785360 -0.006065 0.007792
v 1.785021 -0.000000 0.007732
v 1.907226 0.000000 0.008082
v 1.906915 -0.006005 0.008093
v 1.904797 -0.017064 0.008104
v 1.902583 -0.023348 0.008108
v 1.899993 -0.028730 0.008114
v 1.896921 -0.033849 0.008114
v 1.893365 -0.038645 0.008114
v 1.889370 -0.043083 0.008110
v 1.884975 -0.047130 0.008100
v 1.880193 -0.050721 0.008083
v 1.875082 -0.053826 0.008060
v 1.869689 -0.056423 0.008025
v 1.864071 -0.058505 0.007999
v 1.858267 -0.060014 0.007945
v 1.852330 -0.060928 0.007929
v 1.838520 -0.079611 0.030133
v 1.846295 -0.079268 0.030261
v 1.862015 -0.077650 0.030270
v 1.838583 -0.078916 0.028247
v 1.846234 -0.078687 0.028092
v 1.853940 -0.078307 0.028129
v 1.861726 -0.077124 0.028124
v 1.868922 -0.075305 0.028148
v 1.877646 -0.077631 0.029003
v 1.887332 -0.087808 0.029188
v 1.891213 -0.085962 0.029244
v 1.934026 -0.036349 0.028961
v 1.929290 -0.044350 0.029026
v 1.924464 -0.052399 0.029154
v 1.919903 -0.059242 0.029389
v 1.913803 -0.066156 0.029380
v 1.906467 -0.073072 0.029366
v 1.899498 -0.078924 0.029182
v 1.895095 -0.082582 0.029131
v 1.892137 -0.086610 0.030446
v 1.904312 -0.098610 0.021171
v 1.895665 -0.083621 0.030574
v 1.906986 -0.094762 0.021149
v 1.900391 -0.079791 0.030714
v 1.910177 -0.090078 0.021100
v 1.945628 -0.000000 0.028049
v 1.947730 -0.016913 0.028049
v 1.946687 -0.014598 0.028049
v 1.946037 -0.009337 0.028049
v 1.950339 -0.018574 0.028049
v 1.900287 -0.104136 0.021248
v 1.665730 -0.036808 0.014830
v 1.664535 -0.024995 0.013398
v 1.828801 -0.084969 0.027372
v 1.833469 -0.081964 0.029759
v 1.833329 -0.081283 0.027782
v 1.820431 -0.092248 0.026806
v 1.817175 -0.094829 0.026517
v 1.816087 -0.095093 0.026401
v 1.810347 -0.091183 0.025155
v 1.807119 -0.088959 0.024812
v 1.791979 -0.111589 0.006602
v 1.806690 -0.089516 0.025777
v 1.795771 -0.105293 0.012238
v 1.801989 -0.084983 0.023715
v 1.795934 -0.080810 0.023007
v 1.788977 -0.076189 0.022115
v 1.782531 -0.072072 0.021447
v 1.758305 -0.000000 0.017543
v 1.758909 -0.008950 0.017653
v 1.760319 -0.017315 0.017786
v 1.762542 -0.026122 0.017974
v 1.764335 -0.034405 0.018108
v 1.764015 -0.039309 0.018028
v 1.773763 -0.066646 0.020549
v 1.760929 -0.042520 0.017843
v 1.756665 -0.042803 0.017662
v 1.758822 -0.087982 0.006478
v 1.773839 -0.067799 0.021847
v 1.762770 -0.081381 0.010112
v 1.766025 -0.062084 0.019682
v 1.751964 -0.055273 0.018748
v 1.745394 -0.039774 0.017006
v 1.737431 -0.049039 0.017849
v 1.735210 -0.076889 0.006377
v 1.744474 -0.053133 0.019744
v 1.738083 -0.069390 0.009020
v 1.745067 -0.052075 0.018219
v 1.724592 -0.032695 0.015972
v 1.720928 -0.043203 0.016974
v 1.714277 -0.029651 0.015408
v 1.712150 -0.040608 0.016470
v 1.705088 -0.027768 0.015028
v 1.703542 -0.038689 0.016110
v 1.697841 -0.026583 0.014750
v 1.697006 -0.037696 0.015950
v 1.690859 -0.025587 0.014390
v 1.690370 -0.036792 0.015623
v 1.684825 -0.025232 0.014244
v 1.684002 -0.036293 0.015363
v 1.676308 -0.024795 0.013858
v 1.676629 -0.036126 0.015085
v 1.669865 -0.024884 0.013669
v 1.670680 -0.036349 0.014902
v 1.651683 -0.025904 0.013081
v 1.652003 -0.038078 0.014452
v 1.645289 -0.025863 0.012890
v 1.645920 -0.038233 0.014134
v 1.638258 -0.038007 0.013951
v 1.638570 -0.024633 0.012601
v 1.631044 -0.037055 0.013745
v 1.632321 -0.022547 0.012427
v 1.623367 -0.035961 0.013583
v 1.625848 -0.020075 0.012275
v 1.616036 -0.034864 0.013397
v 1.618553 -0.016910 0.011987
v 1.610240 -0.034062 0.013306
v 1.612187 -0.013668 0.011892
v 1.608164 -0.011270 0.011731
v 1.606353 -0.033461 0.013209
v 1.600183 -0.032472 0.013058
v 1.602633 -0.007728 0.011651
v 1.589897 -0.030819 0.012841
v 1.590210 -0.000000 0.011901
v 1.600524 -0.005980 0.011573
v 1.596926 0.000000 0.011461
v 1.597793 -0.002986 0.011508
v 1.553182 -0.025461 0.012375
v 1.552214 -0.000000 0.011634
v 1.536758 -0.000000 0.011440
v 1.536335 -0.022946 0.012135
v 1.515949 -0.019754 0.011765
v 1.515864 -0.000000 0.011162
v 1.506793 -0.018380 0.011659
v 1.506819 -0.000000 0.011045
v 1.497305 -0.016809 0.011560
v 1.497328 -0.000000 0.010936
v 1.484560 -0.014329 0.011399
v 1.484436 -0.000000 0.010851
v 1.474153 -0.012367 0.011366
v 1.474201 -0.000000 0.010799
v 1.463912 -0.009724 0.011448
v 1.463994 -0.000000 0.010762
v 1.457731 -0.007507 0.011280
v 1.457855 -0.000000 0.010766
v 1.453800 -0.005815 0.011183
v 1.454063 -0.000000 0.010806
v 1.451431 -0.004738 0.011324
v 1.447633 -0.000000 0.011688
v 1.448064 -0.001839 0.011767
v 1.449245 -0.003106 0.011455
v 1.757622 -0.000000 0.015724
v 1.758097 -0.009014 0.015799
v 1.759413 -0.017312 0.015971
v 1.761484 -0.026204 0.016106
v 1.763142 -0.034257 0.016150
v 1.763003 -0.038986 0.016085
v 1.760585 -0.041647 0.016094
v 1.745443 -0.038856 0.015036
v 1.724327 -0.031665 0.013958
v 1.714066 -0.028802 0.013478
v 1.704780 -0.026906 0.013101
v 1.697665 -0.025760 0.012866
v 1.690928 -0.024830 0.012443
v 1.684541 -0.024412 0.012320
v 1.676307 -0.024020 0.011911
v 1.669712 -0.024106 0.011752
v 1.664338 -0.024382 0.011655
v 1.651648 -0.025149 0.011278
v 1.645365 -0.025016 0.010977
v 1.638704 -0.024031 0.010901
v 1.632408 -0.021936 0.010689
v 1.626030 -0.019425 0.010429
v 1.618708 -0.016283 0.010173
v 1.612247 -0.012798 0.009887
v 1.608112 -0.010434 0.009760
v 1.602997 -0.007268 0.009846
v 1.600954 -0.005712 0.009944
v 1.598100 -0.002611 0.010115
v 1.597494 -0.000000 0.009954
v 1.602997 -0.000000 0.009284
v 1.608112 -0.000000 0.009346
v 1.612246 -0.000000 0.009435
v 1.618708 -0.000000 0.009583
v 1.626030 -0.000000 0.009761
v 1.632408 -0.000000 0.009921
v 1.638332 -0.000000 0.010077
v 1.644816 -0.000000 0.010259
v 1.650247 -0.000000 0.010418
v 1.661812 -0.000000 0.010773
v 1.667965 -0.000000 0.010972
v 1.674496 -0.000000 0.011190
v 1.683250 -0.000000 0.011496
v 1.689890 -0.000000 0.011736
v 1.696371 -0.000000 0.011981
v 1.704342 -0.000000 0.012299
v 1.713909 -0.000000 0.012708
v 1.725463 -0.000000 0.013248
v 1.745999 -0.000000 0.014308
v 1.923228 -0.014379 0.027699
v 1.906162 -0.011188 0.008101
v 1.888556 -0.087876 0.029227
v 1.887987 -0.088093 0.029235
v 1.888141 -0.089042 0.030341
v 1.888915 -0.088842 0.030356
v 1.850151 -0.137068 0.026185
v 1.848328 -0.141048 0.025185
v 1.854970 -0.131332 0.027094
v 1.846633 -0.145880 0.023669
v 1.816250 -0.115606 0.020241
v 1.829740 -0.137152 0.020936
v 1.832775 -0.141843 0.021216
v 1.823805 -0.127666 0.020457
v 1.451898 -0.000000 0.010863
v 1.600992 -0.000000 0.009304
v 1.597267 -0.001825 0.011450
v 1.597002 -0.000909 0.011463
v 1.597805 -0.001680 0.009915
v 1.597571 -0.000858 0.009943
v 1.602997 -0.002421 0.009293
v 1.602997 -0.004845 0.009342
v 1.608112 -0.003476 0.009348
v 1.608112 -0.006955 0.009360
v 1.612246 -0.008532 0.009439
v 1.612246 -0.004265 0.009436
v 1.618718 -0.010854 0.009590
v 1.618713 -0.005425 0.009585
v 1.626041 -0.012952 0.009770
v 1.626035 -0.006477 0.009763
v 1.632421 -0.014625 0.009934
v 1.632415 -0.007313 0.009925
v 1.638594 -0.016021 0.010100
v 1.638463 -0.008009 0.010085
v 1.645195 -0.016678 0.010288
v 1.645005 -0.008338 0.010270
v 1.651196 -0.016767 0.010465
v 1.650722 -0.008382 0.010438
v 1.663513 -0.016254 0.010845
v 1.662663 -0.008125 0.010805
v 1.669145 -0.016071 0.011028
v 1.668555 -0.008035 0.010996
v 1.675718 -0.016014 0.011250
v 1.675107 -0.008006 0.011216
v 1.684129 -0.016275 0.011545
v 1.683690 -0.008135 0.011516
v 1.690598 -0.016553 0.011782
v 1.690244 -0.008274 0.011755
v 1.697254 -0.017173 0.012037
v 1.696813 -0.008583 0.012004
v 1.704654 -0.017939 0.012337
v 1.704498 -0.008969 0.012312
v 1.714035 -0.019204 0.012745
v 1.713973 -0.009604 0.012719
v 1.724728 -0.021110 0.013252
v 1.725096 -0.010553 0.013241
v 1.745652 -0.025906 0.014335
v 1.745826 -0.012952 0.014311
v 1.600992 -0.003732 0.009382
v 1.600992 -0.001866 0.009317
v 1.756826 -0.041807 0.015780
v 1.598742 -0.004212 0.011521
v 1.599094 -0.003892 0.009976
v 1.598820 -0.000000 0.009442
v 1.598954 -0.002405 0.009524
v 1.598843 -0.001225 0.009460
v 1.600006 -0.003091 0.009425
v 1.599917 -0.001545 0.009361
v 1.599591 -0.005082 0.011526
v 1.599987 -0.004793 0.009916
v 1.599906 -0.000000 0.009346
v 1.816503 -0.095873 0.027760
v 1.816545 -0.095182 0.026635
v 1.815244 -0.095730 0.027494
v 1.815467 -0.094878 0.026349
v 1.835880 -0.080548 0.029984
v 1.835875 -0.079927 0.028362
v 1.873347 -0.076143 0.030370
v 1.873557 -0.075306 0.029103
v 1.947430 -0.016314 0.021359
v 1.947250 -0.016344 0.028049
v 1.951256 -0.030300 0.021359
v 1.951205 -0.030217 0.028427
v 1.951378 -0.029831 0.028366
v 1.951437 -0.029879 0.021359
v 1.950953 -0.030701 0.021359
v 1.950916 -0.030574 0.028498
v 1.948616 -0.017281 0.021341
v 1.948323 -0.017350 0.028049
v 1.951388 -0.019501 0.021615
v 1.951120 -0.019562 0.028136
v 1.447025 -0.000948 0.012747
v 1.447692 -0.000933 0.011782
v 1.942693 -0.013373 0.028697
v 1.941986 0.000000 0.028707
v 1.938769 -0.027470 0.028821
v 1.937160 -0.030366 0.028866
v 1.942669 -0.015118 0.028702
v 1.940655 -0.022572 0.028745
v 1.942467 -0.009072 0.028697
v 1.942535 -0.016785 0.028707
v 1.935139 -0.034036 0.028918
v 1.942091 -0.018317 0.028712
v 1.763479 -0.030236 0.018030
v 1.762381 -0.030210 0.016040
v 1.759532 -0.013126 0.017722
v 1.758707 -0.013169 0.016009
v 1.758565 -0.004480 0.017627
v 1.757811 -0.004538 0.015913
v 1.438621 -0.004967 -0.002918
v 1.437022 0.000000 -0.002856
v 1.547397 -0.054787 -0.003603
v 1.441081 -0.008217 -0.002928
v 1.445884 -0.012592 -0.002939
v 1.437641 -0.002894 -0.002978
v 1.459860 -0.021368 -0.002924
v 1.452643 -0.017145 -0.002936
v 1.479860 -0.032922 -0.002952
v 1.505199 -0.049541 -0.003043
v 1.517005 -0.052184 -0.003184
v 1.627600 -0.069221 -0.004345
v 1.587600 -0.056861 -0.004232
v 1.609432 -0.058852 -0.004669
v 1.597574 -0.057223 -0.004418
v 1.603251 -0.057478 -0.004543
v 1.618802 -0.063804 -0.004486
v 1.614673 -0.061211 -0.004634
v 1.622577 -0.066439 -0.004315
v 1.511014 -0.051187 -0.003105
v 1.492499 -0.041340 -0.003016
v 1.498756 -0.045634 -0.003055
v 1.501891 -0.047779 -0.003073
v 1.639090 -0.066453 -0.004958
v 1.654797 -0.071616 -0.006355
v 1.647134 -0.069390 -0.005816
v 1.643674 -0.067805 -0.005430
v 1.633764 -0.067592 -0.004754
v 1.700405 -0.068370 -0.006372
v 1.677204 -0.067049 -0.006334
v 1.753315 -0.085121 -0.006514
v 1.728980 -0.074565 -0.006443
v 1.787883 -0.107878 -0.006581
v 1.866742 -0.139848 -0.021037
v 1.885324 -0.122541 -0.020926
v 1.915152 -0.082895 -0.021070
v 1.940195 -0.057600 -0.021001
v 1.945914 0.000000 -0.021346
v 1.947994 -0.016881 -0.021359
v 1.950632 -0.018501 -0.021359
v 1.866681 -0.117000 -0.028773
v 1.837554 -0.152794 -0.020356
v 1.772394 -0.095975 -0.006579
v 1.631275 -0.068606 -0.004510
v 1.636367 -0.066756 -0.004880
v 1.624675 -0.067860 -0.004268
v 1.629746 -0.069127 -0.004404
v 1.650929 -0.071269 -0.006176
v 1.652859 -0.071775 -0.006348
v 1.665630 -0.068553 -0.006340
v 1.671414 -0.067512 -0.006341
v 1.688842 -0.067251 -0.006347
v 1.683020 -0.067002 -0.006337
v 1.714824 -0.070828 -0.006406
v 1.707623 -0.069452 -0.006388
v 1.741353 -0.079431 -0.006479
v 1.764263 -0.090971 -0.006530
v 1.781378 -0.102437 -0.006611
v 1.800280 -0.119967 -0.006682
v 1.795129 -0.114557 -0.006662
v 1.812597 -0.135187 -0.006698
v 1.859047 -0.146970 -0.000000
v 1.849384 -0.153035 -0.020858
v 1.938914 -0.060167 -0.021034
v 1.942419 -0.035170 -0.021185
v 1.941095 -0.037544 -0.021079
v 1.946309 -0.009310 -0.021359
v 1.940912 -0.048483 -0.021080
v 1.939694 -0.058898 -0.021007
v 1.925231 -0.071643 -0.021117
v 1.919804 -0.077042 -0.021095
v 1.876177 -0.131663 -0.020912
v 1.641608 -0.066944 -0.005242
v 1.606475 -0.058028 -0.004613
v 1.612129 -0.059919 -0.004676
v 1.532175 -0.053721 -0.003392
v 1.818424 -0.143345 -0.006785
v 1.830052 -0.154679 -0.011885
v 1.436701 -0.000000 -0.000000
v 1.547359 -0.055262 -0.000000
v 1.445701 -0.012828 -0.000000
v 1.440859 -0.008418 -0.000000
v 1.438358 -0.005145 -0.000000
v 1.437337 -0.003109 -0.000000
v 1.459687 -0.021672 0.000000
v 1.452477 -0.017419 -0.000000
v 1.479644 -0.033269 -0.000000
v 1.505028 -0.049956 0.000000
v 1.516936 -0.052665 -0.000000
v 1.627187 -0.070195 -0.000000
v 1.587570 -0.057361 -0.000000
v 1.609261 -0.059334 -0.000000
v 1.597553 -0.057727 -0.000000
v 1.603181 -0.057980 -0.000000
v 1.618533 -0.064225 -0.000000
v 1.614432 -0.061650 -0.000000
v 1.622282 -0.066878 -0.000000
v 1.510916 -0.051654 -0.000000
v 1.492255 -0.041693 -0.000000
v 1.498507 -0.045991 -0.000000
v 1.501644 -0.048143 -0.000000
v 1.639022 -0.067516 -0.000000
v 1.654984 -0.072281 0.000000
v 1.646791 -0.069944 0.000000
v 1.643327 -0.068467 -0.000000
v 1.633967 -0.068235 -0.000000
v 1.700333 -0.068909 -0.000000
v 1.677230 -0.067598 -0.000000
v 1.753078 -0.085596 -0.000000
v 1.728809 -0.075080 -0.000000
v 1.787586 -0.108218 -0.000000
v 1.867221 -0.140426 0.000000
v 1.885838 -0.123019 -0.000000
v 1.915574 -0.083201 -0.000000
v 1.940837 -0.057782 -0.000000
v 1.945914 -0.000000 -0.000000
v 1.947995 -0.016882 -0.000000
v 1.950626 -0.018497 -0.000000
v 1.836591 -0.154310 -0.000000
v 1.772112 -0.096402 -0.000000
v 1.631482 -0.069188 -0.000000
v 1.636545 -0.067628 -0.000000
v 1.624330 -0.068370 -0.000000
v 1.630007 -0.069845 -0.000000
v 1.650575 -0.071894 0.000000
v 1.652809 -0.072634 -0.000000
v 1.665760 -0.069118 -0.000000
v 1.671489 -0.068074 -0.000000
v 1.688808 -0.067790 -0.000000
v 1.683010 -0.067543 -0.000000
v 1.714708 -0.071360 -0.000000
v 1.707531 -0.069987 -0.000000
v 1.741130 -0.079921 -0.000000
v 1.764009 -0.091408 -0.000000
v 1.781073 -0.102830 -0.000000
v 1.799913 -0.120292 -0.000000
v 1.794800 -0.114893 -0.000000
v 1.812020 -0.135607 -0.000000
v 1.858642 -0.146333 -0.021063
v 1.849611 -0.153829 -0.000000
v 1.939401 -0.060542 -0.000000
v 1.942472 -0.035447 -0.000000
v 1.941473 -0.037612 -0.000000
v 1.946308 -0.009294 -0.000000
v 1.941454 -0.048493 -0.000000
v 1.940283 -0.059194 -0.000000
v 1.925542 -0.072002 -0.000000
v 1.920177 -0.077371 -0.000000
v 1.876647 -0.132172 -0.000000
v 1.641231 -0.067846 -0.000000
v 1.606357 -0.058522 -0.000000
v 1.611919 -0.060383 -0.000000
v 1.532130 -0.054203 -0.000000
v 1.817771 -0.143774 -0.000000
v 1.830070 -0.155392 -0.000000
v 1.447000 -0.000000 -0.012698
v 1.447284 -0.001922 -0.012760
v 1.448498 -0.003565 -0.012757
v 1.450926 -0.005428 -0.012761
v 1.453346 -0.006607 -0.012772
v 1.457434 -0.008355 -0.012790
v 1.463680 -0.010526 -0.012821
v 1.484351 -0.015455 -0.012986
v 1.497222 -0.018066 -0.013120
v 1.506634 -0.019638 -0.013224
v 1.469905 -0.027065 -0.002886
v 1.469717 -0.027380 -0.000000
v 1.474004 -0.013344 -0.012890
v 1.515850 -0.021240 -0.013351
v 1.536091 -0.024372 -0.013629
v 1.552934 -0.026844 -0.013865
v 1.589788 -0.032060 -0.014337
v 1.600070 -0.033526 -0.014482
v 1.606265 -0.034484 -0.014635
v 1.610155 -0.035166 -0.014753
v 1.615839 -0.036040 -0.014892
v 1.623229 -0.037096 -0.015074
v 1.630905 -0.038224 -0.015275
v 1.638126 -0.039154 -0.015472
v 1.646182 -0.039371 -0.015695
v 1.652167 -0.039086 -0.015873
v 1.665862 -0.037749 -0.016276
v 1.670792 -0.037308 -0.016409
v 1.676635 -0.037164 -0.016617
v 1.683977 -0.037354 -0.016884
v 1.690406 -0.037870 -0.017127
v 1.703415 -0.039760 -0.017646
v 1.694628 -0.067756 -0.006314
v 1.694580 -0.068255 0.000000
v 1.696895 -0.038697 -0.017382
v 1.712017 -0.041951 -0.018021
v 1.720689 -0.044307 -0.018440
v 1.737226 -0.050094 -0.019316
v 1.751715 -0.056317 -0.020205
v 1.815917 -0.096024 -0.027668
v 1.765941 -0.063383 -0.021211
v 1.782095 -0.072717 -0.022592
v 1.788463 -0.076725 -0.023243
v 1.795422 -0.081285 -0.024064
v 1.801894 -0.085871 -0.024974
v 1.809676 -0.091864 -0.026349
v 1.817085 -0.095596 -0.027865
v 1.820627 -0.092878 -0.028370
v 1.887514 -0.088992 -0.030363
v 1.848374 -0.136766 -0.026503
v 1.877118 -0.078206 -0.030329
v 1.868601 -0.076145 -0.030276
v 1.853732 -0.078949 -0.030294
v 1.823071 -0.108467 -0.028192
v 1.805512 -0.126122 -0.006678
v 1.805036 -0.126509 -0.000000
v 1.829154 -0.085562 -0.029374
v 1.441262 -0.004771 -0.006173
v 1.440185 -0.002719 -0.006132
v 1.439420 0.000000 -0.005885
v 1.443723 -0.007734 -0.006268
v 1.447878 -0.011186 -0.006341
v 1.453929 -0.014783 -0.006397
v 1.460925 -0.018302 -0.006388
v 1.481075 -0.028051 -0.006445
v 1.471021 -0.023178 -0.006331
v 1.493773 -0.034707 -0.006670
v 1.503256 -0.039602 -0.006735
v 1.512731 -0.042353 -0.006631
v 1.533438 -0.044928 -0.006886
v 1.549295 -0.046515 -0.007084
v 1.588291 -0.049702 -0.007682
v 1.598316 -0.050450 -0.007852
v 1.604021 -0.050923 -0.007967
v 1.607525 -0.051525 -0.008036
v 1.613191 -0.053113 -0.008114
v 1.620120 -0.056131 -0.008057
v 1.626876 -0.059093 -0.007943
v 1.633514 -0.059891 -0.008097
v 1.641424 -0.058884 -0.008248
v 1.644160 -0.059025 -0.007975
v 1.646551 -0.059302 -0.007635
v 1.665366 -0.059722 -0.006724
v 1.670871 -0.058938 -0.006867
v 1.676889 -0.058471 -0.007028
v 1.683287 -0.058374 -0.007207
v 1.689363 -0.058646 -0.007384
v 1.701380 -0.060044 -0.007735
v 1.695379 -0.059287 -0.007554
v 1.708945 -0.061410 -0.007955
v 1.716417 -0.062956 -0.008194
v 1.731412 -0.067232 -0.008691
v 1.744737 -0.071578 -0.009477
v 1.757150 -0.078293 -0.009875
v 1.768371 -0.084496 -0.010436
v 1.776484 -0.089614 -0.010910
v 1.785464 -0.096202 -0.011495
v 1.791772 -0.101706 -0.011890
v 1.798883 -0.108121 -0.012547
v 1.803970 -0.113217 -0.013024
v 1.810828 -0.121178 -0.013664
v 1.822006 -0.148876 -0.006727
v 1.821320 -0.149184 -0.000000
v 1.907133 -0.073901 -0.030763
v 1.914574 -0.066879 -0.030766
v 1.920687 -0.060054 -0.030797
v 1.895717 -0.110147 -0.021286
v 1.896443 -0.110731 -0.000000
v 1.882901 -0.096271 -0.030199
v 1.925703 -0.052805 -0.030616
v 1.930668 -0.044851 -0.029734
v 1.935862 -0.036860 -0.028734
v 1.939666 -0.035145 -0.028539
v 1.840465 -0.137468 -0.025984
v 1.835614 -0.101435 -0.030204
v 1.851728 -0.094914 -0.030509
v 1.866830 -0.093990 -0.030582
v 1.881577 -0.095990 -0.030511
v 1.825578 -0.106671 -0.029353
v 1.864398 -0.116599 -0.029387
v 1.856661 -0.115662 -0.029726
v 1.848126 -0.116488 -0.029652
v 1.840750 -0.117626 -0.029517
v 1.833277 -0.119968 -0.029078
v 1.831003 -0.122062 -0.027711
v 1.818148 -0.131978 -0.013658
v 1.823238 -0.140963 -0.013159
v 1.837110 -0.133043 -0.026513
v 1.839309 -0.131901 -0.027617
v 1.826126 -0.146047 -0.013011
v 1.842369 -0.131393 -0.027863
v 1.846256 -0.131049 -0.027964
v 1.849039 -0.130917 -0.027962
v 1.852548 -0.131275 -0.027567
v 1.840669 -0.158241 -0.020306
v 1.825029 -0.155313 -0.000000
v 1.825351 -0.154974 -0.006688
v 1.826651 -0.156700 -0.000000
v 1.826680 -0.156312 -0.007426
v 1.840860 -0.159233 -0.000000
v 1.841025 -0.158725 -0.020149
v 1.841519 -0.159163 -0.000000
v 1.841593 -0.158395 -0.020427
v 1.840310 -0.158837 -0.000000
v 1.847004 -0.135518 -0.027045
v 1.845170 -0.135119 -0.027233
v 1.842986 -0.135303 -0.027164
v 1.828910 -0.152030 -0.012567
v 1.841309 -0.135765 -0.026882
v 1.838089 -0.153498 -0.020456
v 1.837348 -0.154777 -0.000000
v 1.835921 -0.154076 -0.000000
v 1.836890 -0.152566 -0.019693
v 1.837743 -0.149872 -0.021402
v 1.843829 -0.138860 -0.026022
v 1.846333 -0.078475 -0.027618
v 1.838622 -0.078263 -0.027399
v 1.831054 -0.077718 -0.026201
v 1.823651 -0.076289 -0.024978
v 1.816491 -0.074029 -0.023476
v 1.809364 -0.070796 -0.022105
v 1.802523 -0.066871 -0.021098
v 1.796126 -0.062210 -0.020290
v 1.790249 -0.056960 -0.019635
v 1.784851 -0.051172 -0.019087
v 1.780094 -0.044776 -0.018621
v 1.775970 -0.038065 -0.018278
v 1.772383 -0.030942 -0.018039
v 1.769649 -0.023545 -0.017852
v 1.767745 -0.015909 -0.017679
v 1.766578 -0.008078 -0.017535
v 1.765808 -0.000000 -0.017513
v 1.924635 -0.000000 -0.027793
v 1.924188 -0.007728 -0.027734
v 1.921693 -0.022000 -0.027885
v 1.918914 -0.030124 -0.027949
v 1.915599 -0.037083 -0.027974
v 1.911368 -0.043517 -0.027750
v 1.906791 -0.049679 -0.027751
v 1.901639 -0.055366 -0.027745
v 1.895963 -0.060555 -0.027699
v 1.889918 -0.065320 -0.027439
v 1.883415 -0.069435 -0.027194
v 1.876388 -0.072586 -0.027404
v 1.869044 -0.074955 -0.027691
v 1.861620 -0.076930 -0.027649
v 1.854018 -0.078085 -0.027632
v 1.846330 -0.061179 -0.007982
v 1.840344 -0.060864 -0.007990
v 1.834413 -0.059984 -0.007956
v 1.828585 -0.058567 -0.007928
v 1.822921 -0.056569 -0.007903
v 1.817492 -0.054011 -0.007889
v 1.812334 -0.050937 -0.007872
v 1.807505 -0.047357 -0.007865
v 1.803071 -0.043309 -0.007872
v 1.799057 -0.038845 -0.007882
v 1.795501 -0.034010 -0.007891
v 1.792422 -0.028864 -0.007917
v 1.789852 -0.023445 -0.007928
v 1.787823 -0.017799 -0.007906
v 1.786333 -0.011991 -0.007855
v 1.785360 -0.006065 -0.007792
v 1.785021 -0.000000 -0.007732
v 1.907226 -0.000000 -0.008082
v 1.906915 -0.006005 -0.008093
v 1.904797 -0.017064 -0.008104
v 1.902583 -0.023348 -0.008108
v 1.899993 -0.028730 -0.008114
v 1.896921 -0.033849 -0.008114
v 1.893365 -0.038645 -0.008114
v 1.889370 -0.043083 -0.008110
v 1.884975 -0.047130 -0.008100
v 1.880193 -0.050721 -0.008083
v 1.875082 -0.053826 -0.008060
v 1.869689 -0.056423 -0.008025
v 1.864071 -0.058505 -0.007999
v 1.858267 -0.060014 -0.007945
v 1.852330 -0.060928 -0.007929
v 1.838520 -0.079611 -0.030133
v 1.846295 -0.079268 -0.030261
v 1.862015 -0.077650 -0.030270
v 1.838583 -0.078916 -0.028247
v 1.846234 -0.078687 -0.028092
v 1.853940 -0.078307 -0.028129
v 1.861726 -0.077124 -0.028124
v 1.868922 -0.075306 -0.028148
v 1.877646 -0.077631 -0.029003
v 1.887332 -0.087808 -0.029188
v 1.891213 -0.085962 -0.029244
v 1.934026 -0.036349 -0.028961
v 1.929290 -0.044350 -0.029026
v 1.924464 -0.052399 -0.029154
v 1.919903 -0.059242 -0.029389
v 1.913803 -0.066156 -0.029380
v 1.906467 -0.073072 -0.029366
v 1.899498 -0.078924 -0.029182
v 1.895095 -0.082582 -0.029131
v 1.904889 -0.099041 -0.000000
v 1.892137 -0.086610 -0.030446
v 1.904312 -0.098610 -0.021171
v 1.907520 -0.095158 -0.000000
v 1.895665 -0.083621 -0.030574
v 1.906986 -0.094762 -0.021149
v 1.910653 -0.090429 -0.000000
v 1.900391 -0.079791 -0.030714
v 1.910177 -0.090078 -0.021100
v 1.945628 -0.000000 -0.028049
v 1.947729 -0.016913 -0.028049
v 1.946687 -0.014598 -0.028049
v 1.946037 -0.009337 -0.028049
v 1.950339 -0.018574 -0.028049
v 1.900956 -0.104648 -0.000000
v 1.900287 -0.104136 -0.021248
v 1.665730 -0.036808 -0.014830
v 1.664535 -0.024995 -0.013398
v 1.828801 -0.084969 -0.027372
v 1.833469 -0.081964 -0.029759
v 1.833329 -0.081283 -0.027781
v 1.820431 -0.092248 -0.026806
v 1.817175 -0.094829 -0.026517
v 1.816087 -0.095093 -0.026401
v 1.810347 -0.091183 -0.025155
v 1.807119 -0.088959 -0.024812
v 1.791979 -0.111589 -0.006602
v 1.791674 -0.111917 -0.000000
v 1.806690 -0.089516 -0.025777
v 1.795771 -0.105293 -0.012238
v 1.801989 -0.084983 -0.023715
v 1.795934 -0.080810 -0.023008
v 1.788977 -0.076189 -0.022115
v 1.782531 -0.072072 -0.021447
v 1.758305 -0.000000 -0.017543
v 1.758909 -0.008950 -0.017653
v 1.760319 -0.017315 -0.017786
v 1.762542 -0.026122 -0.017974
v 1.764335 -0.034405 -0.018108
v 1.764016 -0.039309 -0.018028
v 1.773763 -0.066645 -0.020549
v 1.760929 -0.042520 -0.017843
v 1.756665 -0.042803 -0.017662
v 1.758822 -0.087982 -0.006478
v 1.758591 -0.088411 -0.000000
v 1.773839 -0.067799 -0.021847
v 1.762770 -0.081381 -0.010112
v 1.766025 -0.062084 -0.019683
v 1.751964 -0.055273 -0.018748
v 1.745394 -0.039774 -0.017006
v 1.737431 -0.049039 -0.017849
v 1.735210 -0.076889 -0.006377
v 1.735036 -0.077331 -0.000000
v 1.744474 -0.053133 -0.019744
v 1.738083 -0.069390 -0.009020
v 1.745067 -0.052075 -0.018219
v 1.724592 -0.032695 -0.015972
v 1.720928 -0.043204 -0.016974
v 1.714277 -0.029651 -0.015408
v 1.712150 -0.040608 -0.016470
v 1.705088 -0.027768 -0.015028
v 1.703542 -0.038689 -0.016110
v 1.697841 -0.026583 -0.014750
v 1.697006 -0.037696 -0.015950
v 1.690859 -0.025587 -0.014390
v 1.690370 -0.036792 -0.015623
v 1.684825 -0.025232 -0.014244
v 1.684002 -0.036293 -0.015363
v 1.676308 -0.024795 -0.013858
v 1.676629 -0.036126 -0.015085
v 1.669865 -0.024884 -0.013669
v 1.670680 -0.036349 -0.014902
v 1.651683 -0.025904 -0.013081
v 1.652003 -0.038078 -0.014452
v 1.645289 -0.025863 -0.012890
v 1.645920 -0.038233 -0.014134
v 1.638258 -0.038007 -0.013951
v 1.638570 -0.024633 -0.012601
v 1.631044 -0.037055 -0.013745
v 1.632321 -0.022547 -0.012427
v 1.623367 -0.035961 -0.013583
v 1.625848 -0.020075 -0.012275
v 1.616036 -0.034864 -0.013397
v 1.618553 -0.016910 -0.011987
v 1.610240 -0.034062 -0.013306
v 1.612187 -0.013668 -0.011892
v 1.608164 -0.011270 -0.011731
v 1.606353 -0.033461 -0.013209
v 1.600183 -0.032472 -0.013058
v 1.602633 -0.007728 -0.011650
v 1.589897 -0.030819 -0.012841
v 1.590210 -0.000000 -0.011901
v 1.600524 -0.005980 -0.011573
v 1.596926 -0.000000 -0.011461
v 1.597793 -0.002986 -0.011508
v 1.553182 -0.025461 -0.012375
v 1.552214 -0.000000 -0.011634
v 1.536758 -0.000000 -0.011440
v 1.536335 -0.022946 -0.012135
v 1.515949 -0.019754 -0.011765
v 1.515864 -0.000000 -0.011162
v 1.506793 -0.018381 -0.011659
v 1.506819 -0.000000 -0.011045
v 1.497305 -0.016809 -0.011560
v 1.497328 0.000000 -0.010936
v 1.484560 -0.014329 -0.011399
v 1.484436 -0.000000 -0.010851
v 1.474153 -0.012367 -0.011366
v 1.474201 -0.000000 -0.010799
v 1.463912 -0.009724 -0.011448
v 1.463994 -0.000000 -0.010762
v 1.457731 -0.007507 -0.011280
v 1.457855 -0.000000 -0.010766
v 1.453800 -0.005815 -0.011183
v 1.454063 -0.000000 -0.010806
v 1.451431 -0.004738 -0.011324
v 1.447633 0.000000 -0.011688
v 1.448064 -0.001839 -0.011767
v 1.449245 -0.003106 -0.011455
v 1.757622 0.000000 -0.015724
v 1.758097 -0.009014 -0.015800
v 1.759414 -0.017312 -0.015971
v 1.761484 -0.026204 -0.016106
v 1.763142 -0.034257 -0.016150
v 1.763003 -0.038986 -0.016085
v 1.760585 -0.041647 -0.016094
v 1.745443 -0.038856 -0.015036
v 1.724327 -0.031665 -0.013958
v 1.714066 -0.028802 -0.013478
v 1.704780 -0.026906 -0.013101
v 1.697665 -0.025760 -0.012866
v 1.690928 -0.024830 -0.012443
v 1.684541 -0.024412 -0.012320
v 1.676307 -0.024020 -0.011911
v 1.669712 -0.024106 -0.011752
v 1.664338 -0.024382 -0.011655
v 1.651648 -0.025149 -0.011278
v 1.645365 -0.025016 -0.010977
v 1.638704 -0.024031 -0.010901
v 1.632408 -0.021936 -0.010689
v 1.626030 -0.019425 -0.010429
v 1.618708 -0.016283 -0.010173
v 1.612246 -0.012798 -0.009887
v 1.608112 -0.010434 -0.009760
v 1.602997 -0.007268 -0.009846
v 1.600954 -0.005712 -0.009944
v 1.598100 -0.002611 -0.010115
v 1.597494 -0.000000 -0.009954
v 1.602997 -0.000000 -0.009284
v 1.608112 -0.000000 -0.009346
v 1.612246 -0.000000 -0.009435
v 1.618708 -0.000000 -0.009583
v 1.626030 -0.000000 -0.009761
v 1.632408 -0.000000 -0.009921
v 1.638332 -0.000000 -0.010077
v 1.644816 -0.000000 -0.010259
v 1.650247 -0.000000 -0.010418
v 1.661812 -0.000000 -0.010773
v 1.667965 -0.000000 -0.010972
v 1.674496 -0.000000 -0.011190
v 1.683250 -0.000000 -0.011496
v 1.689890 -0.000000 -0.011736
v 1.696371 0.000000 -0.011981
v 1.704342 -0.000000 -0.012299
v 1.713909 -0.000000 -0.012708
v 1.725463 -0.000000 -0.013248
v 1.745999 -0.000000 -0.014308
v 1.846330 -0.060811 -0.000000
v 1.840381 -0.060503 -0.000000
v 1.834494 -0.059589 -0.000000
v 1.828718 -0.058129 -0.000000
v 1.823105 -0.056120 -0.000000
v 1.817722 -0.053577 -0.000000
v 1.812598 -0.050537 -0.000000
v 1.807805 -0.046994 -0.000000
v 1.803399 -0.042981 -0.000000
v 1.799404 -0.038560 -0.000000
v 1.795860 -0.033772 -0.000000
v 1.792803 -0.028660 -0.000000
v 1.790253 -0.023277 -0.000000
v 1.788240 -0.017672 -0.000000
v 1.786776 -0.011899 -0.000000
v 1.785848 -0.006013 -0.000000
v 1.785520 -0.000000 -0.000000
v 1.907125 -0.000000 -0.000000
v 1.906816 -0.005994 -0.000000
v 1.904686 -0.017033 -0.000000
v 1.902480 -0.023305 -0.000000
v 1.899905 -0.028682 -0.000000
v 1.896839 -0.033794 -0.000000
v 1.893281 -0.038576 -0.000000
v 1.889280 -0.042993 -0.000000
v 1.884872 -0.047005 -0.000000
v 1.880078 -0.050547 -0.000000
v 1.874964 -0.053607 -0.000000
v 1.869578 -0.056157 -0.000000
v 1.863969 -0.058171 -0.000000
v 1.858188 -0.059620 -0.000000
v 1.852287 -0.060513 -0.000000
v 1.923228 -0.014379 -0.027699
v 1.906162 -0.011188 -0.008101
v 1.906058 -0.011168 -0.000000
v 1.888556 -0.087876 -0.029227
v 1.887987 -0.088093 -0.029235
v 1.888141 -0.089042 -0.030341
v 1.888915 -0.088842 -0.030356
v 1.850151 -0.137069 -0.026189
v 1.848329 -0.141049 -0.025189
v 1.854971 -0.131332 -0.027096
v 1.846633 -0.145881 -0.023670
v 1.816250 -0.115606 -0.020241
v 1.829740 -0.137152 -0.020936
v 1.832775 -0.141843 -0.021217
v 1.823805 -0.127666 -0.020457
v 1.451898 -0.000000 -0.010863
v 1.600992 -0.000000 -0.009304
v 1.597267 -0.001825 -0.011450
v 1.597002 -0.000909 -0.011463
v 1.597805 -0.001680 -0.009915
v 1.597571 -0.000858 -0.009943
v 1.602997 -0.002421 -0.009293
v 1.602997 -0.004845 -0.009342
v 1.608112 -0.003476 -0.009348
v 1.608112 -0.006955 -0.009360
v 1.612246 -0.008532 -0.009439
v 1.612246 -0.004265 -0.009436
v 1.618718 -0.010854 -0.009590
v 1.618713 -0.005425 -0.009585
v 1.626041 -0.012952 -0.009770
v 1.626035 -0.006477 -0.009763
v 1.632421 -0.014625 -0.009934
v 1.632415 -0.007313 -0.009925
v 1.638594 -0.016021 -0.010100
v 1.638463 -0.008009 -0.010085
v 1.645195 -0.016678 -0.010288
v 1.645005 -0.008338 -0.010270
v 1.651196 -0.016767 -0.010465
v 1.650722 -0.008382 -0.010438
v 1.663513 -0.016254 -0.010845
v 1.662663 -0.008125 -0.010805
v 1.669145 -0.016071 -0.011028
v 1.668555 -0.008035 -0.010996
v 1.675718 -0.016014 -0.011250
v 1.675107 -0.008006 -0.011216
v 1.684129 -0.016275 -0.011545
v 1.683690 -0.008135 -0.011516
v 1.690598 -0.016553 -0.011782
v 1.690244 -0.008274 -0.011755
v 1.697254 -0.017173 -0.012037
v 1.696813 -0.008583 -0.012004
v 1.704654 -0.017939 -0.012337
v 1.704498 -0.008969 -0.012312
v 1.714035 -0.019204 -0.012745
v 1.713973 -0.009604 -0.012719
v 1.724728 -0.021110 -0.013252
v 1.725096 -0.010553 -0.013241
v 1.745652 -0.025906 -0.014335
v 1.745826 -0.012952 -0.014311
v 1.600992 -0.003732 -0.009382
v 1.600992 -0.001866 -0.009317
v 1.756826 -0.041807 -0.015780
v 1.598742 -0.004212 -0.011521
v 1.599094 -0.003892 -0.009976
v 1.598820 -0.000000 -0.009442
v 1.598954 -0.002405 -0.009524
v 1.598843 -0.001225 -0.009460
v 1.600006 -0.003091 -0.009425
v 1.599917 -0.001545 -0.009361
v 1.599591 -0.005082 -0.011526
v 1.599987 -0.004793 -0.009916
v 1.599906 -0.000000 -0.009346
v 1.816503 -0.095873 -0.027760
v 1.816545 -0.095182 -0.026635
v 1.815244 -0.095730 -0.027494
v 1.815467 -0.094878 -0.026349
v 1.835880 -0.080548 -0.029984
v 1.835875 -0.079927 -0.028362
v 1.873347 -0.076143 -0.030370
v 1.873557 -0.075306 -0.029103
v 1.947430 -0.016314 -0.021359
v 1.947250 -0.016344 -0.028049
v 1.947429 -0.016312 -0.000000
v 1.951256 -0.030300 -0.021359
v 1.951278 -0.030306 -0.000000
v 1.951205 -0.030217 -0.028427
v 1.951446 -0.029885 -0.000000
v 1.951378 -0.029831 -0.028366
v 1.951437 -0.029879 -0.021359
v 1.950953 -0.030701 -0.021359
v 1.950995 -0.030711 -0.000000
v 1.950916 -0.030574 -0.028498
v 1.948594 -0.017267 -0.000000
v 1.948616 -0.017281 -0.021341
v 1.948323 -0.017350 -0.028049
v 1.951387 -0.019497 -0.000000
v 1.951388 -0.019501 -0.021615
v 1.951120 -0.019562 -0.028136
v 1.447025 -0.000948 -0.012747
v 1.447692 -0.000933 -0.011782
v 1.942693 -0.013373 -0.028697
v 1.941986 0.000000 -0.028707
v 1.938769 -0.027470 -0.028821
v 1.937160 -0.030366 -0.028866
v 1.942669 -0.015118 -0.028701
v 1.940655 -0.022572 -0.028745
v 1.942466 -0.009072 -0.028697
v 1.942535 -0.016785 -0.028706
v 1.935136 -0.034034 -0.028918
v 1.942091 -0.018317 -0.028712
v 1.763480 -0.030236 -0.018030
v 1.762381 -0.030210 -0.016040
v 1.759532 -0.013126 -0.017722
v 1.758707 -0.013169 -0.016009
v 1.758565 -0.004480 -0.017627
v 1.757811 -0.004538 -0.015913
v 2.296505 0.002598 0.021072
v 2.299612 0.002805 0.024344
v 2.302732 0.003012 0.021006
v 2.295754 0.007712 0.021086
v 2.298821 0.008361 0.024342
v 2.301853 0.009005 0.020991
v 2.294328 0.012685 0.021086
v 2.297274 0.013754 0.024342
v 2.300187 0.014814 0.020991
v 2.292226 0.017404 0.021086
v 2.294992 0.018879 0.024342
v 2.297729 0.020334 0.020991
v 2.289482 0.021797 0.021086
v 2.292020 0.023637 0.024342
v 2.294527 0.025459 0.020991
v 2.286161 0.025754 0.021086
v 2.288413 0.027934 0.024342
v 2.290643 0.030088 0.020991
v 2.282317 0.029216 0.021086
v 2.284244 0.031688 0.024342
v 2.286152 0.034131 0.020991
v 2.278023 0.032113 0.021086
v 2.279593 0.034826 0.024342
v 2.281143 0.037510 0.020991
v 2.273380 0.034377 0.021086
v 2.274550 0.037285 0.024342
v 2.275712 0.040159 0.020991
v 2.268453 0.035978 0.021086
v 2.269215 0.039019 0.024342
v 2.269965 0.042032 0.020991
v 2.263359 0.036876 0.021086
v 2.263690 0.039993 0.024342
v 2.264011 0.043121 0.020992
v 2.258196 0.037056 0.021086
v 2.258083 0.040189 0.024342
v 2.257957 0.043412 0.020997
v 2.253044 0.036515 0.021086
v 2.252493 0.039612 0.024351
v 2.251917 0.042871 0.021005
v 2.248017 0.035229 0.021106
v 2.247295 0.038232 0.024161
v 2.246500 0.040937 0.021158
v 2.243289 0.033136 0.021180
v 2.242704 0.034987 0.023321
v 2.240915 0.037499 0.018239
v 2.238939 0.030425 0.021356
v 2.238261 0.031540 0.022943
v 2.237091 0.033189 0.020033
v 2.234859 0.027322 0.022019
v 2.234155 0.028101 0.022995
v 2.233109 0.029243 0.021517
v 2.231112 0.023784 0.022844
v 2.230176 0.024543 0.023630
v 2.229052 0.025445 0.022489
v 2.227867 0.019750 0.023452
v 2.226021 0.020786 0.024708
v 2.224704 0.021577 0.023634
v 2.225176 0.015386 0.023847
v 2.222628 0.016427 0.025353
v 2.220680 0.017070 0.024477
v 2.223544 0.010411 0.022702
v 2.220772 0.011072 0.024537
v 2.218107 0.011955 0.023740
v 2.222362 0.005223 0.022567
v 2.219569 0.005610 0.024321
v 2.216954 0.005975 0.023714
v 2.221996 0.000005 0.022567
v 2.219178 -0.000000 0.024324
v 2.216554 -0.000000 0.023721
v 2.296576 0.000000 0.021043
v 2.299703 0.000000 0.024344
v 2.302813 -0.000000 0.021042
v 2.296505 -0.002598 0.021072
v 2.299612 -0.002805 0.024344
v 2.302732 -0.003013 0.021006
v 2.295754 -0.007712 0.021086
v 2.298821 -0.008361 0.024342
v 2.301853 -0.009005 0.020991
v 2.294328 -0.012685 0.021086
v 2.297274 -0.013754 0.024342
v 2.300187 -0.014814 0.020991
v 2.292226 -0.017404 0.021086
v 2.294992 -0.018879 0.024342
v 2.297729 -0.020334 0.020991
v 2.289482 -0.021797 0.021086
v 2.292020 -0.023637 0.024342
v 2.294527 -0.025459 0.020991
v 2.286156 -0.025759 0.021086
v 2.288413 -0.027934 0.024342
v 2.290643 -0.030088 0.020991
v 2.282317 -0.029216 0.021086
v 2.284244 -0.031688 0.024342
v 2.286152 -0.034131 0.020991
v 2.278029 -0.032109 0.021086
v 2.279593 -0.034826 0.024342
v 2.281143 -0.037510 0.020991
v 2.273380 -0.034377 0.021086
v 2.274550 -0.037285 0.024342
v 2.275712 -0.040159 0.020991
v 2.268460 -0.035976 0.021086
v 2.269215 -0.039019 0.024342
v 2.269965 -0.042032 0.020991
v 2.263359 -0.036876 0.021086
v 2.263690 -0.039993 0.024342
v 2.264011 -0.043121 0.020992
v 2.258189 -0.037056 0.021086
v 2.258083 -0.040189 0.024342
v 2.257957 -0.043412 0.020997
v 2.253044 -0.036515 0.021086
v 2.252493 -0.039612 0.024351
v 2.251917 -0.042871 0.021005
v 2.248017 -0.035229 0.021106
v 2.247295 -0.038232 0.024161
v 2.246500 -0.040937 0.021158
v 2.243289 -0.033136 0.021180
v 2.242704 -0.034987 0.023321
v 2.240915 -0.037499 0.018239
v 2.238939 -0.030425 0.021356
v 2.238261 -0.031540 0.022943
v 2.237091 -0.033189 0.020033
v 2.234859 -0.027322 0.022019
v 2.234155 -0.028101 0.022995
v 2.233109 -0.029243 0.021517
v 2.231112 -0.023784 0.022844
v 2.230176 -0.024543 0.023630
v 2.229052 -0.025445 0.022489
v 2.227867 -0.019750 0.023452
v 2.226021 -0.020786 0.024708
v 2.224704 -0.021577 0.023634
v 2.225176 -0.015386 0.023847
v 2.222628 -0.016427 0.025353
v 2.220680 -0.017070 0.024477
v 2.223544 -0.010411 0.022702
v 2.220772 -0.011072 0.024537
v 2.218107 -0.011955 0.023740
v 2.222360 -0.005212 0.022567
v 2.219569 -0.005610 0.024321
v 2.216954 -0.005975 0.023714
v 2.292923 0.002353 0.000000
v 2.296505 0.002598 -0.021072
v 2.299612 0.002805 -0.024344
v 2.302732 0.003013 -0.021006
v 2.292242 0.006957 0.000000
v 2.295754 0.007712 -0.021086
v 2.298821 0.008361 -0.024342
v 2.301853 0.009005 -0.020991
v 2.290951 0.011458 0.000000
v 2.294328 0.012685 -0.021086
v 2.297274 0.013754 -0.024342
v 2.300187 0.014814 -0.020991
v 2.289051 0.015726 0.000000
v 2.292226 0.017404 -0.021086
v 2.294992 0.018879 -0.024342
v 2.297729 0.020334 -0.020991
v 2.286574 0.019687 0.000000
v 2.289482 0.021797 -0.021086
v 2.292020 0.023637 -0.024342
v 2.294527 0.025459 -0.020991
v 2.283578 0.023258 0.000000
v 2.286156 0.025759 -0.021086
v 2.288413 0.027934 -0.024342
v 2.290643 0.030088 -0.020991
v 2.280098 0.026391 0.000000
v 2.282317 0.029216 -0.021086
v 2.284244 0.031688 -0.024342
v 2.286152 0.034131 -0.020991
v 2.276234 0.028997 0.000000
v 2.278029 0.032109 -0.021086
v 2.279593 0.034826 -0.024342
v 2.281143 0.037510 -0.020991
v 2.272036 0.031046 0.000000
v 2.273380 0.034377 -0.021086
v 2.274550 0.037285 -0.024342
v 2.275712 0.040159 -0.020991
v 2.267593 0.032490 0.000000
v 2.268460 0.035976 -0.021086
v 2.269215 0.039019 -0.024342
v 2.269965 0.042032 -0.020991
v 2.262981 0.033304 0.000000
v 2.263359 0.036876 -0.021086
v 2.263690 0.039993 -0.024342
v 2.264011 0.043121 -0.020992
v 2.258312 0.033466 0.000000
v 2.258189 0.037056 -0.021086
v 2.258083 0.040189 -0.024342
v 2.257957 0.043412 -0.020997
v 2.253666 0.032977 0.000000
v 2.253044 0.036515 -0.021086
v 2.252493 0.039612 -0.024351
v 2.251917 0.042871 -0.021005
v 2.249133 0.031846 0.000000
v 2.248017 0.035229 -0.021106
v 2.247295 0.038232 -0.024161
v 2.246500 0.040937 -0.021158
v 2.244812 0.030100 0.000000
v 2.243289 0.033136 -0.021180
v 2.242704 0.034987 -0.023321
v 2.240915 0.037499 -0.018239
v 2.240766 0.027765 0.000000
v 2.238939 0.030425 -0.021356
v 2.238261 0.031540 -0.022943
v 2.237091 0.033189 -0.020033
v 2.237076 0.024882 0.000000
v 2.234859 0.027322 -0.022019
v 2.234155 0.028101 -0.022995
v 2.233109 0.029243 -0.021517
v 2.233838 0.021529 0.000000
v 2.231112 0.023784 -0.022844
v 2.230176 0.024543 -0.023630
v 2.229052 0.025445 -0.022489
v 2.231085 0.017741 0.000000
v 2.227867 0.019750 -0.023452
v 2.226021 0.020786 -0.024708
v 2.224704 0.021577 -0.023634
v 2.228893 0.013615 0.000000
v 2.225176 0.015386 -0.023847
v 2.222628 0.016427 -0.025353
v 2.220680 0.017070 -0.024477
v 2.227296 0.009225 0.000000
v 2.223544 0.010411 -0.022702
v 2.220772 0.011072 -0.024537
v 2.218107 0.011955 -0.023740
v 2.226326 0.004666 0.000000
v 2.222360 0.005212 -0.022567
v 2.219569 0.005610 -0.024321
v 2.216954 0.005975 -0.023714
v 2.306162 0.003248 0.000000
v 2.305207 0.009718 0.000000
v 2.303409 0.015987 0.000000
v 2.300757 0.021944 0.000000
v 2.297301 0.027474 0.000000
v 2.293109 0.032469 0.000000
v 2.288263 0.036833 0.000000
v 2.282857 0.040479 0.000000
v 2.276996 0.043338 0.000000
v 2.270779 0.045410 0.000000
v 2.264297 0.046880 0.000000
v 2.257661 0.047800 0.000000
v 2.250967 0.048045 0.000000
v 2.245333 0.047641 0.000000
v 2.241018 0.046450 0.000000
v 2.233442 0.040298 0.000000
v 2.227740 0.035626 0.000000
v 2.222229 0.031600 0.000000
v 2.217166 0.028327 0.000000
v 2.215222 0.026753 0.000000
v 2.210714 0.013515 0.000000
v 2.210030 0.006517 0.000000
v 2.226000 0.000005 0.000000
v 2.221996 0.000005 -0.022567
v 2.219178 0.000000 -0.024324
v 2.216554 0.000000 -0.023721
v 2.293000 -0.000000 0.000000
v 2.296576 -0.000000 -0.021043
v 2.299703 0.000000 -0.024344
v 2.302813 0.000000 -0.021042
v 2.292923 -0.002353 -0.000000
v 2.296505 -0.002598 -0.021072
v 2.299612 -0.002805 -0.024344
v 2.302732 -0.003012 -0.021006
v 2.292240 -0.006968 -0.000000
v 2.295754 -0.007712 -0.021086
v 2.298821 -0.008361 -0.024342
v 2.301853 -0.009005 -0.020991
v 2.290951 -0.011458 -0.000000
v 2.294328 -0.012685 -0.021086
v 2.297274 -0.013754 -0.024342
v 2.300187 -0.014814 -0.020991
v 2.289051 -0.015726 -0.000000
v 2.292226 -0.017404 -0.021086
v 2.294992 -0.018879 -0.024342
v 2.297729 -0.020334 -0.020991
v 2.286581 -0.019678 -0.000000
v 2.289482 -0.021797 -0.021086
v 2.292020 -0.023637 -0.024342
v 2.294527 -0.025459 -0.020991
v 2.283571 -0.023266 -0.000000
v 2.286161 -0.025754 -0.021086
v 2.288413 -0.027934 -0.024342
v 2.290643 -0.030088 -0.020991
v 2.280107 -0.026384 -0.000000
v 2.282317 -0.029216 -0.021086
v 2.284244 -0.031688 -0.024342
v 2.286152 -0.034131 -0.020991
v 2.276225 -0.029003 -0.000000
v 2.278023 -0.032113 -0.021086
v 2.279593 -0.034826 -0.024342
v 2.281143 -0.037510 -0.020991
v 2.272036 -0.031046 -0.000000
v 2.273380 -0.034377 -0.021086
v 2.274550 -0.037285 -0.024342
v 2.275712 -0.040159 -0.020991
v 2.267593 -0.032490 -0.000000
v 2.268453 -0.035978 -0.021086
v 2.269215 -0.039019 -0.024342
v 2.269965 -0.042032 -0.020991
v 2.262992 -0.033302 -0.000000
v 2.263359 -0.036876 -0.021086
v 2.263690 -0.039993 -0.024342
v 2.264011 -0.043121 -0.020992
v 2.258323 -0.033466 -0.000000
v 2.258196 -0.037056 -0.021086
v 2.258083 -0.040189 -0.024342
v 2.257957 -0.043412 -0.020997
v 2.253666 -0.032977 -0.000000
v 2.253044 -0.036515 -0.021086
v 2.252493 -0.039612 -0.024351
v 2.251917 -0.042871 -0.021005
v 2.249144 -0.031849 -0.000000
v 2.248017 -0.035229 -0.021106
v 2.247295 -0.038232 -0.024161
v 2.246500 -0.040937 -0.021158
v 2.244812 -0.030100 -0.000000
v 2.243289 -0.033136 -0.021180
v 2.242704 -0.034987 -0.023321
v 2.240915 -0.037499 -0.018239
v 2.240766 -0.027765 -0.000000
v 2.238939 -0.030425 -0.021356
v 2.238261 -0.031540 -0.022943
v 2.237091 -0.033189 -0.020033
v 2.237084 -0.024889 -0.000000
v 2.234859 -0.027322 -0.022019
v 2.234155 -0.028101 -0.022995
v 2.233109 -0.029243 -0.021517
v 2.233831 -0.021521 -0.000000
v 2.231112 -0.023784 -0.022844
v 2.230176 -0.024543 -0.023630
v 2.229052 -0.025445 -0.022489
v 2.231085 -0.017741 -0.000000
v 2.227867 -0.019750 -0.023452
v 2.226021 -0.020786 -0.024708
v 2.224704 -0.021577 -0.023634
v 2.228897 -0.013625 -0.000000
v 2.225176 -0.015386 -0.023847
v 2.222628 -0.016427 -0.025353
v 2.220680 -0.017070 -0.024477
v 2.227296 -0.009225 -0.000000
v 2.223544 -0.010411 -0.022702
v 2.220772 -0.011072 -0.024537
v 2.218107 -0.011955 -0.023740
v 2.226325 -0.004655 -0.000000
v 2.222362 -0.005223 -0.022567
v 2.219569 -0.005610 -0.024321
v 2.216954 -0.005975 -0.023714
v 2.209888 0.000000 -0.000000
v 2.306266 0.000000 0.000000
v 2.306162 -0.003248 -0.000000
v 2.305207 -0.009718 -0.000000
v 2.303409 -0.015987 -0.000000
v 2.300757 -0.021944 -0.000000
v 2.297301 -0.027474 -0.000000
v 2.293109 -0.032469 -0.000000
v 2.288263 -0.036833 -0.000000
v 2.282857 -0.040479 -0.000000
v 2.276996 -0.043338 -0.000000
v 2.270779 -0.045410 -0.000000
v 2.264297 -0.046880 -0.000000
v 2.257661 -0.047800 -0.000000
v 2.250967 -0.048045 -0.000000
v 2.245333 -0.047641 -0.000000
v 2.241018 -0.046450 -0.000000
v 2.233442 -0.040298 -0.000000
v 2.227740 -0.035626 -0.000000
v 2.222229 -0.031600 -0.000000
v 2.217166 -0.028327 -0.000000
v 2.215222 -0.026754 -0.000000
v 2.210714 -0.013515 -0.000000
v 2.210030 -0.006517 -0.000000
v 2.206534 0.003919 0.019028
v 2.206534 0.007687 0.017924
v 2.206534 0.011160 0.016131
v 2.206534 0.014204 0.013718
v 2.206534 0.016702 0.010779
v 2.206534 0.018559 0.007424
v 2.206534 0.019702 0.003785
v 2.217280 0.004649 0.022573
v 2.216886 0.009077 0.021163
v 2.216494 0.013115 0.018957
v 2.216192 0.016632 0.016063
v 2.215772 0.019457 0.012556
v 2.215133 0.021452 0.008582
v 2.214679 0.022646 0.004351
v 1.945704 0.004927 0.023923
v 1.945704 0.009665 0.022535
v 1.946499 0.013944 0.020155
v 1.948332 0.017491 0.016892
v 1.950770 0.020166 0.013014
v 1.951278 0.022314 0.008927
v 1.951278 0.023689 0.004551
v 2.207726 0.008079 0.018838
v 2.207726 0.011729 0.016953
v 2.207726 0.020706 0.003978
v 2.207726 0.014928 0.014418
v 2.207726 0.017554 0.011328
v 2.207726 0.004119 0.019998
v 2.207726 0.019505 0.007803
v 1.968701 0.003919 0.019028
v 1.967675 0.004079 0.019806
v 1.968701 0.007687 0.017924
v 1.967675 0.008001 0.018656
v 1.968701 0.011160 0.016131
v 1.967675 0.011616 0.016790
v 1.968701 0.014204 0.013718
v 1.967675 0.014785 0.014279
v 1.968701 0.016702 0.010779
v 1.967675 0.017385 0.011219
v 1.968701 0.018559 0.007424
v 1.967675 0.019317 0.007728
v 1.968701 0.019702 0.003785
v 1.967675 0.020507 0.003940
v 2.206534 0.020088 -0.000000
v 2.206534 0.003919 -0.019028
v 2.206534 0.007687 -0.017924
v 2.206534 0.011160 -0.016131
v 2.206534 0.014204 -0.013718
v 2.206534 0.016702 -0.010779
v 2.206534 0.018559 -0.007424
v 2.206534 0.019702 -0.003785
v 2.214679 0.023090 -0.000000
v 2.217280 0.004649 -0.022573
v 2.216886 0.009077 -0.021163
v 2.216494 0.013115 -0.018957
v 2.216192 0.016632 -0.016063
v 2.215772 0.019457 -0.012556
v 2.215133 0.021452 -0.008582
v 2.214679 0.022646 -0.004351
v 1.951278 0.024153 -0.000000
v 1.945704 0.004927 -0.023923
v 1.945704 0.009665 -0.022535
v 1.946499 0.013944 -0.020155
v 1.948332 0.017491 -0.016892
v 1.950770 0.020166 -0.013014
v 1.951278 0.022314 -0.008927
v 1.951278 0.023689 -0.004551
v 2.207726 0.008079 -0.018838
v 2.207726 0.011729 -0.016953
v 2.207726 0.021112 -0.000000
v 2.207726 0.020706 -0.003978
v 2.207726 0.014928 -0.014418
v 2.207726 0.017554 -0.011328
v 2.207726 0.004119 -0.019998
v 2.207726 0.019505 -0.007803
v 1.967675 0.020909 -0.000000
v 1.968701 0.020088 -0.000000
v 1.968701 0.003919 -0.019028
v 1.967675 0.004079 -0.019806
v 1.968701 0.007687 -0.017924
v 1.967675 0.008001 -0.018656
v 1.968701 0.011160 -0.016131
v 1.967675 0.011616 -0.016790
v 1.968701 0.014204 -0.013718
v 1.967675 0.014785 -0.014279
v 1.968701 0.016702 -0.010779
v 1.967675 0.017385 -0.011219
v 1.968701 0.018559 -0.007424
v 1.967675 0.019317 -0.007728
v 1.968701 0.019702 -0.003785
v 1.967675 0.020507 -0.003940
v 2.206534 0.000000 0.019401
v 2.206534 -0.003919 0.019028
v 2.206534 -0.007687 0.017924
v 2.206534 -0.011160 0.016131
v 2.206534 -0.014204 0.013718
v 2.206534 -0.016702 0.010779
v 2.206534 -0.018559 0.007424
v 2.206534 -0.019702 0.003785
v 2.217280 0.000000 0.023015
v 2.217280 -0.004649 0.022573
v 2.216886 -0.009077 0.021163
v 2.216494 -0.013115 0.018957
v 2.216192 -0.016632 0.016063
v 2.215772 -0.019457 0.012556
v 2.215133 -0.021452 0.008582
v 2.214679 -0.022646 0.004351
v 1.945704 0.000000 0.024392
v 1.945704 -0.004927 0.023923
v 1.945704 -0.009665 0.022535
v 1.946499 -0.013944 0.020155
v 1.948332 -0.017491 0.016892
v 1.950770 -0.020166 0.013014
v 1.951278 -0.022314 0.008927
v 1.951278 -0.023689 0.004551
v 2.207726 -0.008079 0.018838
v 2.207726 -0.011729 0.016953
v 2.207726 -0.020706 0.003978
v 2.207726 -0.014928 0.014418
v 2.207726 0.000000 0.020390
v 2.207726 -0.017554 0.011328
v 2.207726 -0.004119 0.019998
v 2.207726 -0.019505 0.007803
v 1.968701 0.000000 0.019401
v 1.967675 0.000000 0.020194
v 1.968701 -0.003919 0.019028
v 1.967675 -0.004079 0.019806
v 1.968701 -0.007687 0.017924
v 1.967675 -0.008001 0.018656
v 1.968701 -0.011160 0.016131
v 1.967675 -0.011616 0.016790
v 1.968701 -0.014204 0.013718
v 1.967675 -0.014785 0.014279
v 1.968701 -0.016702 0.010779
v 1.967675 -0.017385 0.011219
v 1.968701 -0.018559 0.007424
v 1.967675 -0.019317 0.007728
v 1.968701 -0.019702 0.003785
v 1.967675 -0.020507 0.003940
v 2.206534 -0.020088 -0.000000
v 2.206534 0.000000 -0.019401
v 2.206534 -0.003919 -0.019028
v 2.206534 -0.007687 -0.017924
v 2.206534 -0.011160 -0.016131
v 2.206534 -0.014204 -0.013718
v 2.206534 -0.016702 -0.010779
v 2.206534 -0.018559 -0.007424
v 2.206534 -0.019702 -0.003785
v 2.214679 -0.023090 -0.000000
v 2.217280 0.000000 -0.023015
v 2.217280 -0.004649 -0.022573
v 2.216886 -0.009077 -0.021163
v 2.216494 -0.013115 -0.018957
v 2.216192 -0.016632 -0.016063
v 2.215772 -0.019457 -0.012556
v 2.215133 -0.021452 -0.008582
v 2.214679 -0.022646 -0.004351
v 1.951278 -0.024153 -0.000000
v 1.945704 0.000000 -0.024392
v 1.945704 -0.004927 -0.023923
v 1.945704 -0.009665 -0.022535
v 1.946499 -0.013944 -0.020155
v 1.948332 -0.017491 -0.016892
v 1.950770 -0.020166 -0.013014
v 1.951278 -0.022314 -0.008927
v 1.951278 -0.023689 -0.004551
v 2.207726 -0.008079 -0.018838
v 2.207726 -0.011729 -0.016953
v 2.207726 -0.021112 -0.000000
v 2.207726 -0.020706 -0.003978
v 2.207726 -0.014928 -0.014418
v 2.207726 0.000000 -0.020390
v 2.207726 -0.017554 -0.011328
v 2.207726 -0.004119 -0.019998
v 2.207726 -0.019505 -0.007803
v 1.967675 -0.020909 -0.000000
v 1.968701 -0.020088 -0.000000
v 1.968701 0.000000 -0.019401
v 1.967675 0.000000 -0.020194
v 1.968701 -0.003919 -0.019028
v 1.967675 -0.004079 -0.019806
v 1.968701 -0.007687 -0.017924
v 1.967675 -0.008001 -0.018656
v 1.968701 -0.011160 -0.016131
v 1.967675 -0.011616 -0.016790
v 1.968701 -0.014204 -0.013718
v 1.967675 -0.014785 -0.014279
v 1.968701 -0.016702 -0.010779
v 1.967675 -0.017385 -0.011219
v 1.968701 -0.018559 -0.007424
v 1.967675 -0.019317 -0.007728
v 1.968701 -0.019702 -0.003785
v 1.967675 -0.020507 -0.003940
vt 0.839023 0.846340
vt 0.822709 0.879360
vt 0.816595 0.873617
vt 0.825278 0.839557
vt 0.809604 0.866794
vt 0.812130 0.831257
vt 0.855313 0.850086
vt 0.828765 0.884732
vt 0.800918 0.858182
vt 0.799914 0.822572
vt 0.038429 0.100666
vt 0.033397 0.107866
vt 0.028487 0.105042
vt 0.032350 0.101132
vt 0.023561 0.102234
vt 0.027294 0.100568
vt 0.045322 0.098410
vt 0.038284 0.110714
vt 0.018627 0.099434
vt 0.023412 0.099711
vt 0.082819 0.120275
vt 0.070338 0.132811
vt 0.066053 0.129360
vt 0.078181 0.117147
vt 0.061696 0.125981
vt 0.073435 0.114119
vt 0.087343 0.123491
vt 0.074586 0.136299
vt 0.057232 0.122709
vt 0.068585 0.111203
vt 0.063605 0.108383
vt 0.052638 0.119567
vt 0.047930 0.116539
vt 0.058351 0.105533
vt 0.043137 0.113596
vt 0.052586 0.102467
vt 0.788403 0.845742
vt 0.080492 0.141467
vt 0.093423 0.128456
vt 0.787382 0.812814
vt 0.851588 0.833791
vt 0.844823 0.820038
vt 0.878895 0.811399
vt 0.884630 0.817521
vt 0.827871 0.794651
vt 0.863480 0.795701
vt 0.872081 0.804399
vt 0.836540 0.806879
vt 0.889993 0.823584
vt 0.950751 0.960796
vt 0.965897 0.945669
vt 0.969138 0.953216
vt 0.958293 0.964046
vt 0.942117 0.956934
vt 0.932682 0.952502
vt 0.957627 0.927590
vt 0.962047 0.937030
vt 0.971757 0.959451
vt 0.964524 0.966673
vt 0.907244 0.845188
vt 0.850347 0.902010
vt 0.842665 0.896099
vt 0.901343 0.837499
vt 0.835417 0.890303
vt 0.895556 0.830243
vt 0.858299 0.907925
vt 0.913148 0.853148
vt 0.930418 0.878338
vt 0.883467 0.925229
vt 0.874753 0.919514
vt 0.924715 0.869618
vt 0.866407 0.913756
vt 0.918969 0.861264
vt 0.892678 0.930935
vt 0.936112 0.887558
vt 0.106972 0.032214
vt 0.107446 0.026136
vt 0.111361 0.022278
vt 0.114178 0.027192
vt 0.106037 0.017197
vt 0.105767 0.012410
vt 0.108560 0.017348
vt 0.106889 0.021080
vt 0.117020 0.032083
vt 0.104706 0.039104
vt 0.126521 0.076630
vt 0.123400 0.071989
vt 0.135629 0.059876
vt 0.139074 0.064166
vt 0.117469 0.062384
vt 0.128990 0.051047
vt 0.132256 0.055515
vt 0.120378 0.067239
vt 0.142557 0.068419
vt 0.129732 0.081159
vt 0.094708 0.116136
vt 0.102837 0.119054
vt 0.114656 0.057400
vt 0.111813 0.052142
vt 0.122832 0.041737
vt 0.125854 0.046448
vt 0.119896 0.036939
vt 0.108754 0.046374
vt 0.818129 0.782106
vt 0.134688 0.087245
vt 0.147717 0.074332
vt 0.851056 0.783171
vt 0.952696 0.917637
vt 0.922736 0.947558
vt 0.912563 0.942224
vt 0.947375 0.907457
vt 0.902449 0.936636
vt 0.941801 0.897336
vt 0.089011 0.114091
vt 0.114463 0.088672
vt 0.113187 0.082188
vt 0.111909 0.075696
vt 0.110633 0.069211
vt 0.109350 0.062698
vt 0.108019 0.055931
vt 0.106567 0.048558
vt 0.117551 0.104359
vt 0.973631 0.963962
vt 0.969034 0.968554
vt 0.974835 0.967108
vt 0.972178 0.969761
vt 0.975330 0.969055
vt 0.974124 0.970259
vt 0.975108 0.970039
vt 0.077574 0.109986
vt 0.083295 0.112040
vt 0.053654 0.101401
vt 0.060153 0.103733
vt 0.071858 0.107934
vt 0.066117 0.105874
vt 0.115736 0.095137
vt 0.839023 0.846340
vt 0.825278 0.839557
vt 0.816595 0.873617
vt 0.822709 0.879360
vt 0.812130 0.831257
vt 0.809604 0.866794
vt 0.855313 0.850086
vt 0.828765 0.884732
vt 0.799914 0.822572
vt 0.800918 0.858182
vt 0.038429 0.100666
vt 0.032350 0.101132
vt 0.028487 0.105042
vt 0.033397 0.107866
vt 0.027294 0.100568
vt 0.023561 0.102234
vt 0.045322 0.098410
vt 0.038284 0.110714
vt 0.023412 0.099711
vt 0.018627 0.099434
vt 0.082819 0.120275
vt 0.078181 0.117147
vt 0.066053 0.129360
vt 0.070338 0.132811
vt 0.073435 0.114119
vt 0.061696 0.125981
vt 0.087343 0.123491
vt 0.074586 0.136299
vt 0.068585 0.111203
vt 0.057232 0.122709
vt 0.063605 0.108383
vt 0.058351 0.105533
vt 0.047930 0.116539
vt 0.052638 0.119567
vt 0.052586 0.102467
vt 0.043137 0.113596
vt 0.788403 0.845742
vt 0.787382 0.812814
vt 0.093423 0.128456
vt 0.080492 0.141467
vt 0.851588 0.833791
vt 0.884630 0.817521
vt 0.878895 0.811399
vt 0.844823 0.820038
vt 0.827871 0.794651
vt 0.836540 0.806879
vt 0.872081 0.804399
vt 0.863480 0.795701
vt 0.889993 0.823584
vt 0.950751 0.960796
vt 0.958293 0.964046
vt 0.969138 0.953216
vt 0.965897 0.945669
vt 0.942117 0.956934
vt 0.962047 0.937030
vt 0.957627 0.927590
vt 0.932682 0.952502
vt 0.964524 0.966673
vt 0.971757 0.959451
vt 0.907244 0.845188
vt 0.901343 0.837499
vt 0.842665 0.896099
vt 0.850347 0.902010
vt 0.895556 0.830243
vt 0.835417 0.890303
vt 0.858299 0.907925
vt 0.913148 0.853148
vt 0.930418 0.878338
vt 0.924715 0.869618
vt 0.874753 0.919514
vt 0.883467 0.925229
vt 0.918969 0.861264
vt 0.866407 0.913756
vt 0.892678 0.930935
vt 0.936112 0.887558
vt 0.106972 0.032214
vt 0.114178 0.027192
vt 0.111361 0.022278
vt 0.107446 0.026136
vt 0.106037 0.017197
vt 0.106889 0.021080
vt 0.108560 0.017348
vt 0.105767 0.012410
vt 0.104706 0.039104
vt 0.117020 0.032083
vt 0.126521 0.076630
vt 0.139074 0.064166
vt 0.135629 0.059876
vt 0.123400 0.071989
vt 0.117469 0.062384
vt 0.120378 0.067239
vt 0.132256 0.055515
vt 0.128990 0.051047
vt 0.129732 0.081159
vt 0.142557 0.068419
vt 0.102837 0.119054
vt 0.094708 0.116136
vt 0.114656 0.057400
vt 0.125854 0.046448
vt 0.122832 0.041737
vt 0.111813 0.052142
vt 0.108754 0.046374
vt 0.119896 0.036939
vt 0.818129 0.782106
vt 0.851056 0.783171
vt 0.147717 0.074332
vt 0.134688 0.087245
vt 0.952696 0.917637
vt 0.947375 0.907457
vt 0.912563 0.942224
vt 0.922736 0.947558
vt 0.941801 0.897336
vt 0.902449 0.936636
vt 0.089011 0.114091
vt 0.113187 0.082188
vt 0.114463 0.088672
vt 0.111909 0.075696
vt 0.110633 0.069211
vt 0.109350 0.062698
vt 0.108019 0.055931
vt 0.106567 0.048558
vt 0.117551 0.104359
vt 0.969034 0.968554
vt 0.973631 0.963962
vt 0.972178 0.969761
vt 0.974835 0.967108
vt 0.974124 0.970259
vt 0.975330 0.969055
vt 0.975108 0.970039
vt 0.077574 0.109986
vt 0.083295 0.112040
vt 0.053654 0.101401
vt 0.060153 0.103733
vt 0.071858 0.107934
vt 0.066117 0.105874
vt 0.115736 0.095137
vt 0.883456 0.023620
vt 0.884087 0.019856
vt 0.887483 0.020504
vt 0.887041 0.024039
vt 0.880951 0.048911
vt 0.881759 0.039099
vt 0.885299 0.039414
vt 0.884493 0.049183
vt 0.882519 0.031257
vt 0.886039 0.031633
vt 0.973849 0.018385
vt 0.972996 0.021558
vt 0.971073 0.020965
vt 0.972203 0.017461
vt 0.883087 0.026335
vt 0.886592 0.026761
vt 0.879173 0.072796
vt 0.880193 0.058952
vt 0.883726 0.059212
vt 0.882662 0.073063
vt 0.876605 0.104821
vt 0.878121 0.086641
vt 0.881695 0.086923
vt 0.880256 0.105133
vt 0.874836 0.130446
vt 0.875121 0.123081
vt 0.878815 0.123283
vt 0.878613 0.130551
vt 0.874468 0.156157
vt 0.874679 0.137787
vt 0.878552 0.137857
vt 0.878589 0.156200
vt 0.875830 0.113914
vt 0.879528 0.114233
vt 0.875441 0.118474
vt 0.879163 0.118787
vt 0.874338 0.174520
vt 0.878710 0.174557
vt 0.778517 0.290985
vt 0.769553 0.291202
vt 0.763960 0.286954
vt 0.778312 0.286576
vt 0.057013 0.899323
vt 0.058876 0.878315
vt 0.066534 0.883023
vt 0.068152 0.909501
vt 0.879516 0.249454
vt 0.879384 0.252940
vt 0.873732 0.252683
vt 0.873870 0.249248
vt 0.879541 0.241826
vt 0.879556 0.245761
vt 0.873975 0.245622
vt 0.874044 0.241748
vt 0.880092 0.288806
vt 0.880514 0.291882
vt 0.874100 0.291825
vt 0.874000 0.289140
vt 0.753616 0.231090
vt 0.753926 0.216030
vt 0.779156 0.216272
vt 0.778998 0.231380
vt 0.754049 0.140578
vt 0.754046 0.131562
vt 0.779490 0.131670
vt 0.779464 0.140627
vt 0.754073 0.122331
vt 0.779542 0.122518
vt 0.754339 0.100799
vt 0.754367 0.099001
vt 0.779711 0.098890
vt 0.779713 0.100833
vt 0.172520 0.953800
vt 0.167066 0.974916
vt 0.165458 0.974425
vt 0.754166 0.029982
vt 0.746206 0.029850
vt 0.746387 0.018763
vt 0.754344 0.018902
vt 0.753843 0.073109
vt 0.753570 0.069822
vt 0.779232 0.069843
vt 0.779263 0.072718
vt 0.140118 0.953943
vt 0.154050 0.942388
vt 0.163193 0.948640
vt 0.147523 0.959494
vt 0.048120 0.890511
vt 0.053722 0.876859
vt 0.886928 0.525900
vt 0.886742 0.537958
vt 0.878530 0.537724
vt 0.878828 0.525712
vt 0.887386 0.488155
vt 0.887416 0.493362
vt 0.879383 0.493286
vt 0.879427 0.488094
vt 0.887334 0.502346
vt 0.879276 0.502229
vt 0.887425 0.457993
vt 0.887483 0.471305
vt 0.879508 0.471295
vt 0.879487 0.458029
vt 0.887142 0.439043
vt 0.887285 0.446509
vt 0.879407 0.446580
vt 0.879328 0.439132
vt 0.886525 0.407653
vt 0.886804 0.415647
vt 0.878985 0.415778
vt 0.878834 0.407815
vt 0.885134 0.364469
vt 0.885503 0.373242
vt 0.877796 0.373534
vt 0.877448 0.364786
vt 0.885845 0.382054
vt 0.878116 0.382318
vt 0.883762 0.336523
vt 0.884135 0.343509
vt 0.876495 0.343897
vt 0.876126 0.336953
vt 0.884488 0.350509
vt 0.876834 0.350869
vt 0.882877 0.322495
vt 0.883357 0.329547
vt 0.875715 0.330036
vt 0.875239 0.323047
vt 0.881857 0.308991
vt 0.874189 0.309579
vt 0.881489 0.304258
vt 0.881718 0.306657
vt 0.874017 0.306934
vt 0.874012 0.304104
vt 0.881132 0.299159
vt 0.874094 0.298984
vt 0.877773 0.274641
vt 0.878044 0.277212
vt 0.872718 0.277904
vt 0.872395 0.274502
vt 0.878065 0.267721
vt 0.877815 0.270760
vt 0.872638 0.270431
vt 0.872846 0.267390
vt 0.879138 0.282288
vt 0.879699 0.285532
vt 0.873766 0.286167
vt 0.873406 0.283001
vt 0.878414 0.279123
vt 0.873220 0.279796
vt 0.778653 0.258071
vt 0.778474 0.269757
vt 0.753843 0.268794
vt 0.753490 0.257385
vt 0.182487 0.959302
vt 0.178105 0.975515
vt 0.753722 0.044568
vt 0.754039 0.043083
vt 0.779447 0.043326
vt 0.779432 0.044825
vt 0.754063 0.040281
vt 0.754043 0.039401
vt 0.779483 0.039649
vt 0.779475 0.040497
vt 0.063087 0.843678
vt 0.075662 0.832193
vt 0.087582 0.841405
vt 0.073204 0.853115
vt 0.232661 0.929651
vt 0.223016 0.946094
vt 0.214448 0.941189
vt 0.224924 0.924656
vt 0.754362 0.097324
vt 0.779698 0.097061
vt 0.753998 0.151114
vt 0.779451 0.151172
vt 0.754039 0.200453
vt 0.779286 0.200633
vt 0.753433 0.243601
vt 0.778846 0.244005
vt 0.199446 0.898194
vt 0.180180 0.908951
vt 0.177677 0.905923
vt 0.887405 0.481505
vt 0.879471 0.481463
vt 0.886427 0.399656
vt 0.878651 0.399852
vt 0.887092 0.431578
vt 0.879231 0.431687
vt 0.884762 0.357491
vt 0.877150 0.357827
vt 0.880720 0.294575
vt 0.874128 0.294454
vt 0.878632 0.262208
vt 0.873219 0.261879
vt 0.879161 0.256365
vt 0.873562 0.256064
vt 0.879419 0.234989
vt 0.874070 0.234971
vt 0.879232 0.222984
vt 0.874106 0.222954
vt 0.183157 0.362550
vt 0.186124 0.360574
vt 0.188041 0.364810
vt 0.185351 0.366874
vt 0.181009 0.364296
vt 0.183329 0.368742
vt 0.177721 0.367960
vt 0.180462 0.372297
vt 0.188899 0.379092
vt 0.190539 0.377270
vt 0.191550 0.376607
vt 0.181373 0.397824
vt 0.169394 0.393854
vt 0.173257 0.385251
vt 0.183823 0.390244
vt 0.168493 0.382976
vt 0.173260 0.374393
vt 0.177024 0.377721
vt 0.185741 0.385238
vt 0.178095 0.410303
vt 0.175650 0.422791
vt 0.158557 0.418656
vt 0.163938 0.406255
vt 0.157780 0.404464
vt 0.163980 0.391992
vt 0.151397 0.416847
vt 0.082057 0.803608
vt 0.106528 0.817752
vt 0.104364 0.821834
vt 0.079234 0.807830
vt 0.056713 0.866905
vt 0.048736 0.857855
vt 0.053455 0.853046
vt 0.061352 0.862167
vt 0.158655 0.550271
vt 0.157201 0.562702
vt 0.135264 0.560825
vt 0.135910 0.548720
vt 0.187004 0.382251
vt 0.172780 0.438348
vt 0.151236 0.434356
vt 0.964220 0.078427
vt 0.966632 0.078412
vt 0.965896 0.089958
vt 0.963474 0.089881
vt 0.140236 0.482501
vt 0.142772 0.457497
vt 0.169507 0.460881
vt 0.166340 0.485359
vt 0.171146 0.449724
vt 0.145812 0.446014
vt 0.133062 0.448457
vt 0.135021 0.444386
vt 0.965284 0.101078
vt 0.962667 0.101105
vt 0.963707 0.125853
vt 0.961210 0.125702
vt 0.127903 0.499458
vt 0.128823 0.481092
vt 0.138739 0.501645
vt 0.163861 0.505721
vt 0.126329 0.547948
vt 0.125929 0.566813
vt 0.126108 0.559971
vt 0.134847 0.567721
vt 0.156276 0.570200
vt 0.125386 0.570714
vt 0.134249 0.571973
vt 0.155618 0.574916
vt 0.154780 0.581795
vt 0.132582 0.578882
vt 0.956339 0.215613
vt 0.958531 0.215614
vt 0.958178 0.222645
vt 0.955882 0.222517
vt 0.119075 0.585838
vt 0.121972 0.580737
vt 0.129272 0.587381
vt 0.957604 0.231545
vt 0.955345 0.231483
vt 0.113232 0.599299
vt 0.113063 0.596719
vt 0.125988 0.595651
vt 0.125266 0.603691
vt 0.153792 0.590734
vt 0.152748 0.600027
vt 0.957075 0.240861
vt 0.954753 0.240800
vt 0.956581 0.249603
vt 0.954286 0.249549
vt 0.238918 0.603802
vt 0.240195 0.595134
vt 0.257706 0.596898
vt 0.255090 0.604386
vt 0.115161 0.604124
vt 0.113883 0.601136
vt 0.956662 0.258827
vt 0.954354 0.259246
vt 0.238507 0.613021
vt 0.253478 0.612455
vt 0.116198 0.613612
vt 0.116591 0.610529
vt 0.126594 0.613262
vt 0.126372 0.616594
vt 0.956796 0.266155
vt 0.954711 0.266449
vt 0.958079 0.282695
vt 0.956013 0.282957
vt 0.832005 0.085662
vt 0.831210 0.100942
vt 0.828980 0.101080
vt 0.829655 0.085591
vt 0.239821 0.636904
vt 0.238559 0.620354
vt 0.253307 0.620151
vt 0.254159 0.635640
vt 0.116632 0.649696
vt 0.115228 0.642764
vt 0.125827 0.642220
vt 0.126925 0.648799
vt 0.154608 0.642140
vt 0.155293 0.648053
vt 0.117361 0.656651
vt 0.127682 0.655994
vt 0.155712 0.655073
vt 0.117617 0.663651
vt 0.128042 0.663657
vt 0.155825 0.663911
vt 0.117177 0.677662
vt 0.117543 0.670673
vt 0.127978 0.670953
vt 0.127494 0.678197
vt 0.155541 0.671667
vt 0.116713 0.684643
vt 0.126893 0.685434
vt 0.154921 0.679517
vt 0.154043 0.687417
vt 0.115769 0.693380
vt 0.125672 0.694583
vt 0.124263 0.703635
vt 0.114493 0.702113
vt 0.152038 0.697913
vt 0.149872 0.708513
vt 0.120144 0.721889
vt 0.110826 0.719334
vt 0.144365 0.728892
vt 0.141437 0.737897
vt 0.118100 0.730057
vt 0.138365 0.746928
vt 0.116091 0.738231
vt 0.131509 0.764800
vt 0.109237 0.753730
vt 0.106124 0.760783
vt 0.096977 0.756204
vt 0.099969 0.749364
vt 0.127221 0.774835
vt 0.088665 0.773237
vt 0.093885 0.763003
vt 0.103029 0.767845
vt 0.097904 0.778184
vt 0.122463 0.785409
vt 0.118605 0.793636
vt 0.081867 0.784684
vt 0.091268 0.789836
vt 0.114259 0.802706
vt 0.076091 0.793090
vt 0.085661 0.798220
vt 0.109930 0.811281
vt 0.072167 0.798458
vt 0.100925 0.829354
vt 0.887175 0.512063
vt 0.879109 0.511918
vt 0.074100 0.814848
vt 0.063313 0.809550
vt 0.069051 0.802630
vt 0.108425 0.726968
vt 0.105844 0.734546
vt 0.163841 0.973628
vt 0.132431 0.949189
vt 0.144315 0.934758
vt 0.135992 0.927841
vt 0.123163 0.944122
vt 0.191316 0.976158
vt 0.192580 0.964990
vt 0.886441 0.545880
vt 0.878307 0.545504
vt 0.080434 0.863888
vt 0.064506 0.868161
vt 0.063357 0.864675
vt 0.076326 0.855592
vt 0.130463 0.922991
vt 0.117121 0.940893
vt 0.112132 0.938207
vt 0.126200 0.919371
vt 0.098471 0.854882
vt 0.109194 0.872699
vt 0.083089 0.872325
vt 0.754083 0.086300
vt 0.779508 0.085837
vt 0.743406 0.077086
vt 0.744323 0.072151
vt 0.047423 0.875727
vt 0.040424 0.865780
vt 0.055715 0.871141
vt 0.112989 0.890479
vt 0.113144 0.908378
vt 0.085750 0.891525
vt 0.085552 0.882224
vt 0.131668 0.881825
vt 0.128624 0.872122
vt 0.065578 0.872647
vt 0.066029 0.824611
vt 0.054584 0.835451
vt 0.233036 0.951235
vt 0.242992 0.956308
vt 0.242566 0.958574
vt 0.232445 0.953094
vt 0.701960 0.206209
vt 0.711713 0.205815
vt 0.712006 0.212980
vt 0.702254 0.213385
vt 0.105461 0.835214
vt 0.090334 0.844175
vt 0.101425 0.831563
vt 0.056762 0.816753
vt 0.753708 0.180948
vt 0.779400 0.181060
vt 0.134638 0.889456
vt 0.135473 0.895144
vt 0.047115 0.826793
vt 0.115998 0.843983
vt 0.066200 0.875887
vt 0.066302 0.880094
vt 0.122880 0.915989
vt 0.112998 0.910043
vt 0.122510 0.915097
vt 0.060562 0.872064
vt 0.060361 0.874286
vt 0.044826 0.843245
vt 0.038521 0.835370
vt 0.036499 0.864825
vt 0.029615 0.853976
vt 0.032825 0.852364
vt 0.121156 0.848431
vt 0.032641 0.840767
vt 0.039385 0.847772
vt 0.778037 0.279349
vt 0.754200 0.278716
vt 0.753408 0.277863
vt 0.778041 0.278493
vt 0.878018 0.554116
vt 0.886082 0.554238
vt 0.886932 0.556521
vt 0.877989 0.556683
vt 0.753935 0.270306
vt 0.754164 0.269593
vt 0.778451 0.270555
vt 0.778412 0.271371
vt 0.026193 0.846195
vt 0.025224 0.848450
vt 0.059094 0.867659
vt 0.059011 0.876141
vt 0.059973 0.869546
vt 0.753345 0.276792
vt 0.778068 0.277421
vt 0.036624 0.865988
vt 0.035946 0.866829
vt 0.030845 0.870937
vt 0.030875 0.872083
vt 0.332608 0.751349
vt 0.359615 0.759493
vt 0.357579 0.766419
vt 0.329058 0.760222
vt 0.323361 0.796456
vt 0.354806 0.795056
vt 0.355374 0.802257
vt 0.324068 0.805685
vt 0.244991 0.962967
vt 0.336553 0.742636
vt 0.362196 0.752747
vt 0.341122 0.734226
vt 0.365327 0.746230
vt 0.362151 0.888417
vt 0.385293 0.866315
vt 0.390406 0.871362
vt 0.368777 0.894904
vt 0.346247 0.726212
vt 0.368994 0.740008
vt 0.351929 0.718545
vt 0.373170 0.734115
vt 0.350625 0.873949
vt 0.376072 0.855311
vt 0.380505 0.860962
vt 0.356319 0.881215
vt 0.358313 0.711370
vt 0.377828 0.728600
vt 0.345415 0.866327
vt 0.372006 0.849390
vt 0.365090 0.704734
vt 0.382917 0.723488
vt 0.340711 0.858362
vt 0.368318 0.843222
vt 0.372383 0.698496
vt 0.388426 0.718830
vt 0.336563 0.850078
vt 0.365049 0.836815
vt 0.380153 0.693048
vt 0.394329 0.714677
vt 0.332987 0.841534
vt 0.362217 0.830201
vt 0.388392 0.688382
vt 0.400562 0.711048
vt 0.323316 0.787174
vt 0.354731 0.787845
vt 0.329868 0.832808
vt 0.359834 0.823407
vt 0.397045 0.684401
vt 0.407073 0.707918
vt 0.324419 0.777999
vt 0.355176 0.780647
vt 0.188953 0.891933
vt 0.191200 0.886754
vt 0.192328 0.881176
vt 0.195184 0.889991
vt 0.406068 0.680677
vt 0.413930 0.705390
vt 0.326266 0.768999
vt 0.356101 0.773490
vt 0.325379 0.814841
vt 0.356404 0.809408
vt 0.357874 0.816471
vt 0.327320 0.823875
vt 0.391209 0.911205
vt 0.407635 0.884291
vt 0.413930 0.887854
vt 0.399260 0.915881
vt 0.926344 0.515533
vt 0.923700 0.516083
vt 0.922070 0.506863
vt 0.924465 0.506517
vt 0.928066 0.524652
vt 0.925347 0.524885
vt 0.930129 0.533897
vt 0.927578 0.534721
vt 0.932265 0.542567
vt 0.929486 0.542620
vt 0.191626 0.881091
vt 0.189583 0.872416
vt 0.190176 0.872206
vt 0.187743 0.863133
vt 0.188403 0.863138
vt 0.186348 0.853962
vt 0.186984 0.853995
vt 0.184791 0.844882
vt 0.186073 0.844755
vt 0.930283 0.548274
vt 0.932128 0.548258
vt 0.133664 0.900024
vt 0.924486 0.570673
vt 0.929632 0.553403
vt 0.931423 0.553873
vt 0.926392 0.570009
vt 0.924627 0.571416
vt 0.926302 0.570866
vt 0.926629 0.571521
vt 0.924971 0.572315
vt 0.217707 0.918935
vt 0.205688 0.934431
vt 0.196827 0.926196
vt 0.211046 0.912550
vt 0.240688 0.934236
vt 0.189277 0.918303
vt 0.204877 0.905669
vt 0.184549 0.913319
vt 0.753783 0.171842
vt 0.779425 0.171926
vt 0.928925 0.574721
vt 0.927622 0.576216
vt 0.104930 0.934152
vt 0.753895 0.163599
vt 0.753931 0.157948
vt 0.779445 0.158012
vt 0.779439 0.163667
vt 0.932935 0.579440
vt 0.931025 0.580619
vt 0.937193 0.584854
vt 0.935440 0.586455
vt 0.942249 0.594798
vt 0.943914 0.593497
vt 0.950290 0.604116
vt 0.951825 0.602688
vt 0.957885 0.612102
vt 0.959521 0.610674
vt 0.779713 0.019196
vt 0.779585 0.030252
vt 0.085553 0.894385
vt 0.712657 0.228135
vt 0.712984 0.235373
vt 0.703248 0.235818
vt 0.702917 0.228569
vt 0.956468 0.288895
vt 0.958607 0.288651
vt 0.702563 0.220563
vt 0.712308 0.220145
vt 0.285866 0.941990
vt 0.287320 0.962774
vt 0.276486 0.964109
vt 0.276566 0.942101
vt 0.965900 0.619049
vt 0.967110 0.617027
vt 0.923330 0.503228
vt 0.921271 0.503585
vt 0.920510 0.493071
vt 0.922800 0.499728
vt 0.920354 0.500338
vt 0.918117 0.493945
vt 0.915806 0.480566
vt 0.913828 0.481071
vt 0.914202 0.475820
vt 0.912335 0.475877
vt 0.913801 0.475036
vt 0.912213 0.475101
vt 0.914223 0.473688
vt 0.914060 0.474464
vt 0.912161 0.474366
vt 0.912493 0.473522
vt 0.183494 0.841652
vt 0.188684 0.826562
vt 0.171120 0.810153
vt 0.173886 0.806308
vt 0.191746 0.817871
vt 0.178893 0.800169
vt 0.195952 0.809284
vt 0.184082 0.792949
vt 0.200910 0.801099
vt 0.918098 0.461915
vt 0.919454 0.462390
vt 0.917712 0.466791
vt 0.916029 0.466046
vt 0.189848 0.784647
vt 0.206701 0.793472
vt 0.921216 0.455303
vt 0.923072 0.455347
vt 0.194968 0.776954
vt 0.213161 0.786484
vt 0.925017 0.446483
vt 0.926406 0.447110
vt 0.201721 0.766487
vt 0.220245 0.780082
vt 0.928692 0.437122
vt 0.930194 0.437744
vt 0.207417 0.757239
vt 0.228044 0.774467
vt 0.123324 0.851032
vt 0.710195 0.162827
vt 0.700540 0.163094
vt 0.700382 0.155889
vt 0.710011 0.155661
vt 0.126842 0.863264
vt 0.931842 0.428601
vt 0.933433 0.429095
vt 0.282227 0.758179
vt 0.277010 0.749349
vt 0.282383 0.749151
vt 0.263042 0.760180
vt 0.261566 0.751344
vt 0.266602 0.750445
vt 0.253811 0.762312
vt 0.250852 0.753722
vt 0.245851 0.754706
vt 0.236201 0.769618
vt 0.234953 0.755205
vt 0.240849 0.755690
vt 0.244849 0.765447
vt 0.215910 0.740425
vt 0.935631 0.417644
vt 0.937708 0.417402
vt 0.219909 0.732171
vt 0.230901 0.746279
vt 0.231152 0.751419
vt 0.938963 0.407252
vt 0.941377 0.407185
vt 0.813092 0.218087
vt 0.814636 0.222127
vt 0.812384 0.223550
vt 0.810733 0.218449
vt 0.169398 0.822407
vt 0.166423 0.818372
vt 0.165939 0.817636
vt 0.166150 0.817045
vt 0.944153 0.388824
vt 0.946320 0.389018
vt 0.946444 0.379572
vt 0.948711 0.380168
vt 0.223705 0.723028
vt 0.234778 0.732755
vt 0.231052 0.703256
vt 0.243699 0.707828
vt 0.950777 0.370491
vt 0.948593 0.370351
vt 0.234355 0.692728
vt 0.247571 0.695459
vt 0.952573 0.349629
vt 0.954793 0.349795
vt 0.954121 0.338918
vt 0.956594 0.338915
vt 0.236829 0.682398
vt 0.250013 0.684427
vt 0.238137 0.674547
vt 0.251576 0.675723
vt 0.955502 0.328321
vt 0.957760 0.328363
vt 0.239362 0.666570
vt 0.252921 0.667330
vt 0.956106 0.320391
vt 0.958212 0.320421
vt 0.240091 0.658911
vt 0.253457 0.660073
vt 0.956541 0.312528
vt 0.958762 0.312373
vt 0.956751 0.304768
vt 0.958981 0.304687
vt 0.240438 0.650036
vt 0.254160 0.649822
vt 0.240286 0.642869
vt 0.254175 0.642065
vt 0.956707 0.295927
vt 0.958930 0.295809
vt 0.657594 0.836155
vt 0.667679 0.835571
vt 0.667698 0.849491
vt 0.657920 0.850526
vt 0.832764 0.078133
vt 0.830255 0.077921
vt 0.658023 0.821402
vt 0.667660 0.821229
vt 0.667671 0.829033
vt 0.657639 0.829276
vt 0.833723 0.070089
vt 0.831567 0.069802
vt 0.658850 0.814122
vt 0.667646 0.814101
vt 0.835289 0.062258
vt 0.833084 0.062020
vt 0.837097 0.054207
vt 0.834759 0.053853
vt 0.241644 0.585912
vt 0.260787 0.589147
vt 0.839244 0.044863
vt 0.836951 0.044536
vt 0.243093 0.577107
vt 0.264726 0.580417
vt 0.841533 0.036326
vt 0.838908 0.036168
vt 0.244154 0.570144
vt 0.268725 0.572806
vt 0.244944 0.565475
vt 0.271681 0.568002
vt 0.246240 0.558066
vt 0.276028 0.561398
vt 0.956734 0.210876
vt 0.958849 0.210892
vt 0.957240 0.203350
vt 0.959375 0.203392
vt 0.286077 0.500819
vt 0.255409 0.501605
vt 0.258692 0.481367
vt 0.286314 0.482218
vt 0.957884 0.190872
vt 0.960226 0.190886
vt 0.279263 0.557779
vt 0.278166 0.558888
vt 0.286634 0.457070
vt 0.262848 0.456879
vt 0.960106 0.146151
vt 0.962565 0.146313
vt 0.286773 0.446184
vt 0.264641 0.445881
vt 0.286918 0.434761
vt 0.266676 0.434485
vt 0.269853 0.419184
vt 0.287112 0.419246
vt 0.131298 0.455525
vt 0.272369 0.406688
vt 0.287266 0.406929
vt 0.275693 0.394400
vt 0.287423 0.394646
vt 0.965579 0.062687
vt 0.967927 0.062846
vt 0.278461 0.386995
vt 0.287515 0.387258
vt 0.966667 0.050030
vt 0.968849 0.050140
vt 0.280560 0.382290
vt 0.287568 0.382694
vt 0.968190 0.037247
vt 0.970109 0.037480
vt 0.281878 0.379444
vt 0.287598 0.380087
vt 0.969397 0.029386
vt 0.971487 0.029700
vt 0.280323 0.556771
vt 0.248401 0.545711
vt 0.970393 0.024130
vt 0.972534 0.024658
vt 0.973299 0.015262
vt 0.974379 0.016336
vt 0.975040 0.015360
vt 0.974075 0.014330
vt 0.974940 0.013584
vt 0.975911 0.014640
vt 0.845929 0.019223
vt 0.845411 0.020743
vt 0.843507 0.019977
vt 0.844034 0.018510
vt 0.844676 0.023746
vt 0.843006 0.030787
vt 0.840431 0.030741
vt 0.842484 0.023110
vt 0.661093 0.797632
vt 0.662472 0.789850
vt 0.667605 0.789839
vt 0.667625 0.797615
vt 0.659842 0.806445
vt 0.667631 0.806425
vt 0.830927 0.107409
vt 0.828431 0.107478
vt 0.830421 0.115329
vt 0.827903 0.115214
vt 0.829334 0.125198
vt 0.826805 0.125424
vt 0.828654 0.132868
vt 0.826148 0.132667
vt 0.827391 0.140966
vt 0.824912 0.141072
vt 0.826216 0.149560
vt 0.823664 0.149823
vt 0.824414 0.160827
vt 0.821870 0.160972
vt 0.821992 0.173423
vt 0.819263 0.173662
vt 0.816236 0.199663
vt 0.813626 0.199515
vt 0.813441 0.213558
vt 0.810885 0.213307
vt 0.818345 0.226446
vt 0.816033 0.228201
vt 0.822001 0.229781
vt 0.825657 0.233116
vt 0.823581 0.235047
vt 0.819807 0.231624
vt 0.833741 0.240512
vt 0.831802 0.242308
vt 0.837410 0.244010
vt 0.841078 0.247509
vt 0.839385 0.249167
vt 0.835594 0.245737
vt 0.844810 0.251428
vt 0.848541 0.255347
vt 0.846821 0.256928
vt 0.843103 0.253047
vt 0.663410 0.784876
vt 0.667594 0.784864
vt 0.667705 0.856897
vt 0.658037 0.857619
vt 0.667713 0.864758
vt 0.658081 0.865505
vt 0.657937 0.875837
vt 0.667728 0.875297
vt 0.667738 0.883290
vt 0.657779 0.883728
vt 0.667748 0.891093
vt 0.657416 0.891636
vt 0.667752 0.900689
vt 0.656963 0.900890
vt 0.667760 0.912210
vt 0.656212 0.912299
vt 0.655085 0.925697
vt 0.667784 0.926125
vt 0.667807 0.950861
vt 0.652225 0.950668
vt 0.166434 0.816305
vt 0.177828 0.832781
vt 0.186656 0.835529
vt 0.700150 0.105367
vt 0.709674 0.105472
vt 0.709614 0.112644
vt 0.700062 0.112590
vt 0.700045 0.134228
vt 0.709656 0.134141
vt 0.709738 0.141315
vt 0.700188 0.141450
vt 0.700270 0.098148
vt 0.709776 0.098311
vt 0.700437 0.090927
vt 0.709921 0.091145
vt 0.700636 0.083699
vt 0.710109 0.083979
vt 0.384450 0.906769
vt 0.402353 0.880857
vt 0.975911 0.624097
vt 0.974981 0.625821
vt 0.700862 0.076481
vt 0.710341 0.076814
vt 0.701674 0.199033
vt 0.711428 0.198651
vt 0.701126 0.069264
vt 0.710615 0.069651
vt 0.701402 0.191855
vt 0.711152 0.191487
vt 0.701432 0.062051
vt 0.710927 0.062492
vt 0.701149 0.184673
vt 0.710887 0.184323
vt 0.701754 0.054844
vt 0.711278 0.055336
vt 0.700916 0.177484
vt 0.710637 0.177157
vt 0.702132 0.047640
vt 0.711667 0.048182
vt 0.700711 0.170292
vt 0.710406 0.169992
vt 0.702588 0.040437
vt 0.712094 0.041031
vt 0.703116 0.033244
vt 0.712559 0.033882
vt 0.699988 0.127018
vt 0.709609 0.126976
vt 0.703696 0.026043
vt 0.713062 0.026732
vt 0.703550 0.242111
vt 0.713274 0.241657
vt 0.713617 0.248868
vt 0.703905 0.249335
vt 0.396503 0.876565
vt 0.376709 0.901519
vt 0.700011 0.119806
vt 0.709594 0.119810
vt 0.700290 0.148675
vt 0.709857 0.148493
vt 0.704326 0.018763
vt 0.713617 0.019509
vt 0.265372 0.964448
vt 0.260144 0.963093
vt 0.259247 0.940311
vt 0.268513 0.941508
vt 0.177369 0.905261
vt 0.177659 0.904452
vt 0.254104 0.961254
vt 0.251873 0.976380
vt 0.251413 0.976063
vt 0.250496 0.959572
vt 0.080495 0.919111
vt 0.097051 0.929546
vt 0.030289 0.871446
vt 0.182053 0.838416
vt 0.666036 0.773746
vt 0.666415 0.772102
vt 0.667418 0.771977
vt 0.667499 0.773684
vt 0.664660 0.778730
vt 0.667571 0.778712
vt 0.122467 0.914338
vt 0.038759 0.880376
vt 0.137388 0.440467
vt 0.142132 0.432645
vt 0.130277 0.462774
vt 0.285502 0.546546
vt 0.285355 0.375322
vt 0.286444 0.374869
vt 0.287573 0.374816
vt 0.285366 0.554646
vt 0.284326 0.554726
vt 0.665310 0.776326
vt 0.667548 0.776301
vt 0.124536 0.574312
vt 0.123390 0.577608
vt 0.111052 0.627483
vt 0.111574 0.625124
vt 0.125999 0.619517
vt 0.116186 0.607252
vt 0.114515 0.593120
vt 0.116100 0.590514
vt 0.111298 0.629815
vt 0.113644 0.620438
vt 0.115301 0.616156
vt 0.151931 0.608770
vt 0.151981 0.618476
vt 0.152545 0.625691
vt 0.845848 0.014008
vt 0.847591 0.014913
vt 0.846861 0.015865
vt 0.845155 0.015378
vt 0.661753 0.778738
vt 0.663080 0.776337
vt 0.283221 0.555034
vt 0.281812 0.555646
vt 0.658781 0.778711
vt 0.660615 0.776222
vt 0.659227 0.784884
vt 0.655016 0.784890
vt 0.664639 0.773898
vt 0.665435 0.772414
vt 0.662784 0.773962
vt 0.664268 0.772695
vt 0.642385 0.925270
vt 0.636646 0.950474
vt 0.629658 0.924838
vt 0.621046 0.950287
vt 0.644663 0.912389
vt 0.633083 0.912475
vt 0.646172 0.901092
vt 0.635345 0.901290
vt 0.647083 0.892181
vt 0.636706 0.892722
vt 0.647819 0.884166
vt 0.637831 0.884602
vt 0.648145 0.876378
vt 0.638313 0.876917
vt 0.648448 0.866252
vt 0.638786 0.866998
vt 0.648370 0.858340
vt 0.638667 0.859062
vt 0.648142 0.851561
vt 0.638321 0.852597
vt 0.657341 0.789860
vt 0.652181 0.789871
vt 0.647509 0.836739
vt 0.647607 0.829518
vt 0.637381 0.837324
vt 0.637543 0.829758
vt 0.650054 0.814144
vt 0.652054 0.806464
vt 0.641214 0.814156
vt 0.644227 0.806474
vt 0.654562 0.797650
vt 0.647994 0.797655
vt 0.846895 0.012087
vt 0.848541 0.013110
vt 0.848032 0.013985
vt 0.846357 0.012980
vt 0.648387 0.821574
vt 0.638705 0.821739
vt 0.646980 0.967084
vt 0.636291 0.969500
vt 0.656997 0.965504
vt 0.651989 0.966294
vt 0.662402 0.965226
vt 0.626604 0.971541
vt 0.631447 0.970520
vt 0.617699 0.968553
vt 0.617508 0.964014
vt 0.620910 0.971452
vt 0.661723 0.775059
vt 0.663840 0.775157
vt 0.665679 0.775038
vt 0.667528 0.774996
vt 0.846337 0.017752
vt 0.844497 0.017123
vt 0.100715 0.830236
vt 0.100967 0.830927
vt 0.124948 0.854014
vt 0.779493 0.038695
vt 0.754048 0.038448
vt 0.271349 0.964742
vt 0.269256 0.964864
vt 0.746070 0.039197
vt 0.746074 0.038313
vt 0.745231 0.057699
vt 0.745332 0.057152
vt 0.753761 0.057446
vt 0.753748 0.058046
vt 0.779288 0.057776
vt 0.779280 0.058368
vt 0.745419 0.056650
vt 0.753772 0.056898
vt 0.779295 0.057235
vt 0.746073 0.040074
vt 0.745977 0.044386
vt 0.746089 0.042883
vt 0.276470 0.968428
vt 0.270218 0.969648
vt 0.746100 0.036138
vt 0.267532 0.971091
vt 0.267058 0.971839
vt 0.267247 0.964847
vt 0.268174 0.970469
vt 0.192580 0.376128
vt 0.245918 0.957472
vt 0.249275 0.937661
vt 0.287627 0.967154
vt 0.252355 0.976554
vt 0.265768 0.974360
vt 0.264643 0.975377
vt 0.272491 0.758939
vt 0.271637 0.749547
vt 0.667807 0.964949
vt 0.283858 0.376820
vt 0.887041 0.024039
vt 0.887483 0.020504
vt 0.884493 0.049183
vt 0.885299 0.039414
vt 0.886039 0.031633
vt 0.973849 0.018385
vt 0.972203 0.017461
vt 0.971073 0.020965
vt 0.972996 0.021558
vt 0.886592 0.026761
vt 0.882662 0.073063
vt 0.883726 0.059212
vt 0.880256 0.105133
vt 0.881695 0.086923
vt 0.878613 0.130551
vt 0.878815 0.123283
vt 0.878589 0.156200
vt 0.878552 0.137857
vt 0.879528 0.114233
vt 0.879163 0.118787
vt 0.878710 0.174557
vt 0.763960 0.286954
vt 0.769553 0.291202
vt 0.057013 0.899323
vt 0.068152 0.909501
vt 0.066534 0.883023
vt 0.058876 0.878315
vt 0.879516 0.249454
vt 0.879384 0.252940
vt 0.879541 0.241826
vt 0.879556 0.245761
vt 0.880092 0.288806
vt 0.880514 0.291882
vt 0.753616 0.231090
vt 0.753926 0.216030
vt 0.754049 0.140578
vt 0.754046 0.131562
vt 0.754073 0.122331
vt 0.754339 0.100799
vt 0.754367 0.099001
vt 0.172520 0.953800
vt 0.165458 0.974425
vt 0.167066 0.974916
vt 0.754166 0.029982
vt 0.754344 0.018902
vt 0.746387 0.018763
vt 0.746206 0.029850
vt 0.753843 0.073109
vt 0.753570 0.069822
vt 0.140118 0.953943
vt 0.147523 0.959494
vt 0.163193 0.948640
vt 0.154050 0.942388
vt 0.053722 0.876859
vt 0.048120 0.890511
vt 0.886928 0.525900
vt 0.886742 0.537958
vt 0.887386 0.488155
vt 0.887416 0.493362
vt 0.887334 0.502346
vt 0.887425 0.457993
vt 0.887483 0.471305
vt 0.887142 0.439043
vt 0.887285 0.446509
vt 0.886525 0.407653
vt 0.886804 0.415647
vt 0.885134 0.364469
vt 0.885503 0.373242
vt 0.885845 0.382054
vt 0.883762 0.336523
vt 0.884135 0.343509
vt 0.884488 0.350509
vt 0.882877 0.322495
vt 0.883357 0.329547
vt 0.881857 0.308991
vt 0.881489 0.304258
vt 0.881718 0.306657
vt 0.881132 0.299159
vt 0.877773 0.274641
vt 0.878044 0.277212
vt 0.878065 0.267721
vt 0.877815 0.270760
vt 0.879138 0.282288
vt 0.879699 0.285532
vt 0.878414 0.279123
vt 0.753490 0.257385
vt 0.753843 0.268794
vt 0.178105 0.975515
vt 0.182487 0.959302
vt 0.753722 0.044568
vt 0.754039 0.043083
vt 0.754063 0.040281
vt 0.754043 0.039401
vt 0.063087 0.843678
vt 0.073204 0.853115
vt 0.087582 0.841405
vt 0.075662 0.832193
vt 0.232661 0.929651
vt 0.224924 0.924656
vt 0.214448 0.941189
vt 0.223016 0.946094
vt 0.754362 0.097324
vt 0.753998 0.151114
vt 0.754039 0.200453
vt 0.753433 0.243601
vt 0.199446 0.898194
vt 0.177677 0.905923
vt 0.180180 0.908951
vt 0.887405 0.481505
vt 0.886427 0.399656
vt 0.887092 0.431578
vt 0.884762 0.357491
vt 0.880720 0.294575
vt 0.878632 0.262208
vt 0.879161 0.256365
vt 0.879419 0.234989
vt 0.879232 0.222984
vt 0.183157 0.362550
vt 0.185351 0.366874
vt 0.188041 0.364810
vt 0.186124 0.360574
vt 0.181009 0.364296
vt 0.183329 0.368742
vt 0.177721 0.367960
vt 0.180462 0.372297
vt 0.188899 0.379092
vt 0.190539 0.377270
vt 0.191550 0.376607
vt 0.181373 0.397824
vt 0.183823 0.390244
vt 0.173257 0.385251
vt 0.169394 0.393854
vt 0.168493 0.382976
vt 0.177024 0.377721
vt 0.173260 0.374393
vt 0.185741 0.385238
vt 0.178095 0.410303
vt 0.163938 0.406255
vt 0.158557 0.418656
vt 0.175650 0.422791
vt 0.157780 0.404464
vt 0.163980 0.391992
vt 0.151397 0.416847
vt 0.082057 0.803608
vt 0.079234 0.807830
vt 0.104364 0.821834
vt 0.106528 0.817752
vt 0.056713 0.866905
vt 0.061352 0.862167
vt 0.053455 0.853046
vt 0.048736 0.857855
vt 0.158655 0.550271
vt 0.135910 0.548720
vt 0.135264 0.560825
vt 0.157201 0.562702
vt 0.187004 0.382251
vt 0.151236 0.434356
vt 0.172780 0.438348
vt 0.964220 0.078427
vt 0.963474 0.089881
vt 0.965896 0.089958
vt 0.966632 0.078412
vt 0.140236 0.482501
vt 0.166340 0.485359
vt 0.169507 0.460881
vt 0.142772 0.457497
vt 0.145812 0.446014
vt 0.171146 0.449724
vt 0.133062 0.448457
vt 0.135021 0.444386
vt 0.962667 0.101105
vt 0.965284 0.101078
vt 0.961210 0.125702
vt 0.963707 0.125853
vt 0.127903 0.499458
vt 0.138739 0.501645
vt 0.128823 0.481092
vt 0.163861 0.505721
vt 0.126329 0.547948
vt 0.125929 0.566813
vt 0.134847 0.567721
vt 0.126108 0.559971
vt 0.156276 0.570200
vt 0.125386 0.570714
vt 0.134249 0.571973
vt 0.155618 0.574916
vt 0.132582 0.578882
vt 0.154780 0.581795
vt 0.956339 0.215613
vt 0.955882 0.222517
vt 0.958178 0.222645
vt 0.958531 0.215614
vt 0.119075 0.585838
vt 0.129272 0.587381
vt 0.121972 0.580737
vt 0.955345 0.231483
vt 0.957604 0.231545
vt 0.113232 0.599299
vt 0.125266 0.603691
vt 0.125988 0.595651
vt 0.113063 0.596719
vt 0.153792 0.590734
vt 0.152748 0.600027
vt 0.954753 0.240800
vt 0.957075 0.240861
vt 0.954286 0.249549
vt 0.956581 0.249603
vt 0.238918 0.603802
vt 0.255090 0.604386
vt 0.257706 0.596898
vt 0.240195 0.595134
vt 0.115161 0.604124
vt 0.113883 0.601136
vt 0.954354 0.259246
vt 0.956662 0.258827
vt 0.238507 0.613021
vt 0.253478 0.612455
vt 0.116198 0.613612
vt 0.126372 0.616594
vt 0.126594 0.613262
vt 0.116591 0.610529
vt 0.954711 0.266449
vt 0.956796 0.266155
vt 0.956013 0.282957
vt 0.958079 0.282695
vt 0.832005 0.085662
vt 0.829655 0.085591
vt 0.828980 0.101080
vt 0.831210 0.100942
vt 0.239821 0.636904
vt 0.254159 0.635640
vt 0.253307 0.620151
vt 0.238559 0.620354
vt 0.116632 0.649696
vt 0.126925 0.648799
vt 0.125827 0.642220
vt 0.115228 0.642764
vt 0.154608 0.642140
vt 0.155293 0.648053
vt 0.117361 0.656651
vt 0.127682 0.655994
vt 0.155712 0.655073
vt 0.117617 0.663651
vt 0.128042 0.663657
vt 0.155825 0.663911
vt 0.117177 0.677662
vt 0.127494 0.678197
vt 0.127978 0.670953
vt 0.117543 0.670673
vt 0.155541 0.671667
vt 0.116713 0.684643
vt 0.126893 0.685434
vt 0.154921 0.679517
vt 0.154043 0.687417
vt 0.115769 0.693380
vt 0.125672 0.694583
vt 0.114493 0.702113
vt 0.124263 0.703635
vt 0.152038 0.697913
vt 0.149872 0.708513
vt 0.110826 0.719334
vt 0.120144 0.721889
vt 0.144365 0.728892
vt 0.118100 0.730057
vt 0.141437 0.737897
vt 0.116091 0.738231
vt 0.138365 0.746928
vt 0.109237 0.753730
vt 0.131509 0.764800
vt 0.106124 0.760783
vt 0.099969 0.749364
vt 0.096977 0.756204
vt 0.127221 0.774835
vt 0.088665 0.773237
vt 0.097904 0.778184
vt 0.103029 0.767845
vt 0.093885 0.763003
vt 0.118605 0.793636
vt 0.122463 0.785409
vt 0.081867 0.784684
vt 0.091268 0.789836
vt 0.114259 0.802706
vt 0.076091 0.793090
vt 0.085661 0.798220
vt 0.109930 0.811281
vt 0.072167 0.798458
vt 0.100925 0.829354
vt 0.887175 0.512063
vt 0.069051 0.802630
vt 0.063313 0.809550
vt 0.074100 0.814848
vt 0.108425 0.726968
vt 0.105844 0.734546
vt 0.163841 0.973628
vt 0.144315 0.934758
vt 0.132431 0.949189
vt 0.135992 0.927841
vt 0.123163 0.944122
vt 0.191316 0.976158
vt 0.192580 0.964990
vt 0.886441 0.545880
vt 0.080434 0.863888
vt 0.076326 0.855592
vt 0.063357 0.864675
vt 0.064506 0.868161
vt 0.130463 0.922991
vt 0.126200 0.919371
vt 0.112132 0.938207
vt 0.117121 0.940893
vt 0.083089 0.872325
vt 0.109194 0.872699
vt 0.098471 0.854882
vt 0.754083 0.086300
vt 0.744323 0.072151
vt 0.743406 0.077086
vt 0.047423 0.875727
vt 0.055715 0.871141
vt 0.040424 0.865780
vt 0.112989 0.890479
vt 0.085552 0.882224
vt 0.085750 0.891525
vt 0.113144 0.908378
vt 0.131668 0.881825
vt 0.128624 0.872122
vt 0.065578 0.872647
vt 0.066029 0.824611
vt 0.054584 0.835451
vt 0.233036 0.951235
vt 0.232445 0.953094
vt 0.242566 0.958574
vt 0.242992 0.956308
vt 0.701960 0.206209
vt 0.702254 0.213385
vt 0.105461 0.835214
vt 0.101425 0.831563
vt 0.090334 0.844175
vt 0.056762 0.816753
vt 0.753708 0.180948
vt 0.135473 0.895144
vt 0.134638 0.889456
vt 0.047115 0.826793
vt 0.115998 0.843983
vt 0.066200 0.875887
vt 0.066302 0.880094
vt 0.122880 0.915989
vt 0.122510 0.915097
vt 0.112998 0.910043
vt 0.060562 0.872064
vt 0.060361 0.874286
vt 0.044826 0.843245
vt 0.038521 0.835370
vt 0.036499 0.864825
vt 0.032825 0.852364
vt 0.029615 0.853976
vt 0.121156 0.848431
vt 0.032641 0.840767
vt 0.039385 0.847772
vt 0.753408 0.277863
vt 0.754200 0.278716
vt 0.886932 0.556521
vt 0.886082 0.554238
vt 0.753935 0.270306
vt 0.754164 0.269593
vt 0.026193 0.846195
vt 0.025224 0.848450
vt 0.059094 0.867659
vt 0.059011 0.876141
vt 0.059973 0.869546
vt 0.753345 0.276792
vt 0.036624 0.865988
vt 0.035946 0.866829
vt 0.030845 0.870937
vt 0.030875 0.872083
vt 0.332608 0.751349
vt 0.329058 0.760222
vt 0.357579 0.766419
vt 0.359615 0.759493
vt 0.323361 0.796456
vt 0.324068 0.805685
vt 0.355374 0.802257
vt 0.354806 0.795056
vt 0.244991 0.962967
vt 0.336553 0.742636
vt 0.362196 0.752747
vt 0.341122 0.734226
vt 0.365327 0.746230
vt 0.362151 0.888417
vt 0.368777 0.894904
vt 0.390406 0.871362
vt 0.385293 0.866315
vt 0.346247 0.726212
vt 0.368994 0.740008
vt 0.351929 0.718545
vt 0.373170 0.734115
vt 0.350625 0.873949
vt 0.356319 0.881215
vt 0.380505 0.860962
vt 0.376072 0.855311
vt 0.358313 0.711370
vt 0.377828 0.728600
vt 0.345415 0.866327
vt 0.372006 0.849390
vt 0.365090 0.704734
vt 0.382917 0.723488
vt 0.340711 0.858362
vt 0.368318 0.843222
vt 0.372383 0.698496
vt 0.388426 0.718830
vt 0.336563 0.850078
vt 0.365049 0.836815
vt 0.380153 0.693048
vt 0.394329 0.714677
vt 0.332987 0.841534
vt 0.362217 0.830201
vt 0.388392 0.688382
vt 0.400562 0.711048
vt 0.323316 0.787174
vt 0.354731 0.787845
vt 0.329868 0.832808
vt 0.359834 0.823407
vt 0.397045 0.684401
vt 0.407073 0.707918
vt 0.324419 0.777999
vt 0.355176 0.780647
vt 0.188953 0.891933
vt 0.195184 0.889991
vt 0.192328 0.881176
vt 0.191200 0.886754
vt 0.406068 0.680677
vt 0.413930 0.705390
vt 0.326266 0.768999
vt 0.356101 0.773490
vt 0.325379 0.814841
vt 0.327320 0.823875
vt 0.357874 0.816471
vt 0.356404 0.809408
vt 0.391209 0.911205
vt 0.399260 0.915881
vt 0.413930 0.887854
vt 0.407635 0.884291
vt 0.926344 0.515533
vt 0.924465 0.506517
vt 0.922070 0.506863
vt 0.923700 0.516083
vt 0.928066 0.524652
vt 0.925347 0.524885
vt 0.930129 0.533897
vt 0.927578 0.534721
vt 0.932265 0.542567
vt 0.929486 0.542620
vt 0.190176 0.872206
vt 0.189583 0.872416
vt 0.191626 0.881091
vt 0.188403 0.863138
vt 0.187743 0.863133
vt 0.186984 0.853995
vt 0.186348 0.853962
vt 0.186073 0.844755
vt 0.184791 0.844882
vt 0.930283 0.548274
vt 0.932128 0.548258
vt 0.133664 0.900024
vt 0.924486 0.570673
vt 0.926392 0.570009
vt 0.931423 0.553873
vt 0.929632 0.553403
vt 0.924627 0.571416
vt 0.924971 0.572315
vt 0.926629 0.571521
vt 0.926302 0.570866
vt 0.217707 0.918935
vt 0.211046 0.912550
vt 0.196827 0.926196
vt 0.205688 0.934431
vt 0.240688 0.934236
vt 0.204877 0.905669
vt 0.189277 0.918303
vt 0.184549 0.913319
vt 0.753783 0.171842
vt 0.927622 0.576216
vt 0.928925 0.574721
vt 0.104930 0.934152
vt 0.753895 0.163599
vt 0.753931 0.157948
vt 0.932935 0.579440
vt 0.931025 0.580619
vt 0.937193 0.584854
vt 0.935440 0.586455
vt 0.942249 0.594798
vt 0.943914 0.593497
vt 0.950290 0.604116
vt 0.951825 0.602688
vt 0.957885 0.612102
vt 0.959521 0.610674
vt 0.085553 0.894385
vt 0.702917 0.228569
vt 0.703248 0.235818
vt 0.956468 0.288895
vt 0.958607 0.288651
vt 0.702563 0.220563
vt 0.285866 0.941990
vt 0.276566 0.942101
vt 0.276486 0.964109
vt 0.287320 0.962774
vt 0.965900 0.619049
vt 0.967110 0.617027
vt 0.923330 0.503228
vt 0.921271 0.503585
vt 0.920510 0.493071
vt 0.918117 0.493945
vt 0.920354 0.500338
vt 0.922800 0.499728
vt 0.915806 0.480566
vt 0.913828 0.481071
vt 0.914202 0.475820
vt 0.912335 0.475877
vt 0.913801 0.475036
vt 0.912213 0.475101
vt 0.914223 0.473688
vt 0.912493 0.473522
vt 0.912161 0.474366
vt 0.914060 0.474464
vt 0.183494 0.841652
vt 0.188684 0.826562
vt 0.191746 0.817871
vt 0.173886 0.806308
vt 0.171120 0.810153
vt 0.195952 0.809284
vt 0.178893 0.800169
vt 0.200910 0.801099
vt 0.184082 0.792949
vt 0.918098 0.461915
vt 0.916029 0.466046
vt 0.917712 0.466791
vt 0.919454 0.462390
vt 0.206701 0.793472
vt 0.189848 0.784647
vt 0.921216 0.455303
vt 0.923072 0.455347
vt 0.213161 0.786484
vt 0.194968 0.776954
vt 0.925017 0.446483
vt 0.926406 0.447110
vt 0.201721 0.766487
vt 0.220245 0.780082
vt 0.928692 0.437122
vt 0.930194 0.437744
vt 0.228044 0.774467
vt 0.207417 0.757239
vt 0.123324 0.851032
vt 0.700382 0.155889
vt 0.700540 0.163094
vt 0.126842 0.863264
vt 0.931842 0.428601
vt 0.933433 0.429095
vt 0.282227 0.758179
vt 0.282383 0.749151
vt 0.277010 0.749349
vt 0.263042 0.760180
vt 0.266602 0.750445
vt 0.261566 0.751344
vt 0.253811 0.762312
vt 0.250852 0.753722
vt 0.245851 0.754706
vt 0.236201 0.769618
vt 0.244849 0.765447
vt 0.240849 0.755690
vt 0.234953 0.755205
vt 0.215910 0.740425
vt 0.935631 0.417644
vt 0.937708 0.417402
vt 0.231152 0.751419
vt 0.230901 0.746279
vt 0.219909 0.732171
vt 0.938963 0.407252
vt 0.941377 0.407185
vt 0.813092 0.218087
vt 0.810733 0.218449
vt 0.812384 0.223550
vt 0.814636 0.222127
vt 0.169398 0.822407
vt 0.166150 0.817045
vt 0.165939 0.817636
vt 0.166423 0.818372
vt 0.944153 0.388824
vt 0.946320 0.389018
vt 0.946444 0.379572
vt 0.948711 0.380168
vt 0.223705 0.723028
vt 0.234778 0.732755
vt 0.243699 0.707828
vt 0.231052 0.703256
vt 0.950777 0.370491
vt 0.948593 0.370351
vt 0.247571 0.695459
vt 0.234355 0.692728
vt 0.952573 0.349629
vt 0.954793 0.349795
vt 0.954121 0.338918
vt 0.956594 0.338915
vt 0.250013 0.684427
vt 0.236829 0.682398
vt 0.251576 0.675723
vt 0.238137 0.674547
vt 0.955502 0.328321
vt 0.957760 0.328363
vt 0.252921 0.667330
vt 0.239362 0.666570
vt 0.956106 0.320391
vt 0.958212 0.320421
vt 0.253457 0.660073
vt 0.240091 0.658911
vt 0.956541 0.312528
vt 0.958762 0.312373
vt 0.958981 0.304687
vt 0.956751 0.304768
vt 0.254160 0.649822
vt 0.240438 0.650036
vt 0.254175 0.642065
vt 0.240286 0.642869
vt 0.956707 0.295927
vt 0.958930 0.295809
vt 0.657594 0.836155
vt 0.657920 0.850526
vt 0.667698 0.849491
vt 0.667679 0.835571
vt 0.832764 0.078133
vt 0.830255 0.077921
vt 0.658023 0.821402
vt 0.657639 0.829276
vt 0.667671 0.829033
vt 0.667660 0.821229
vt 0.833723 0.070089
vt 0.831567 0.069802
vt 0.658850 0.814122
vt 0.667646 0.814101
vt 0.835289 0.062258
vt 0.833084 0.062020
vt 0.837097 0.054207
vt 0.834759 0.053853
vt 0.260787 0.589147
vt 0.241644 0.585912
vt 0.839244 0.044863
vt 0.836951 0.044536
vt 0.264726 0.580417
vt 0.243093 0.577107
vt 0.841533 0.036326
vt 0.838908 0.036168
vt 0.268725 0.572806
vt 0.244154 0.570144
vt 0.271681 0.568002
vt 0.244944 0.565475
vt 0.276028 0.561398
vt 0.246240 0.558066
vt 0.956734 0.210876
vt 0.958849 0.210892
vt 0.957240 0.203350
vt 0.959375 0.203392
vt 0.286077 0.500819
vt 0.286314 0.482218
vt 0.258692 0.481367
vt 0.255409 0.501605
vt 0.960226 0.190886
vt 0.957884 0.190872
vt 0.279263 0.557779
vt 0.278166 0.558888
vt 0.286634 0.457070
vt 0.262848 0.456879
vt 0.960106 0.146151
vt 0.962565 0.146313
vt 0.286773 0.446184
vt 0.264641 0.445881
vt 0.286918 0.434761
vt 0.266676 0.434485
vt 0.287112 0.419246
vt 0.269853 0.419184
vt 0.131298 0.455525
vt 0.287266 0.406929
vt 0.272369 0.406688
vt 0.287423 0.394646
vt 0.275693 0.394400
vt 0.965579 0.062687
vt 0.967927 0.062846
vt 0.287515 0.387258
vt 0.278461 0.386995
vt 0.966667 0.050030
vt 0.968849 0.050140
vt 0.287568 0.382694
vt 0.280560 0.382290
vt 0.968190 0.037247
vt 0.970109 0.037480
vt 0.281878 0.379444
vt 0.287598 0.380087
vt 0.969397 0.029386
vt 0.971487 0.029700
vt 0.280323 0.556771
vt 0.248401 0.545711
vt 0.970393 0.024130
vt 0.972534 0.024658
vt 0.974379 0.016336
vt 0.973299 0.015262
vt 0.975040 0.015360
vt 0.975911 0.014640
vt 0.974940 0.013584
vt 0.974075 0.014330
vt 0.845929 0.019223
vt 0.844034 0.018510
vt 0.843507 0.019977
vt 0.845411 0.020743
vt 0.844676 0.023746
vt 0.842484 0.023110
vt 0.840431 0.030741
vt 0.843006 0.030787
vt 0.661093 0.797632
vt 0.667625 0.797615
vt 0.667605 0.789839
vt 0.662472 0.789850
vt 0.659842 0.806445
vt 0.667631 0.806425
vt 0.828431 0.107478
vt 0.830927 0.107409
vt 0.827903 0.115214
vt 0.830421 0.115329
vt 0.826805 0.125424
vt 0.829334 0.125198
vt 0.826148 0.132667
vt 0.828654 0.132868
vt 0.824912 0.141072
vt 0.827391 0.140966
vt 0.823664 0.149823
vt 0.826216 0.149560
vt 0.821870 0.160972
vt 0.824414 0.160827
vt 0.819263 0.173662
vt 0.821992 0.173423
vt 0.813626 0.199515
vt 0.816236 0.199663
vt 0.810885 0.213307
vt 0.813441 0.213558
vt 0.816033 0.228201
vt 0.818345 0.226446
vt 0.822001 0.229781
vt 0.819807 0.231624
vt 0.823581 0.235047
vt 0.825657 0.233116
vt 0.831802 0.242308
vt 0.833741 0.240512
vt 0.837410 0.244010
vt 0.835594 0.245737
vt 0.839385 0.249167
vt 0.841078 0.247509
vt 0.844810 0.251428
vt 0.843103 0.253047
vt 0.846821 0.256928
vt 0.848541 0.255347
vt 0.667594 0.784864
vt 0.663410 0.784876
vt 0.658037 0.857619
vt 0.667705 0.856897
vt 0.658081 0.865505
vt 0.667713 0.864758
vt 0.657937 0.875837
vt 0.667728 0.875297
vt 0.657779 0.883728
vt 0.667738 0.883290
vt 0.657416 0.891636
vt 0.667748 0.891093
vt 0.656963 0.900890
vt 0.667752 0.900689
vt 0.656212 0.912299
vt 0.667760 0.912210
vt 0.655085 0.925697
vt 0.667784 0.926125
vt 0.652225 0.950668
vt 0.667807 0.950861
vt 0.166434 0.816305
vt 0.177828 0.832781
vt 0.186656 0.835529
vt 0.700150 0.105367
vt 0.700062 0.112590
vt 0.700045 0.134228
vt 0.700188 0.141450
vt 0.700270 0.098148
vt 0.700437 0.090927
vt 0.700636 0.083699
vt 0.402353 0.880857
vt 0.384450 0.906769
vt 0.974981 0.625821
vt 0.975911 0.624097
vt 0.700862 0.076481
vt 0.701674 0.199033
vt 0.701126 0.069264
vt 0.701402 0.191855
vt 0.701432 0.062051
vt 0.701149 0.184673
vt 0.701754 0.054844
vt 0.700916 0.177484
vt 0.702132 0.047640
vt 0.700711 0.170292
vt 0.702588 0.040437
vt 0.703116 0.033244
vt 0.699988 0.127018
vt 0.703696 0.026043
vt 0.703550 0.242111
vt 0.703905 0.249335
vt 0.396503 0.876565
vt 0.376709 0.901519
vt 0.700011 0.119806
vt 0.700290 0.148675
vt 0.704326 0.018763
vt 0.265372 0.964448
vt 0.268513 0.941508
vt 0.259247 0.940311
vt 0.260144 0.963093
vt 0.177659 0.904452
vt 0.177369 0.905261
vt 0.254104 0.961254
vt 0.251873 0.976380
vt 0.250496 0.959572
vt 0.251413 0.976063
vt 0.080495 0.919111
vt 0.097051 0.929546
vt 0.030289 0.871446
vt 0.182053 0.838416
vt 0.666036 0.773746
vt 0.667499 0.773684
vt 0.667418 0.771977
vt 0.666415 0.772102
vt 0.667571 0.778712
vt 0.664660 0.778730
vt 0.122467 0.914338
vt 0.038759 0.880376
vt 0.137388 0.440467
vt 0.142132 0.432645
vt 0.130277 0.462774
vt 0.285502 0.546546
vt 0.285355 0.375322
vt 0.287573 0.374816
vt 0.286444 0.374869
vt 0.285366 0.554646
vt 0.284326 0.554726
vt 0.667548 0.776301
vt 0.665310 0.776326
vt 0.124536 0.574312
vt 0.123390 0.577608
vt 0.111052 0.627483
vt 0.125999 0.619517
vt 0.111574 0.625124
vt 0.116186 0.607252
vt 0.116100 0.590514
vt 0.114515 0.593120
vt 0.111298 0.629815
vt 0.113644 0.620438
vt 0.115301 0.616156
vt 0.151931 0.608770
vt 0.151981 0.618476
vt 0.152545 0.625691
vt 0.845848 0.014008
vt 0.845155 0.015378
vt 0.846861 0.015865
vt 0.847591 0.014913
vt 0.661753 0.778738
vt 0.663080 0.776337
vt 0.283221 0.555034
vt 0.281812 0.555646
vt 0.658781 0.778711
vt 0.660615 0.776222
vt 0.659227 0.784884
vt 0.655016 0.784890
vt 0.664639 0.773898
vt 0.665435 0.772414
vt 0.662784 0.773962
vt 0.664268 0.772695
vt 0.642385 0.925270
vt 0.636646 0.950474
vt 0.629658 0.924838
vt 0.621046 0.950287
vt 0.644663 0.912389
vt 0.633083 0.912475
vt 0.646172 0.901092
vt 0.635345 0.901290
vt 0.647083 0.892181
vt 0.636706 0.892722
vt 0.647819 0.884166
vt 0.637831 0.884602
vt 0.648145 0.876378
vt 0.638313 0.876917
vt 0.648448 0.866252
vt 0.638786 0.866998
vt 0.648370 0.858340
vt 0.638667 0.859062
vt 0.648142 0.851561
vt 0.638321 0.852597
vt 0.657341 0.789860
vt 0.652181 0.789871
vt 0.647509 0.836739
vt 0.647607 0.829518
vt 0.637381 0.837324
vt 0.637543 0.829758
vt 0.650054 0.814144
vt 0.652054 0.806464
vt 0.641214 0.814156
vt 0.644227 0.806474
vt 0.654562 0.797650
vt 0.647994 0.797655
vt 0.846895 0.012087
vt 0.846357 0.012980
vt 0.848032 0.013985
vt 0.848541 0.013110
vt 0.648387 0.821574
vt 0.638705 0.821739
vt 0.646980 0.967084
vt 0.636291 0.969500
vt 0.656997 0.965504
vt 0.651989 0.966294
vt 0.662402 0.965226
vt 0.626604 0.971541
vt 0.631447 0.970520
vt 0.617699 0.968553
vt 0.620910 0.971452
vt 0.617508 0.964014
vt 0.661723 0.775059
vt 0.663840 0.775157
vt 0.665679 0.775038
vt 0.667528 0.774996
vt 0.844497 0.017123
vt 0.846337 0.017752
vt 0.100715 0.830236
vt 0.100967 0.830927
vt 0.124948 0.854014
vt 0.754048 0.038448
vt 0.271349 0.964742
vt 0.269256 0.964864
vt 0.746070 0.039197
vt 0.746074 0.038313
vt 0.745231 0.057699
vt 0.753748 0.058046
vt 0.753761 0.057446
vt 0.745332 0.057152
vt 0.753772 0.056898
vt 0.745419 0.056650
vt 0.746073 0.040074
vt 0.746089 0.042883
vt 0.745977 0.044386
vt 0.276470 0.968428
vt 0.270218 0.969648
vt 0.746100 0.036138
vt 0.267532 0.971091
vt 0.267247 0.964847
vt 0.267058 0.971839
vt 0.268174 0.970469
vt 0.192580 0.376128
vt 0.245918 0.957472
vt 0.249275 0.937661
vt 0.287627 0.967154
vt 0.252355 0.976554
vt 0.265768 0.974360
vt 0.264643 0.975377
vt 0.272491 0.758939
vt 0.271637 0.749547
vt 0.667807 0.964949
vt 0.283858 0.376820
vt 0.883456 0.023620
vt 0.887041 0.024039
vt 0.880951 0.048911
vt 0.884493 0.049183
vt 0.885299 0.039414
vt 0.881759 0.039099
vt 0.886039 0.031633
vt 0.882519 0.031257
vt 0.973849 0.018385
vt 0.972203 0.017461
vt 0.971073 0.020965
vt 0.972996 0.021558
vt 0.883087 0.026335
vt 0.886592 0.026761
vt 0.879173 0.072796
vt 0.882662 0.073063
vt 0.883726 0.059212
vt 0.880193 0.058952
vt 0.876605 0.104821
vt 0.880256 0.105133
vt 0.881695 0.086923
vt 0.878121 0.086641
vt 0.874836 0.130446
vt 0.878613 0.130551
vt 0.878815 0.123283
vt 0.875121 0.123081
vt 0.874468 0.156157
vt 0.878589 0.156200
vt 0.878552 0.137857
vt 0.874679 0.137787
vt 0.875830 0.113914
vt 0.879528 0.114233
vt 0.875441 0.118474
vt 0.879163 0.118787
vt 0.874338 0.174520
vt 0.878710 0.174557
vt 0.778517 0.290985
vt 0.778312 0.286576
vt 0.763960 0.286954
vt 0.769553 0.291202
vt 0.057013 0.899323
vt 0.068152 0.909501
vt 0.066534 0.883023
vt 0.058876 0.878315
vt 0.879516 0.249454
vt 0.873870 0.249248
vt 0.873732 0.252683
vt 0.879384 0.252940
vt 0.879541 0.241826
vt 0.874044 0.241748
vt 0.873975 0.245622
vt 0.879556 0.245761
vt 0.880092 0.288806
vt 0.874000 0.289140
vt 0.874100 0.291825
vt 0.880514 0.291882
vt 0.753616 0.231090
vt 0.778998 0.231380
vt 0.779156 0.216272
vt 0.753926 0.216030
vt 0.754049 0.140578
vt 0.779464 0.140627
vt 0.779490 0.131670
vt 0.754046 0.131562
vt 0.779542 0.122518
vt 0.754073 0.122331
vt 0.754339 0.100799
vt 0.779713 0.100833
vt 0.779711 0.098890
vt 0.754367 0.099001
vt 0.172520 0.953800
vt 0.165458 0.974425
vt 0.167066 0.974916
vt 0.754166 0.029982
vt 0.746206 0.029850
vt 0.753843 0.073109
vt 0.779263 0.072718
vt 0.779232 0.069843
vt 0.753570 0.069822
vt 0.140118 0.953943
vt 0.147523 0.959494
vt 0.163193 0.948640
vt 0.154050 0.942388
vt 0.053722 0.876859
vt 0.048120 0.890511
vt 0.886928 0.525900
vt 0.878828 0.525712
vt 0.878530 0.537724
vt 0.886742 0.537958
vt 0.887386 0.488155
vt 0.879427 0.488094
vt 0.879383 0.493286
vt 0.887416 0.493362
vt 0.879276 0.502229
vt 0.887334 0.502346
vt 0.887425 0.457993
vt 0.879487 0.458029
vt 0.879508 0.471295
vt 0.887483 0.471305
vt 0.887142 0.439043
vt 0.879328 0.439132
vt 0.879407 0.446580
vt 0.887285 0.446509
vt 0.886525 0.407653
vt 0.878834 0.407815
vt 0.878985 0.415778
vt 0.886804 0.415647
vt 0.885134 0.364469
vt 0.877448 0.364786
vt 0.877796 0.373534
vt 0.885503 0.373242
vt 0.878116 0.382318
vt 0.885845 0.382054
vt 0.883762 0.336523
vt 0.876126 0.336953
vt 0.876495 0.343897
vt 0.884135 0.343509
vt 0.876834 0.350869
vt 0.884488 0.350509
vt 0.882877 0.322495
vt 0.875239 0.323047
vt 0.875715 0.330036
vt 0.883357 0.329547
vt 0.881857 0.308991
vt 0.874189 0.309579
vt 0.881489 0.304258
vt 0.874012 0.304104
vt 0.874017 0.306934
vt 0.881718 0.306657
vt 0.881132 0.299159
vt 0.874094 0.298984
vt 0.877773 0.274641
vt 0.872395 0.274502
vt 0.872718 0.277904
vt 0.878044 0.277212
vt 0.878065 0.267721
vt 0.872846 0.267390
vt 0.872638 0.270431
vt 0.877815 0.270760
vt 0.879138 0.282288
vt 0.873406 0.283001
vt 0.873766 0.286167
vt 0.879699 0.285532
vt 0.873220 0.279796
vt 0.878414 0.279123
vt 0.778653 0.258071
vt 0.753490 0.257385
vt 0.753843 0.268794
vt 0.778474 0.269757
vt 0.178105 0.975515
vt 0.182487 0.959302
vt 0.753722 0.044568
vt 0.779432 0.044825
vt 0.779447 0.043326
vt 0.754039 0.043083
vt 0.754063 0.040281
vt 0.779475 0.040497
vt 0.779483 0.039649
vt 0.754043 0.039401
vt 0.063087 0.843678
vt 0.073204 0.853115
vt 0.087582 0.841405
vt 0.075662 0.832193
vt 0.232661 0.929651
vt 0.224924 0.924656
vt 0.214448 0.941189
vt 0.223016 0.946094
vt 0.779698 0.097061
vt 0.754362 0.097324
vt 0.753998 0.151114
vt 0.779451 0.151172
vt 0.779286 0.200633
vt 0.754039 0.200453
vt 0.753433 0.243601
vt 0.778846 0.244005
vt 0.199446 0.898194
vt 0.177677 0.905923
vt 0.180180 0.908951
vt 0.879471 0.481463
vt 0.887405 0.481505
vt 0.878651 0.399852
vt 0.886427 0.399656
vt 0.879231 0.431687
vt 0.887092 0.431578
vt 0.884762 0.357491
vt 0.877150 0.357827
vt 0.874128 0.294454
vt 0.880720 0.294575
vt 0.878632 0.262208
vt 0.873219 0.261879
vt 0.873562 0.256064
vt 0.879161 0.256365
vt 0.879419 0.234989
vt 0.874070 0.234971
vt 0.874106 0.222954
vt 0.879232 0.222984
vt 0.183157 0.362550
vt 0.185351 0.366874
vt 0.181009 0.364296
vt 0.183329 0.368742
vt 0.177721 0.367960
vt 0.180462 0.372297
vt 0.188899 0.379092
vt 0.190539 0.377270
vt 0.191550 0.376607
vt 0.181373 0.397824
vt 0.183823 0.390244
vt 0.173257 0.385251
vt 0.169394 0.393854
vt 0.168493 0.382976
vt 0.177024 0.377721
vt 0.173260 0.374393
vt 0.185741 0.385238
vt 0.178095 0.410303
vt 0.163938 0.406255
vt 0.158557 0.418656
vt 0.175650 0.422791
vt 0.157780 0.404464
vt 0.163980 0.391992
vt 0.151397 0.416847
vt 0.082057 0.803608
vt 0.079234 0.807830
vt 0.104364 0.821834
vt 0.106528 0.817752
vt 0.056713 0.866905
vt 0.061352 0.862167
vt 0.053455 0.853046
vt 0.048736 0.857855
vt 0.158655 0.550271
vt 0.135910 0.548720
vt 0.135264 0.560825
vt 0.157201 0.562702
vt 0.187004 0.382251
vt 0.151236 0.434356
vt 0.172780 0.438348
vt 0.964220 0.078427
vt 0.963474 0.089881
vt 0.965896 0.089958
vt 0.966632 0.078412
vt 0.140236 0.482501
vt 0.166340 0.485359
vt 0.169507 0.460881
vt 0.142772 0.457497
vt 0.145812 0.446014
vt 0.171146 0.449724
vt 0.133062 0.448457
vt 0.135021 0.444386
vt 0.962667 0.101105
vt 0.965284 0.101078
vt 0.961210 0.125702
vt 0.963707 0.125853
vt 0.127903 0.499458
vt 0.138739 0.501645
vt 0.128823 0.481092
vt 0.163861 0.505721
vt 0.126329 0.547948
vt 0.125929 0.566813
vt 0.134847 0.567721
vt 0.126108 0.559971
vt 0.156276 0.570200
vt 0.125386 0.570714
vt 0.134249 0.571973
vt 0.155618 0.574916
vt 0.132582 0.578882
vt 0.154780 0.581795
vt 0.956339 0.215613
vt 0.955882 0.222517
vt 0.958178 0.222645
vt 0.958531 0.215614
vt 0.119075 0.585838
vt 0.129272 0.587381
vt 0.121972 0.580737
vt 0.955345 0.231483
vt 0.957604 0.231545
vt 0.113232 0.599299
vt 0.125266 0.603691
vt 0.125988 0.595651
vt 0.113063 0.596719
vt 0.153792 0.590734
vt 0.152748 0.600027
vt 0.954753 0.240800
vt 0.957075 0.240861
vt 0.954286 0.249549
vt 0.956581 0.249603
vt 0.238918 0.603802
vt 0.255090 0.604386
vt 0.257706 0.596898
vt 0.240195 0.595134
vt 0.115161 0.604124
vt 0.113883 0.601136
vt 0.954354 0.259246
vt 0.956662 0.258827
vt 0.238507 0.613021
vt 0.253478 0.612455
vt 0.116198 0.613612
vt 0.126372 0.616594
vt 0.126594 0.613262
vt 0.116591 0.610529
vt 0.954711 0.266449
vt 0.956796 0.266155
vt 0.956013 0.282957
vt 0.958079 0.282695
vt 0.832005 0.085662
vt 0.829655 0.085591
vt 0.828980 0.101080
vt 0.831210 0.100942
vt 0.239821 0.636904
vt 0.254159 0.635640
vt 0.253307 0.620151
vt 0.238559 0.620354
vt 0.116632 0.649696
vt 0.126925 0.648799
vt 0.125827 0.642220
vt 0.115228 0.642764
vt 0.154608 0.642140
vt 0.155293 0.648053
vt 0.117361 0.656651
vt 0.127682 0.655994
vt 0.155712 0.655073
vt 0.117617 0.663651
vt 0.128042 0.663657
vt 0.155825 0.663911
vt 0.117177 0.677662
vt 0.127494 0.678197
vt 0.127978 0.670953
vt 0.117543 0.670673
vt 0.155541 0.671667
vt 0.116713 0.684643
vt 0.126893 0.685434
vt 0.154921 0.679517
vt 0.154043 0.687417
vt 0.115769 0.693380
vt 0.125672 0.694583
vt 0.114493 0.702113
vt 0.124263 0.703635
vt 0.152038 0.697913
vt 0.149872 0.708513
vt 0.110826 0.719334
vt 0.120144 0.721889
vt 0.144365 0.728892
vt 0.118100 0.730057
vt 0.141437 0.737897
vt 0.116091 0.738231
vt 0.138365 0.746928
vt 0.109237 0.753730
vt 0.131509 0.764800
vt 0.106124 0.760783
vt 0.099969 0.749364
vt 0.096977 0.756204
vt 0.127221 0.774835
vt 0.088665 0.773237
vt 0.097904 0.778184
vt 0.103029 0.767845
vt 0.093885 0.763003
vt 0.118605 0.793636
vt 0.122463 0.785409
vt 0.081867 0.784684
vt 0.091268 0.789836
vt 0.114259 0.802706
vt 0.076091 0.793090
vt 0.085661 0.798220
vt 0.109930 0.811281
vt 0.072167 0.798458
vt 0.100925 0.829354
vt 0.879109 0.511918
vt 0.887175 0.512063
vt 0.069051 0.802630
vt 0.063313 0.809550
vt 0.074100 0.814848
vt 0.108425 0.726968
vt 0.105844 0.734546
vt 0.163841 0.973628
vt 0.144315 0.934758
vt 0.132431 0.949189
vt 0.135992 0.927841
vt 0.123163 0.944122
vt 0.191316 0.976158
vt 0.192580 0.964990
vt 0.878307 0.545504
vt 0.886441 0.545880
vt 0.080434 0.863888
vt 0.076326 0.855592
vt 0.063357 0.864675
vt 0.064506 0.868161
vt 0.130463 0.922991
vt 0.126200 0.919371
vt 0.112132 0.938207
vt 0.117121 0.940893
vt 0.083089 0.872325
vt 0.109194 0.872699
vt 0.098471 0.854882
vt 0.754083 0.086300
vt 0.779508 0.085837
vt 0.744323 0.072151
vt 0.743406 0.077086
vt 0.047423 0.875727
vt 0.055715 0.871141
vt 0.040424 0.865780
vt 0.112989 0.890479
vt 0.085552 0.882224
vt 0.085750 0.891525
vt 0.113144 0.908378
vt 0.131668 0.881825
vt 0.128624 0.872122
vt 0.065578 0.872647
vt 0.066029 0.824611
vt 0.054584 0.835451
vt 0.233036 0.951235
vt 0.232445 0.953094
vt 0.242566 0.958574
vt 0.242992 0.956308
vt 0.701960 0.206209
vt 0.702254 0.213385
vt 0.712006 0.212980
vt 0.711713 0.205815
vt 0.105461 0.835214
vt 0.101425 0.831563
vt 0.090334 0.844175
vt 0.056762 0.816753
vt 0.779400 0.181060
vt 0.753708 0.180948
vt 0.135473 0.895144
vt 0.134638 0.889456
vt 0.047115 0.826793
vt 0.115998 0.843983
vt 0.066200 0.875887
vt 0.066302 0.880094
vt 0.122880 0.915989
vt 0.122510 0.915097
vt 0.112998 0.910043
vt 0.060562 0.872064
vt 0.060361 0.874286
vt 0.044826 0.843245
vt 0.038521 0.835370
vt 0.036499 0.864825
vt 0.032825 0.852364
vt 0.029615 0.853976
vt 0.121156 0.848431
vt 0.032641 0.840767
vt 0.039385 0.847772
vt 0.778037 0.279349
vt 0.778041 0.278493
vt 0.753408 0.277863
vt 0.754200 0.278716
vt 0.878018 0.554116
vt 0.877989 0.556683
vt 0.886932 0.556521
vt 0.886082 0.554238
vt 0.753935 0.270306
vt 0.778412 0.271371
vt 0.778451 0.270555
vt 0.754164 0.269593
vt 0.026193 0.846195
vt 0.025224 0.848450
vt 0.059094 0.867659
vt 0.059011 0.876141
vt 0.059973 0.869546
vt 0.778068 0.277421
vt 0.753345 0.276792
vt 0.036624 0.865988
vt 0.035946 0.866829
vt 0.030845 0.870937
vt 0.030875 0.872083
vt 0.332608 0.751349
vt 0.329058 0.760222
vt 0.357579 0.766419
vt 0.359615 0.759493
vt 0.323361 0.796456
vt 0.324068 0.805685
vt 0.355374 0.802257
vt 0.354806 0.795056
vt 0.244991 0.962967
vt 0.336553 0.742636
vt 0.362196 0.752747
vt 0.341122 0.734226
vt 0.365327 0.746230
vt 0.362151 0.888417
vt 0.368777 0.894904
vt 0.390406 0.871362
vt 0.385293 0.866315
vt 0.346247 0.726212
vt 0.368994 0.740008
vt 0.351929 0.718545
vt 0.373170 0.734115
vt 0.350625 0.873949
vt 0.356319 0.881215
vt 0.380505 0.860962
vt 0.376072 0.855311
vt 0.358313 0.711370
vt 0.377828 0.728600
vt 0.345415 0.866327
vt 0.372006 0.849390
vt 0.365090 0.704734
vt 0.382917 0.723488
vt 0.340711 0.858362
vt 0.368318 0.843222
vt 0.372383 0.698496
vt 0.388426 0.718830
vt 0.336563 0.850078
vt 0.365049 0.836815
vt 0.380153 0.693048
vt 0.394329 0.714677
vt 0.332987 0.841534
vt 0.362217 0.830201
vt 0.388392 0.688382
vt 0.400562 0.711048
vt 0.323316 0.787174
vt 0.354731 0.787845
vt 0.329868 0.832808
vt 0.359834 0.823407
vt 0.397045 0.684401
vt 0.407073 0.707918
vt 0.324419 0.777999
vt 0.355176 0.780647
vt 0.188953 0.891933
vt 0.195184 0.889991
vt 0.192328 0.881176
vt 0.191200 0.886754
vt 0.326266 0.768999
vt 0.356101 0.773490
vt 0.325379 0.814841
vt 0.327320 0.823875
vt 0.357874 0.816471
vt 0.356404 0.809408
vt 0.391209 0.911205
vt 0.407635 0.884291
vt 0.926344 0.515533
vt 0.924465 0.506517
vt 0.922070 0.506863
vt 0.923700 0.516083
vt 0.928066 0.524652
vt 0.925347 0.524885
vt 0.930129 0.533897
vt 0.927578 0.534721
vt 0.932265 0.542567
vt 0.929486 0.542620
vt 0.190176 0.872206
vt 0.189583 0.872416
vt 0.191626 0.881091
vt 0.188403 0.863138
vt 0.187743 0.863133
vt 0.186984 0.853995
vt 0.186348 0.853962
vt 0.186073 0.844755
vt 0.184791 0.844882
vt 0.930283 0.548274
vt 0.932128 0.548258
vt 0.133664 0.900024
vt 0.924486 0.570673
vt 0.926392 0.570009
vt 0.931423 0.553873
vt 0.929632 0.553403
vt 0.924627 0.571416
vt 0.924971 0.572315
vt 0.926629 0.571521
vt 0.926302 0.570866
vt 0.217707 0.918935
vt 0.211046 0.912550
vt 0.196827 0.926196
vt 0.205688 0.934431
vt 0.240688 0.934236
vt 0.204877 0.905669
vt 0.189277 0.918303
vt 0.184549 0.913319
vt 0.779425 0.171926
vt 0.753783 0.171842
vt 0.927622 0.576216
vt 0.928925 0.574721
vt 0.104930 0.934152
vt 0.753895 0.163599
vt 0.779439 0.163667
vt 0.779445 0.158012
vt 0.753931 0.157948
vt 0.932935 0.579440
vt 0.931025 0.580619
vt 0.937193 0.584854
vt 0.935440 0.586455
vt 0.942249 0.594798
vt 0.943914 0.593497
vt 0.950290 0.604116
vt 0.951825 0.602688
vt 0.957885 0.612102
vt 0.959521 0.610674
vt 0.779585 0.030252
vt 0.085553 0.894385
vt 0.712657 0.228135
vt 0.702917 0.228569
vt 0.703248 0.235818
vt 0.712984 0.235373
vt 0.956468 0.288895
vt 0.958607 0.288651
vt 0.702563 0.220563
vt 0.712308 0.220145
vt 0.276566 0.942101
vt 0.276486 0.964109
vt 0.965900 0.619049
vt 0.967110 0.617027
vt 0.923330 0.503228
vt 0.921271 0.503585
vt 0.920510 0.493071
vt 0.918117 0.493945
vt 0.920354 0.500338
vt 0.922800 0.499728
vt 0.915806 0.480566
vt 0.913828 0.481071
vt 0.914202 0.475820
vt 0.912335 0.475877
vt 0.913801 0.475036
vt 0.912213 0.475101
vt 0.914223 0.473688
vt 0.912493 0.473522
vt 0.912161 0.474366
vt 0.914060 0.474464
vt 0.183494 0.841652
vt 0.188684 0.826562
vt 0.191746 0.817871
vt 0.173886 0.806308
vt 0.171120 0.810153
vt 0.195952 0.809284
vt 0.178893 0.800169
vt 0.200910 0.801099
vt 0.184082 0.792949
vt 0.918098 0.461915
vt 0.916029 0.466046
vt 0.917712 0.466791
vt 0.919454 0.462390
vt 0.206701 0.793472
vt 0.189848 0.784647
vt 0.921216 0.455303
vt 0.923072 0.455347
vt 0.213161 0.786484
vt 0.194968 0.776954
vt 0.925017 0.446483
vt 0.926406 0.447110
vt 0.201721 0.766487
vt 0.220245 0.780082
vt 0.928692 0.437122
vt 0.930194 0.437744
vt 0.228044 0.774467
vt 0.207417 0.757239
vt 0.123324 0.851032
vt 0.710195 0.162827
vt 0.710011 0.155661
vt 0.700382 0.155889
vt 0.700540 0.163094
vt 0.126842 0.863264
vt 0.931842 0.428601
vt 0.933433 0.429095
vt 0.277010 0.749349
vt 0.263042 0.760180
vt 0.266602 0.750445
vt 0.261566 0.751344
vt 0.253811 0.762312
vt 0.250852 0.753722
vt 0.245851 0.754706
vt 0.236201 0.769618
vt 0.244849 0.765447
vt 0.240849 0.755690
vt 0.234953 0.755205
vt 0.215910 0.740425
vt 0.935631 0.417644
vt 0.937708 0.417402
vt 0.231152 0.751419
vt 0.230901 0.746279
vt 0.219909 0.732171
vt 0.938963 0.407252
vt 0.941377 0.407185
vt 0.813092 0.218087
vt 0.810733 0.218449
vt 0.812384 0.223550
vt 0.814636 0.222127
vt 0.169398 0.822407
vt 0.166150 0.817045
vt 0.165939 0.817636
vt 0.166423 0.818372
vt 0.944153 0.388824
vt 0.946320 0.389018
vt 0.946444 0.379572
vt 0.948711 0.380168
vt 0.223705 0.723028
vt 0.234778 0.732755
vt 0.243699 0.707828
vt 0.231052 0.703256
vt 0.950777 0.370491
vt 0.948593 0.370351
vt 0.247571 0.695459
vt 0.234355 0.692728
vt 0.952573 0.349629
vt 0.954793 0.349795
vt 0.954121 0.338918
vt 0.956594 0.338915
vt 0.250013 0.684427
vt 0.236829 0.682398
vt 0.251576 0.675723
vt 0.238137 0.674547
vt 0.955502 0.328321
vt 0.957760 0.328363
vt 0.252921 0.667330
vt 0.239362 0.666570
vt 0.956106 0.320391
vt 0.958212 0.320421
vt 0.253457 0.660073
vt 0.240091 0.658911
vt 0.956541 0.312528
vt 0.958762 0.312373
vt 0.958981 0.304687
vt 0.956751 0.304768
vt 0.254160 0.649822
vt 0.240438 0.650036
vt 0.254175 0.642065
vt 0.240286 0.642869
vt 0.956707 0.295927
vt 0.958930 0.295809
vt 0.657594 0.836155
vt 0.657920 0.850526
vt 0.832764 0.078133
vt 0.830255 0.077921
vt 0.658023 0.821402
vt 0.657639 0.829276
vt 0.833723 0.070089
vt 0.831567 0.069802
vt 0.658850 0.814122
vt 0.835289 0.062258
vt 0.833084 0.062020
vt 0.837097 0.054207
vt 0.834759 0.053853
vt 0.260787 0.589147
vt 0.241644 0.585912
vt 0.839244 0.044863
vt 0.836951 0.044536
vt 0.264726 0.580417
vt 0.243093 0.577107
vt 0.841533 0.036326
vt 0.838908 0.036168
vt 0.268725 0.572806
vt 0.244154 0.570144
vt 0.271681 0.568002
vt 0.244944 0.565475
vt 0.276028 0.561398
vt 0.246240 0.558066
vt 0.956734 0.210876
vt 0.958849 0.210892
vt 0.957240 0.203350
vt 0.959375 0.203392
vt 0.258692 0.481367
vt 0.255409 0.501605
vt 0.960226 0.190886
vt 0.957884 0.190872
vt 0.279263 0.557779
vt 0.278166 0.558888
vt 0.262848 0.456879
vt 0.960106 0.146151
vt 0.962565 0.146313
vt 0.264641 0.445881
vt 0.266676 0.434485
vt 0.269853 0.419184
vt 0.131298 0.455525
vt 0.272369 0.406688
vt 0.275693 0.394400
vt 0.965579 0.062687
vt 0.967927 0.062846
vt 0.278461 0.386995
vt 0.966667 0.050030
vt 0.968849 0.050140
vt 0.280560 0.382290
vt 0.968190 0.037247
vt 0.970109 0.037480
vt 0.281878 0.379444
vt 0.969397 0.029386
vt 0.971487 0.029700
vt 0.280323 0.556771
vt 0.248401 0.545711
vt 0.970393 0.024130
vt 0.972534 0.024658
vt 0.974379 0.016336
vt 0.973299 0.015262
vt 0.975040 0.015360
vt 0.974075 0.014330
vt 0.845929 0.019223
vt 0.844034 0.018510
vt 0.843507 0.019977
vt 0.845411 0.020743
vt 0.844676 0.023746
vt 0.842484 0.023110
vt 0.840431 0.030741
vt 0.843006 0.030787
vt 0.661093 0.797632
vt 0.662472 0.789850
vt 0.659842 0.806445
vt 0.828431 0.107478
vt 0.830927 0.107409
vt 0.827903 0.115214
vt 0.830421 0.115329
vt 0.826805 0.125424
vt 0.829334 0.125198
vt 0.826148 0.132667
vt 0.828654 0.132868
vt 0.824912 0.141072
vt 0.827391 0.140966
vt 0.823664 0.149823
vt 0.826216 0.149560
vt 0.821870 0.160972
vt 0.824414 0.160827
vt 0.819263 0.173662
vt 0.821992 0.173423
vt 0.813626 0.199515
vt 0.816236 0.199663
vt 0.810885 0.213307
vt 0.813441 0.213558
vt 0.816033 0.228201
vt 0.818345 0.226446
vt 0.822001 0.229781
vt 0.819807 0.231624
vt 0.823581 0.235047
vt 0.825657 0.233116
vt 0.831802 0.242308
vt 0.833741 0.240512
vt 0.837410 0.244010
vt 0.835594 0.245737
vt 0.839385 0.249167
vt 0.841078 0.247509
vt 0.844810 0.251428
vt 0.843103 0.253047
vt 0.663410 0.784876
vt 0.658037 0.857619
vt 0.658081 0.865505
vt 0.657937 0.875837
vt 0.657779 0.883728
vt 0.657416 0.891636
vt 0.656963 0.900890
vt 0.656212 0.912299
vt 0.655085 0.925697
vt 0.652225 0.950668
vt 0.166434 0.816305
vt 0.177828 0.832781
vt 0.186656 0.835529
vt 0.700150 0.105367
vt 0.700062 0.112590
vt 0.709614 0.112644
vt 0.709674 0.105472
vt 0.700045 0.134228
vt 0.700188 0.141450
vt 0.709738 0.141315
vt 0.709656 0.134141
vt 0.700270 0.098148
vt 0.709776 0.098311
vt 0.700437 0.090927
vt 0.709921 0.091145
vt 0.700636 0.083699
vt 0.710109 0.083979
vt 0.402353 0.880857
vt 0.384450 0.906769
vt 0.974981 0.625821
vt 0.975911 0.624097
vt 0.700862 0.076481
vt 0.710341 0.076814
vt 0.701674 0.199033
vt 0.711428 0.198651
vt 0.701126 0.069264
vt 0.710615 0.069651
vt 0.701402 0.191855
vt 0.711152 0.191487
vt 0.701432 0.062051
vt 0.710927 0.062492
vt 0.701149 0.184673
vt 0.710887 0.184323
vt 0.701754 0.054844
vt 0.711278 0.055336
vt 0.700916 0.177484
vt 0.710637 0.177157
vt 0.702132 0.047640
vt 0.711667 0.048182
vt 0.700711 0.170292
vt 0.710406 0.169992
vt 0.702588 0.040437
vt 0.712094 0.041031
vt 0.703116 0.033244
vt 0.712559 0.033882
vt 0.699988 0.127018
vt 0.709609 0.126976
vt 0.703696 0.026043
vt 0.713062 0.026732
vt 0.703550 0.242111
vt 0.713274 0.241657
vt 0.396503 0.876565
vt 0.376709 0.901519
vt 0.700011 0.119806
vt 0.709594 0.119810
vt 0.700290 0.148675
vt 0.709857 0.148493
vt 0.265372 0.964448
vt 0.268513 0.941508
vt 0.259247 0.940311
vt 0.260144 0.963093
vt 0.177659 0.904452
vt 0.177369 0.905261
vt 0.254104 0.961254
vt 0.251873 0.976380
vt 0.250496 0.959572
vt 0.251413 0.976063
vt 0.080495 0.919111
vt 0.097051 0.929546
vt 0.030289 0.871446
vt 0.182053 0.838416
vt 0.666036 0.773746
vt 0.666415 0.772102
vt 0.664660 0.778730
vt 0.122467 0.914338
vt 0.038759 0.880376
vt 0.137388 0.440467
vt 0.142132 0.432645
vt 0.130277 0.462774
vt 0.285355 0.375322
vt 0.286444 0.374869
vt 0.284326 0.554726
vt 0.665310 0.776326
vt 0.124536 0.574312
vt 0.123390 0.577608
vt 0.111052 0.627483
vt 0.125999 0.619517
vt 0.111574 0.625124
vt 0.116186 0.607252
vt 0.116100 0.590514
vt 0.114515 0.593120
vt 0.111298 0.629815
vt 0.113644 0.620438
vt 0.115301 0.616156
vt 0.151931 0.608770
vt 0.151981 0.618476
vt 0.152545 0.625691
vt 0.845848 0.014008
vt 0.845155 0.015378
vt 0.846861 0.015865
vt 0.847591 0.014913
vt 0.661753 0.778738
vt 0.663080 0.776337
vt 0.283221 0.555034
vt 0.281812 0.555646
vt 0.658781 0.778711
vt 0.660615 0.776222
vt 0.659227 0.784884
vt 0.655016 0.784890
vt 0.664639 0.773898
vt 0.665435 0.772414
vt 0.662784 0.773962
vt 0.664268 0.772695
vt 0.642385 0.925270
vt 0.636646 0.950474
vt 0.629658 0.924838
vt 0.621046 0.950287
vt 0.644663 0.912389
vt 0.633083 0.912475
vt 0.646172 0.901092
vt 0.635345 0.901290
vt 0.647083 0.892181
vt 0.636706 0.892722
vt 0.647819 0.884166
vt 0.637831 0.884602
vt 0.648145 0.876378
vt 0.638313 0.876917
vt 0.648448 0.866252
vt 0.638786 0.866998
vt 0.648370 0.858340
vt 0.638667 0.859062
vt 0.648142 0.851561
vt 0.638321 0.852597
vt 0.657341 0.789860
vt 0.652181 0.789871
vt 0.647509 0.836739
vt 0.647607 0.829518
vt 0.637381 0.837324
vt 0.637543 0.829758
vt 0.650054 0.814144
vt 0.652054 0.806464
vt 0.641214 0.814156
vt 0.644227 0.806474
vt 0.654562 0.797650
vt 0.647994 0.797655
vt 0.846357 0.012980
vt 0.848032 0.013985
vt 0.648387 0.821574
vt 0.638705 0.821739
vt 0.646980 0.967084
vt 0.636291 0.969500
vt 0.656997 0.965504
vt 0.651989 0.966294
vt 0.662402 0.965226
vt 0.626604 0.971541
vt 0.631447 0.970520
vt 0.617699 0.968553
vt 0.620910 0.971452
vt 0.617508 0.964014
vt 0.661723 0.775059
vt 0.663840 0.775157
vt 0.665679 0.775038
vt 0.844497 0.017123
vt 0.846337 0.017752
vt 0.100715 0.830236
vt 0.100967 0.830927
vt 0.124948 0.854014
vt 0.754048 0.038448
vt 0.779493 0.038695
vt 0.271349 0.964742
vt 0.269256 0.964864
vt 0.746070 0.039197
vt 0.746074 0.038313
vt 0.745231 0.057699
vt 0.753748 0.058046
vt 0.753761 0.057446
vt 0.745332 0.057152
vt 0.779280 0.058368
vt 0.779288 0.057776
vt 0.753772 0.056898
vt 0.745419 0.056650
vt 0.779295 0.057235
vt 0.746073 0.040074
vt 0.746089 0.042883
vt 0.745977 0.044386
vt 0.276470 0.968428
vt 0.270218 0.969648
vt 0.746100 0.036138
vt 0.267532 0.971091
vt 0.267247 0.964847
vt 0.267058 0.971839
vt 0.268174 0.970469
vt 0.245918 0.957472
vt 0.249275 0.937661
vt 0.252355 0.976554
vt 0.265768 0.974360
vt 0.264643 0.975377
vt 0.272491 0.758939
vt 0.271637 0.749547
vt 0.283858 0.376820
vt 0.887041 0.024039
vt 0.885299 0.039414
vt 0.884493 0.049183
vt 0.886039 0.031633
vt 0.973849 0.018385
vt 0.972996 0.021558
vt 0.971073 0.020965
vt 0.972203 0.017461
vt 0.886592 0.026761
vt 0.883726 0.059212
vt 0.882662 0.073063
vt 0.881695 0.086923
vt 0.880256 0.105133
vt 0.878815 0.123283
vt 0.878613 0.130551
vt 0.878552 0.137857
vt 0.878589 0.156200
vt 0.879528 0.114233
vt 0.879163 0.118787
vt 0.878710 0.174557
vt 0.769553 0.291202
vt 0.763960 0.286954
vt 0.057013 0.899323
vt 0.058876 0.878315
vt 0.066534 0.883023
vt 0.068152 0.909501
vt 0.879516 0.249454
vt 0.879384 0.252940
vt 0.879541 0.241826
vt 0.879556 0.245761
vt 0.880092 0.288806
vt 0.880514 0.291882
vt 0.753616 0.231090
vt 0.753926 0.216030
vt 0.754049 0.140578
vt 0.754046 0.131562
vt 0.754073 0.122331
vt 0.754339 0.100799
vt 0.754367 0.099001
vt 0.172520 0.953800
vt 0.167066 0.974916
vt 0.165458 0.974425
vt 0.754166 0.029982
vt 0.746206 0.029850
vt 0.753843 0.073109
vt 0.753570 0.069822
vt 0.140118 0.953943
vt 0.154050 0.942388
vt 0.163193 0.948640
vt 0.147523 0.959494
vt 0.048120 0.890511
vt 0.053722 0.876859
vt 0.886928 0.525900
vt 0.886742 0.537958
vt 0.887386 0.488155
vt 0.887416 0.493362
vt 0.887334 0.502346
vt 0.887425 0.457993
vt 0.887483 0.471305
vt 0.887142 0.439043
vt 0.887285 0.446509
vt 0.886525 0.407653
vt 0.886804 0.415647
vt 0.885134 0.364469
vt 0.885503 0.373242
vt 0.885845 0.382054
vt 0.883762 0.336523
vt 0.884135 0.343509
vt 0.884488 0.350509
vt 0.882877 0.322495
vt 0.883357 0.329547
vt 0.881857 0.308991
vt 0.881489 0.304258
vt 0.881718 0.306657
vt 0.881132 0.299159
vt 0.877773 0.274641
vt 0.878044 0.277212
vt 0.878065 0.267721
vt 0.877815 0.270760
vt 0.879138 0.282288
vt 0.879699 0.285532
vt 0.878414 0.279123
vt 0.753843 0.268794
vt 0.753490 0.257385
vt 0.182487 0.959302
vt 0.178105 0.975515
vt 0.753722 0.044568
vt 0.754039 0.043083
vt 0.754063 0.040281
vt 0.754043 0.039401
vt 0.063087 0.843678
vt 0.075662 0.832193
vt 0.087582 0.841405
vt 0.073204 0.853115
vt 0.232661 0.929651
vt 0.223016 0.946094
vt 0.214448 0.941189
vt 0.224924 0.924656
vt 0.754362 0.097324
vt 0.753998 0.151114
vt 0.754039 0.200453
vt 0.753433 0.243601
vt 0.199446 0.898194
vt 0.180180 0.908951
vt 0.177677 0.905923
vt 0.887405 0.481505
vt 0.886427 0.399656
vt 0.887092 0.431578
vt 0.884762 0.357491
vt 0.880720 0.294575
vt 0.878632 0.262208
vt 0.879161 0.256365
vt 0.879419 0.234989
vt 0.879232 0.222984
vt 0.183157 0.362550
vt 0.185351 0.366874
vt 0.181009 0.364296
vt 0.183329 0.368742
vt 0.177721 0.367960
vt 0.180462 0.372297
vt 0.188899 0.379092
vt 0.190539 0.377270
vt 0.191550 0.376607
vt 0.181373 0.397824
vt 0.169394 0.393854
vt 0.173257 0.385251
vt 0.183823 0.390244
vt 0.168493 0.382976
vt 0.173260 0.374393
vt 0.177024 0.377721
vt 0.185741 0.385238
vt 0.178095 0.410303
vt 0.175650 0.422791
vt 0.158557 0.418656
vt 0.163938 0.406255
vt 0.157780 0.404464
vt 0.163980 0.391992
vt 0.151397 0.416847
vt 0.082057 0.803608
vt 0.106528 0.817752
vt 0.104364 0.821834
vt 0.079234 0.807830
vt 0.056713 0.866905
vt 0.048736 0.857855
vt 0.053455 0.853046
vt 0.061352 0.862167
vt 0.158655 0.550271
vt 0.157201 0.562702
vt 0.135264 0.560825
vt 0.135910 0.548720
vt 0.187004 0.382251
vt 0.172780 0.438348
vt 0.151236 0.434356
vt 0.964220 0.078427
vt 0.966632 0.078412
vt 0.965896 0.089958
vt 0.963474 0.089881
vt 0.140236 0.482501
vt 0.142772 0.457497
vt 0.169507 0.460881
vt 0.166340 0.485359
vt 0.171146 0.449724
vt 0.145812 0.446014
vt 0.133062 0.448457
vt 0.135021 0.444386
vt 0.965284 0.101078
vt 0.962667 0.101105
vt 0.963707 0.125853
vt 0.961210 0.125702
vt 0.127903 0.499458
vt 0.128823 0.481092
vt 0.138739 0.501645
vt 0.163861 0.505721
vt 0.126329 0.547948
vt 0.125929 0.566813
vt 0.126108 0.559971
vt 0.134847 0.567721
vt 0.156276 0.570200
vt 0.125386 0.570714
vt 0.134249 0.571973
vt 0.155618 0.574916
vt 0.154780 0.581795
vt 0.132582 0.578882
vt 0.956339 0.215613
vt 0.958531 0.215614
vt 0.958178 0.222645
vt 0.955882 0.222517
vt 0.119075 0.585838
vt 0.121972 0.580737
vt 0.129272 0.587381
vt 0.957604 0.231545
vt 0.955345 0.231483
vt 0.113232 0.599299
vt 0.113063 0.596719
vt 0.125988 0.595651
vt 0.125266 0.603691
vt 0.153792 0.590734
vt 0.152748 0.600027
vt 0.957075 0.240861
vt 0.954753 0.240800
vt 0.956581 0.249603
vt 0.954286 0.249549
vt 0.238918 0.603802
vt 0.240195 0.595134
vt 0.257706 0.596898
vt 0.255090 0.604386
vt 0.115161 0.604124
vt 0.113883 0.601136
vt 0.956662 0.258827
vt 0.954354 0.259246
vt 0.238507 0.613021
vt 0.253478 0.612455
vt 0.116198 0.613612
vt 0.116591 0.610529
vt 0.126594 0.613262
vt 0.126372 0.616594
vt 0.956796 0.266155
vt 0.954711 0.266449
vt 0.958079 0.282695
vt 0.956013 0.282957
vt 0.832005 0.085662
vt 0.831210 0.100942
vt 0.828980 0.101080
vt 0.829655 0.085591
vt 0.239821 0.636904
vt 0.238559 0.620354
vt 0.253307 0.620151
vt 0.254159 0.635640
vt 0.116632 0.649696
vt 0.115228 0.642764
vt 0.125827 0.642220
vt 0.126925 0.648799
vt 0.154608 0.642140
vt 0.155293 0.648053
vt 0.117361 0.656651
vt 0.127682 0.655994
vt 0.155712 0.655073
vt 0.117617 0.663651
vt 0.128042 0.663657
vt 0.155825 0.663911
vt 0.117177 0.677662
vt 0.117543 0.670673
vt 0.127978 0.670953
vt 0.127494 0.678197
vt 0.155541 0.671667
vt 0.116713 0.684643
vt 0.126893 0.685434
vt 0.154921 0.679517
vt 0.154043 0.687417
vt 0.115769 0.693380
vt 0.125672 0.694583
vt 0.124263 0.703635
vt 0.114493 0.702113
vt 0.152038 0.697913
vt 0.149872 0.708513
vt 0.120144 0.721889
vt 0.110826 0.719334
vt 0.144365 0.728892
vt 0.141437 0.737897
vt 0.118100 0.730057
vt 0.138365 0.746928
vt 0.116091 0.738231
vt 0.131509 0.764800
vt 0.109237 0.753730
vt 0.106124 0.760783
vt 0.096977 0.756204
vt 0.099969 0.749364
vt 0.127221 0.774835
vt 0.088665 0.773237
vt 0.093885 0.763003
vt 0.103029 0.767845
vt 0.097904 0.778184
vt 0.122463 0.785409
vt 0.118605 0.793636
vt 0.081867 0.784684
vt 0.091268 0.789836
vt 0.114259 0.802706
vt 0.076091 0.793090
vt 0.085661 0.798220
vt 0.109930 0.811281
vt 0.072167 0.798458
vt 0.100925 0.829354
vt 0.887175 0.512063
vt 0.074100 0.814848
vt 0.063313 0.809550
vt 0.069051 0.802630
vt 0.108425 0.726968
vt 0.105844 0.734546
vt 0.163841 0.973628
vt 0.132431 0.949189
vt 0.144315 0.934758
vt 0.135992 0.927841
vt 0.123163 0.944122
vt 0.191316 0.976158
vt 0.192580 0.964990
vt 0.886441 0.545880
vt 0.080434 0.863888
vt 0.064506 0.868161
vt 0.063357 0.864675
vt 0.076326 0.855592
vt 0.130463 0.922991
vt 0.117121 0.940893
vt 0.112132 0.938207
vt 0.126200 0.919371
vt 0.098471 0.854882
vt 0.109194 0.872699
vt 0.083089 0.872325
vt 0.754083 0.086300
vt 0.743406 0.077086
vt 0.744323 0.072151
vt 0.047423 0.875727
vt 0.040424 0.865780
vt 0.055715 0.871141
vt 0.112989 0.890479
vt 0.113144 0.908378
vt 0.085750 0.891525
vt 0.085552 0.882224
vt 0.131668 0.881825
vt 0.128624 0.872122
vt 0.065578 0.872647
vt 0.066029 0.824611
vt 0.054584 0.835451
vt 0.233036 0.951235
vt 0.242992 0.956308
vt 0.242566 0.958574
vt 0.232445 0.953094
vt 0.701960 0.206209
vt 0.702254 0.213385
vt 0.105461 0.835214
vt 0.090334 0.844175
vt 0.101425 0.831563
vt 0.056762 0.816753
vt 0.753708 0.180948
vt 0.134638 0.889456
vt 0.135473 0.895144
vt 0.047115 0.826793
vt 0.115998 0.843983
vt 0.066200 0.875887
vt 0.066302 0.880094
vt 0.122880 0.915989
vt 0.112998 0.910043
vt 0.122510 0.915097
vt 0.060562 0.872064
vt 0.060361 0.874286
vt 0.044826 0.843245
vt 0.038521 0.835370
vt 0.036499 0.864825
vt 0.029615 0.853976
vt 0.032825 0.852364
vt 0.121156 0.848431
vt 0.032641 0.840767
vt 0.039385 0.847772
vt 0.754200 0.278716
vt 0.753408 0.277863
vt 0.886082 0.554238
vt 0.886932 0.556521
vt 0.753935 0.270306
vt 0.754164 0.269593
vt 0.026193 0.846195
vt 0.025224 0.848450
vt 0.059094 0.867659
vt 0.059011 0.876141
vt 0.059973 0.869546
vt 0.753345 0.276792
vt 0.036624 0.865988
vt 0.035946 0.866829
vt 0.030845 0.870937
vt 0.030875 0.872083
vt 0.332608 0.751349
vt 0.359615 0.759493
vt 0.357579 0.766419
vt 0.329058 0.760222
vt 0.323361 0.796456
vt 0.354806 0.795056
vt 0.355374 0.802257
vt 0.324068 0.805685
vt 0.244991 0.962967
vt 0.336553 0.742636
vt 0.362196 0.752747
vt 0.341122 0.734226
vt 0.365327 0.746230
vt 0.362151 0.888417
vt 0.385293 0.866315
vt 0.390406 0.871362
vt 0.368777 0.894904
vt 0.346247 0.726212
vt 0.368994 0.740008
vt 0.351929 0.718545
vt 0.373170 0.734115
vt 0.350625 0.873949
vt 0.376072 0.855311
vt 0.380505 0.860962
vt 0.356319 0.881215
vt 0.358313 0.711370
vt 0.377828 0.728600
vt 0.345415 0.866327
vt 0.372006 0.849390
vt 0.365090 0.704734
vt 0.382917 0.723488
vt 0.340711 0.858362
vt 0.368318 0.843222
vt 0.372383 0.698496
vt 0.388426 0.718830
vt 0.336563 0.850078
vt 0.365049 0.836815
vt 0.380153 0.693048
vt 0.394329 0.714677
vt 0.332987 0.841534
vt 0.362217 0.830201
vt 0.388392 0.688382
vt 0.400562 0.711048
vt 0.323316 0.787174
vt 0.354731 0.787845
vt 0.329868 0.832808
vt 0.359834 0.823407
vt 0.397045 0.684401
vt 0.407073 0.707918
vt 0.324419 0.777999
vt 0.355176 0.780647
vt 0.188953 0.891933
vt 0.191200 0.886754
vt 0.192328 0.881176
vt 0.195184 0.889991
vt 0.326266 0.768999
vt 0.356101 0.773490
vt 0.325379 0.814841
vt 0.356404 0.809408
vt 0.357874 0.816471
vt 0.327320 0.823875
vt 0.391209 0.911205
vt 0.407635 0.884291
vt 0.926344 0.515533
vt 0.923700 0.516083
vt 0.922070 0.506863
vt 0.924465 0.506517
vt 0.928066 0.524652
vt 0.925347 0.524885
vt 0.930129 0.533897
vt 0.927578 0.534721
vt 0.932265 0.542567
vt 0.929486 0.542620
vt 0.191626 0.881091
vt 0.189583 0.872416
vt 0.190176 0.872206
vt 0.187743 0.863133
vt 0.188403 0.863138
vt 0.186348 0.853962
vt 0.186984 0.853995
vt 0.184791 0.844882
vt 0.186073 0.844755
vt 0.930283 0.548274
vt 0.932128 0.548258
vt 0.133664 0.900024
vt 0.924486 0.570673
vt 0.929632 0.553403
vt 0.931423 0.553873
vt 0.926392 0.570009
vt 0.924627 0.571416
vt 0.926302 0.570866
vt 0.926629 0.571521
vt 0.924971 0.572315
vt 0.217707 0.918935
vt 0.205688 0.934431
vt 0.196827 0.926196
vt 0.211046 0.912550
vt 0.240688 0.934236
vt 0.189277 0.918303
vt 0.204877 0.905669
vt 0.184549 0.913319
vt 0.753783 0.171842
vt 0.928925 0.574721
vt 0.927622 0.576216
vt 0.104930 0.934152
vt 0.753895 0.163599
vt 0.753931 0.157948
vt 0.932935 0.579440
vt 0.931025 0.580619
vt 0.937193 0.584854
vt 0.935440 0.586455
vt 0.942249 0.594798
vt 0.943914 0.593497
vt 0.950290 0.604116
vt 0.951825 0.602688
vt 0.957885 0.612102
vt 0.959521 0.610674
vt 0.085553 0.894385
vt 0.703248 0.235818
vt 0.702917 0.228569
vt 0.956468 0.288895
vt 0.958607 0.288651
vt 0.702563 0.220563
vt 0.276486 0.964109
vt 0.276566 0.942101
vt 0.965900 0.619049
vt 0.967110 0.617027
vt 0.923330 0.503228
vt 0.921271 0.503585
vt 0.920510 0.493071
vt 0.922800 0.499728
vt 0.920354 0.500338
vt 0.918117 0.493945
vt 0.915806 0.480566
vt 0.913828 0.481071
vt 0.914202 0.475820
vt 0.912335 0.475877
vt 0.913801 0.475036
vt 0.912213 0.475101
vt 0.914223 0.473688
vt 0.914060 0.474464
vt 0.912161 0.474366
vt 0.912493 0.473522
vt 0.183494 0.841652
vt 0.188684 0.826562
vt 0.171120 0.810153
vt 0.173886 0.806308
vt 0.191746 0.817871
vt 0.178893 0.800169
vt 0.195952 0.809284
vt 0.184082 0.792949
vt 0.200910 0.801099
vt 0.918098 0.461915
vt 0.919454 0.462390
vt 0.917712 0.466791
vt 0.916029 0.466046
vt 0.189848 0.784647
vt 0.206701 0.793472
vt 0.921216 0.455303
vt 0.923072 0.455347
vt 0.194968 0.776954
vt 0.213161 0.786484
vt 0.925017 0.446483
vt 0.926406 0.447110
vt 0.201721 0.766487
vt 0.220245 0.780082
vt 0.928692 0.437122
vt 0.930194 0.437744
vt 0.207417 0.757239
vt 0.228044 0.774467
vt 0.123324 0.851032
vt 0.700540 0.163094
vt 0.700382 0.155889
vt 0.126842 0.863264
vt 0.931842 0.428601
vt 0.933433 0.429095
vt 0.277010 0.749349
vt 0.263042 0.760180
vt 0.261566 0.751344
vt 0.266602 0.750445
vt 0.253811 0.762312
vt 0.250852 0.753722
vt 0.245851 0.754706
vt 0.236201 0.769618
vt 0.234953 0.755205
vt 0.240849 0.755690
vt 0.244849 0.765447
vt 0.215910 0.740425
vt 0.935631 0.417644
vt 0.937708 0.417402
vt 0.219909 0.732171
vt 0.230901 0.746279
vt 0.231152 0.751419
vt 0.938963 0.407252
vt 0.941377 0.407185
vt 0.813092 0.218087
vt 0.814636 0.222127
vt 0.812384 0.223550
vt 0.810733 0.218449
vt 0.169398 0.822407
vt 0.166423 0.818372
vt 0.165939 0.817636
vt 0.166150 0.817045
vt 0.944153 0.388824
vt 0.946320 0.389018
vt 0.946444 0.379572
vt 0.948711 0.380168
vt 0.223705 0.723028
vt 0.234778 0.732755
vt 0.231052 0.703256
vt 0.243699 0.707828
vt 0.950777 0.370491
vt 0.948593 0.370351
vt 0.234355 0.692728
vt 0.247571 0.695459
vt 0.952573 0.349629
vt 0.954793 0.349795
vt 0.954121 0.338918
vt 0.956594 0.338915
vt 0.236829 0.682398
vt 0.250013 0.684427
vt 0.238137 0.674547
vt 0.251576 0.675723
vt 0.955502 0.328321
vt 0.957760 0.328363
vt 0.239362 0.666570
vt 0.252921 0.667330
vt 0.956106 0.320391
vt 0.958212 0.320421
vt 0.240091 0.658911
vt 0.253457 0.660073
vt 0.956541 0.312528
vt 0.958762 0.312373
vt 0.956751 0.304768
vt 0.958981 0.304687
vt 0.240438 0.650036
vt 0.254160 0.649822
vt 0.240286 0.642869
vt 0.254175 0.642065
vt 0.956707 0.295927
vt 0.958930 0.295809
vt 0.657594 0.836155
vt 0.657920 0.850526
vt 0.832764 0.078133
vt 0.830255 0.077921
vt 0.658023 0.821402
vt 0.657639 0.829276
vt 0.833723 0.070089
vt 0.831567 0.069802
vt 0.658850 0.814122
vt 0.835289 0.062258
vt 0.833084 0.062020
vt 0.837097 0.054207
vt 0.834759 0.053853
vt 0.241644 0.585912
vt 0.260787 0.589147
vt 0.839244 0.044863
vt 0.836951 0.044536
vt 0.243093 0.577107
vt 0.264726 0.580417
vt 0.841533 0.036326
vt 0.838908 0.036168
vt 0.244154 0.570144
vt 0.268725 0.572806
vt 0.244944 0.565475
vt 0.271681 0.568002
vt 0.246240 0.558066
vt 0.276028 0.561398
vt 0.956734 0.210876
vt 0.958849 0.210892
vt 0.957240 0.203350
vt 0.959375 0.203392
vt 0.255409 0.501605
vt 0.258692 0.481367
vt 0.957884 0.190872
vt 0.960226 0.190886
vt 0.279263 0.557779
vt 0.278166 0.558888
vt 0.262848 0.456879
vt 0.960106 0.146151
vt 0.962565 0.146313
vt 0.264641 0.445881
vt 0.266676 0.434485
vt 0.269853 0.419184
vt 0.131298 0.455525
vt 0.272369 0.406688
vt 0.275693 0.394400
vt 0.965579 0.062687
vt 0.967927 0.062846
vt 0.278461 0.386995
vt 0.966667 0.050030
vt 0.968849 0.050140
vt 0.280560 0.382290
vt 0.968190 0.037247
vt 0.970109 0.037480
vt 0.281878 0.379444
vt 0.969397 0.029386
vt 0.971487 0.029700
vt 0.280323 0.556771
vt 0.248401 0.545711
vt 0.970393 0.024130
vt 0.972534 0.024658
vt 0.973299 0.015262
vt 0.974379 0.016336
vt 0.975040 0.015360
vt 0.974075 0.014330
vt 0.845929 0.019223
vt 0.845411 0.020743
vt 0.843507 0.019977
vt 0.844034 0.018510
vt 0.844676 0.023746
vt 0.843006 0.030787
vt 0.840431 0.030741
vt 0.842484 0.023110
vt 0.661093 0.797632
vt 0.662472 0.789850
vt 0.659842 0.806445
vt 0.830927 0.107409
vt 0.828431 0.107478
vt 0.830421 0.115329
vt 0.827903 0.115214
vt 0.829334 0.125198
vt 0.826805 0.125424
vt 0.828654 0.132868
vt 0.826148 0.132667
vt 0.827391 0.140966
vt 0.824912 0.141072
vt 0.826216 0.149560
vt 0.823664 0.149823
vt 0.824414 0.160827
vt 0.821870 0.160972
vt 0.821992 0.173423
vt 0.819263 0.173662
vt 0.816236 0.199663
vt 0.813626 0.199515
vt 0.813441 0.213558
vt 0.810885 0.213307
vt 0.818345 0.226446
vt 0.816033 0.228201
vt 0.822001 0.229781
vt 0.825657 0.233116
vt 0.823581 0.235047
vt 0.819807 0.231624
vt 0.833741 0.240512
vt 0.831802 0.242308
vt 0.837410 0.244010
vt 0.841078 0.247509
vt 0.839385 0.249167
vt 0.835594 0.245737
vt 0.844810 0.251428
vt 0.843103 0.253047
vt 0.663410 0.784876
vt 0.658037 0.857619
vt 0.658081 0.865505
vt 0.657937 0.875837
vt 0.657779 0.883728
vt 0.657416 0.891636
vt 0.656963 0.900890
vt 0.656212 0.912299
vt 0.655085 0.925697
vt 0.652225 0.950668
vt 0.166434 0.816305
vt 0.177828 0.832781
vt 0.186656 0.835529
vt 0.700150 0.105367
vt 0.700062 0.112590
vt 0.700045 0.134228
vt 0.700188 0.141450
vt 0.700270 0.098148
vt 0.700437 0.090927
vt 0.700636 0.083699
vt 0.384450 0.906769
vt 0.402353 0.880857
vt 0.975911 0.624097
vt 0.974981 0.625821
vt 0.700862 0.076481
vt 0.701674 0.199033
vt 0.701126 0.069264
vt 0.701402 0.191855
vt 0.701432 0.062051
vt 0.701149 0.184673
vt 0.701754 0.054844
vt 0.700916 0.177484
vt 0.702132 0.047640
vt 0.700711 0.170292
vt 0.702588 0.040437
vt 0.703116 0.033244
vt 0.699988 0.127018
vt 0.703696 0.026043
vt 0.703550 0.242111
vt 0.396503 0.876565
vt 0.376709 0.901519
vt 0.700011 0.119806
vt 0.700290 0.148675
vt 0.265372 0.964448
vt 0.260144 0.963093
vt 0.259247 0.940311
vt 0.268513 0.941508
vt 0.177369 0.905261
vt 0.177659 0.904452
vt 0.254104 0.961254
vt 0.251873 0.976380
vt 0.251413 0.976063
vt 0.250496 0.959572
vt 0.080495 0.919111
vt 0.097051 0.929546
vt 0.030289 0.871446
vt 0.182053 0.838416
vt 0.666036 0.773746
vt 0.666415 0.772102
vt 0.664660 0.778730
vt 0.122467 0.914338
vt 0.038759 0.880376
vt 0.137388 0.440467
vt 0.142132 0.432645
vt 0.130277 0.462774
vt 0.285355 0.375322
vt 0.286444 0.374869
vt 0.284326 0.554726
vt 0.665310 0.776326
vt 0.124536 0.574312
vt 0.123390 0.577608
vt 0.111052 0.627483
vt 0.111574 0.625124
vt 0.125999 0.619517
vt 0.116186 0.607252
vt 0.114515 0.593120
vt 0.116100 0.590514
vt 0.111298 0.629815
vt 0.113644 0.620438
vt 0.115301 0.616156
vt 0.151931 0.608770
vt 0.151981 0.618476
vt 0.152545 0.625691
vt 0.845848 0.014008
vt 0.847591 0.014913
vt 0.846861 0.015865
vt 0.845155 0.015378
vt 0.661753 0.778738
vt 0.663080 0.776337
vt 0.283221 0.555034
vt 0.281812 0.555646
vt 0.658781 0.778711
vt 0.660615 0.776222
vt 0.659227 0.784884
vt 0.655016 0.784890
vt 0.664639 0.773898
vt 0.665435 0.772414
vt 0.662784 0.773962
vt 0.664268 0.772695
vt 0.642385 0.925270
vt 0.636646 0.950474
vt 0.629658 0.924838
vt 0.621046 0.950287
vt 0.644663 0.912389
vt 0.633083 0.912475
vt 0.646172 0.901092
vt 0.635345 0.901290
vt 0.647083 0.892181
vt 0.636706 0.892722
vt 0.647819 0.884166
vt 0.637831 0.884602
vt 0.648145 0.876378
vt 0.638313 0.876917
vt 0.648448 0.866252
vt 0.638786 0.866998
vt 0.648370 0.858340
vt 0.638667 0.859062
vt 0.648142 0.851561
vt 0.638321 0.852597
vt 0.657341 0.789860
vt 0.652181 0.789871
vt 0.647509 0.836739
vt 0.647607 0.829518
vt 0.637381 0.837324
vt 0.637543 0.829758
vt 0.650054 0.814144
vt 0.652054 0.806464
vt 0.641214 0.814156
vt 0.644227 0.806474
vt 0.654562 0.797650
vt 0.647994 0.797655
vt 0.848032 0.013985
vt 0.846357 0.012980
vt 0.648387 0.821574
vt 0.638705 0.821739
vt 0.646980 0.967084
vt 0.636291 0.969500
vt 0.656997 0.965504
vt 0.651989 0.966294
vt 0.662402 0.965226
vt 0.626604 0.971541
vt 0.631447 0.970520
vt 0.617699 0.968553
vt 0.617508 0.964014
vt 0.620910 0.971452
vt 0.661723 0.775059
vt 0.663840 0.775157
vt 0.665679 0.775038
vt 0.846337 0.017752
vt 0.844497 0.017123
vt 0.100715 0.830236
vt 0.100967 0.830927
vt 0.124948 0.854014
vt 0.754048 0.038448
vt 0.271349 0.964742
vt 0.269256 0.964864
vt 0.746070 0.039197
vt 0.746074 0.038313
vt 0.745231 0.057699
vt 0.745332 0.057152
vt 0.753761 0.057446
vt 0.753748 0.058046
vt 0.745419 0.056650
vt 0.753772 0.056898
vt 0.746073 0.040074
vt 0.745977 0.044386
vt 0.746089 0.042883
vt 0.276470 0.968428
vt 0.270218 0.969648
vt 0.746100 0.036138
vt 0.267532 0.971091
vt 0.267058 0.971839
vt 0.267247 0.964847
vt 0.268174 0.970469
vt 0.245918 0.957472
vt 0.249275 0.937661
vt 0.252355 0.976554
vt 0.265768 0.974360
vt 0.264643 0.975377
vt 0.272491 0.758939
vt 0.271637 0.749547
vt 0.283858 0.376820
vt 0.604594 0.733656
vt 0.606245 0.738520
vt 0.589279 0.743192
vt 0.588332 0.740686
vt 0.913230 0.744773
vt 0.909676 0.740553
vt 0.912410 0.738415
vt 0.915643 0.742830
vt 0.517418 0.871738
vt 0.513247 0.868030
vt 0.515821 0.865278
vt 0.519742 0.869275
vt 0.480128 0.812847
vt 0.480218 0.820621
vt 0.454009 0.820874
vt 0.453999 0.813088
vt 0.602287 0.729000
vt 0.587048 0.738329
vt 0.918301 0.734724
vt 0.920903 0.739593
vt 0.521591 0.860393
vt 0.524922 0.864914
vt 0.480052 0.805087
vt 0.453990 0.805361
vt 0.599131 0.724884
vt 0.585522 0.736157
vt 0.924697 0.731864
vt 0.926588 0.737101
vt 0.528006 0.856339
vt 0.530664 0.861322
vt 0.479963 0.797353
vt 0.453982 0.797649
vt 0.595466 0.721260
vt 0.583696 0.734221
vt 0.931444 0.729991
vt 0.932539 0.735408
vt 0.534930 0.853311
vt 0.536811 0.858562
vt 0.479862 0.789650
vt 0.453973 0.789958
vt 0.591438 0.718090
vt 0.581615 0.732569
vt 0.938343 0.729086
vt 0.938673 0.734577
vt 0.542120 0.851307
vt 0.543247 0.856709
vt 0.479753 0.781982
vt 0.453964 0.782289
vt 0.586924 0.715625
vt 0.579318 0.731229
vt 0.945275 0.729149
vt 0.944829 0.734612
vt 0.549498 0.850278
vt 0.549867 0.855803
vt 0.479639 0.774350
vt 0.453956 0.774643
vt 0.582152 0.713851
vt 0.576851 0.730230
vt 0.952110 0.730175
vt 0.950911 0.735504
vt 0.556909 0.850359
vt 0.556496 0.855809
vt 0.479524 0.766761
vt 0.453948 0.767019
vt 0.577230 0.712442
vt 0.574233 0.729628
vt 0.958712 0.732141
vt 0.956797 0.737232
vt 0.564191 0.851415
vt 0.563040 0.856764
vt 0.479415 0.759219
vt 0.453942 0.759408
vt 0.572114 0.711744
vt 0.571552 0.729402
vt 0.964945 0.735000
vt 0.962347 0.739745
vt 0.571276 0.853490
vt 0.569359 0.858624
vt 0.479303 0.751707
vt 0.453937 0.751796
vt 0.566915 0.711907
vt 0.568869 0.729560
vt 0.970680 0.738673
vt 0.967487 0.743000
vt 0.577915 0.856597
vt 0.575302 0.861320
vt 0.479197 0.744212
vt 0.453935 0.744133
vt 0.561848 0.712993
vt 0.566255 0.730071
vt 0.975887 0.743080
vt 0.972102 0.746940
vt 0.583963 0.860526
vt 0.580741 0.864781
vt 0.479103 0.736735
vt 0.453939 0.736502
vt 0.557016 0.714784
vt 0.563723 0.730961
vt 0.980358 0.748215
vt 0.976097 0.751439
vt 0.589342 0.865167
vt 0.585565 0.868904
vt 0.479034 0.729272
vt 0.453953 0.729008
vt 0.552333 0.716941
vt 0.561332 0.732242
vt 0.984024 0.753849
vt 0.979409 0.756423
vt 0.593924 0.870460
vt 0.589682 0.873546
vt 0.479415 0.722229
vt 0.453954 0.722894
vt 0.547984 0.719762
vt 0.559196 0.733899
vt 0.986536 0.759709
vt 0.981945 0.761801
vt 0.596869 0.876336
vt 0.592742 0.878471
vt 0.476648 0.713976
vt 0.453787 0.718252
vt 0.544052 0.723171
vt 0.557314 0.735832
vt 0.986695 0.766413
vt 0.983529 0.767438
vt 0.601463 0.883260
vt 0.594707 0.884623
vt 0.479553 0.707123
vt 0.453991 0.707378
vt 0.540613 0.727071
vt 0.555705 0.738008
vt 0.986643 0.772945
vt 0.984261 0.773144
vt 0.600263 0.890134
vt 0.596221 0.891053
vt 0.481862 0.700426
vt 0.453995 0.698720
vt 0.537735 0.731363
vt 0.554372 0.740296
vt 0.986467 0.779344
vt 0.984771 0.779216
vt 0.599849 0.896838
vt 0.597371 0.897300
vt 0.483489 0.693729
vt 0.454023 0.690484
vt 0.535439 0.736023
vt 0.553180 0.742797
vt 0.986453 0.785725
vt 0.984782 0.785390
vt 0.600437 0.903417
vt 0.598275 0.903639
vt 0.485269 0.686592
vt 0.454045 0.683172
vt 0.533792 0.740910
vt 0.552301 0.745238
vt 0.986695 0.792468
vt 0.983940 0.791508
vt 0.601358 0.910367
vt 0.599150 0.910303
vt 0.487025 0.679312
vt 0.454032 0.680118
vt 0.533162 0.746016
vt 0.551692 0.747580
vt 0.985736 0.798982
vt 0.982407 0.797371
vt 0.601463 0.917534
vt 0.599041 0.916665
vt 0.882863 0.723586
vt 0.884482 0.730536
vt 0.853076 0.741393
vt 0.853076 0.724607
vt 0.533267 0.751153
vt 0.551611 0.750144
vt 0.982040 0.804691
vt 0.978712 0.802439
vt 0.600084 0.924122
vt 0.596924 0.922852
vt 0.882577 0.716057
vt 0.853076 0.716358
vt 0.533750 0.756277
vt 0.551882 0.752698
vt 0.978033 0.810029
vt 0.975051 0.807481
vt 0.596636 0.930356
vt 0.593940 0.928687
vt 0.882509 0.708731
vt 0.853076 0.708731
vt 0.480289 0.824613
vt 0.454014 0.824646
vt 0.973333 0.814795
vt 0.970754 0.811841
vt 0.592564 0.936053
vt 0.590122 0.934064
vt 0.606818 0.740897
vt 0.589669 0.744604
vt 0.607932 0.748451
vt 0.590058 0.748697
vt 0.589934 0.746033
vt 0.607316 0.743295
vt 0.910896 0.746828
vt 0.907100 0.742883
vt 0.515242 0.874347
vt 0.510802 0.870905
vt 0.480152 0.836377
vt 0.454028 0.836203
vt 0.454019 0.828417
vt 0.480226 0.828605
vt 0.607533 0.753654
vt 0.589908 0.751387
vt 0.906801 0.751455
vt 0.902453 0.748053
vt 0.511532 0.880034
vt 0.506575 0.877246
vt 0.480095 0.844137
vt 0.454037 0.843931
vt 0.606434 0.758747
vt 0.589380 0.754033
vt 0.903372 0.756621
vt 0.898537 0.753857
vt 0.508605 0.886193
vt 0.503316 0.884161
vt 0.480023 0.851870
vt 0.454046 0.851642
vt 0.604640 0.763618
vt 0.588485 0.756592
vt 0.900666 0.762200
vt 0.895522 0.760184
vt 0.506597 0.892701
vt 0.501082 0.891448
vt 0.479941 0.859572
vt 0.454055 0.859334
vt 0.602334 0.768330
vt 0.587154 0.758959
vt 0.898780 0.768105
vt 0.893441 0.766821
vt 0.505539 0.899427
vt 0.499905 0.898970
vt 0.479851 0.867241
vt 0.454063 0.867002
vt 0.599223 0.772525
vt 0.585584 0.761177
vt 0.897806 0.774219
vt 0.892270 0.773702
vt 0.505449 0.906235
vt 0.499808 0.906583
vt 0.479756 0.874873
vt 0.454071 0.874648
vt 0.595523 0.776234
vt 0.583718 0.763158
vt 0.897652 0.780413
vt 0.892127 0.780706
vt 0.506328 0.912987
vt 0.500792 0.914134
vt 0.479661 0.882464
vt 0.454079 0.882273
vt 0.591348 0.779320
vt 0.581596 0.764860
vt 0.898384 0.786563
vt 0.892973 0.787632
vt 0.508158 0.919547
vt 0.502840 0.921471
vt 0.479573 0.890009
vt 0.454086 0.889883
vt 0.586916 0.782073
vt 0.579201 0.766182
vt 0.899977 0.792540
vt 0.894782 0.794355
vt 0.510904 0.925780
vt 0.505913 0.928444
vt 0.479482 0.897526
vt 0.454091 0.897496
vt 0.582086 0.784144
vt 0.576641 0.767162
vt 0.902388 0.798226
vt 0.897511 0.800742
vt 0.514513 0.931557
vt 0.509950 0.934914
vt 0.479396 0.905029
vt 0.454093 0.905158
vt 0.576977 0.785485
vt 0.573972 0.767774
vt 0.905563 0.803520
vt 0.901095 0.806662
vt 0.518912 0.936754
vt 0.514869 0.940768
vt 0.479322 0.912518
vt 0.454089 0.912789
vt 0.571693 0.786074
vt 0.571245 0.768005
vt 0.909491 0.808286
vt 0.905466 0.812064
vt 0.524012 0.941249
vt 0.520594 0.945870
vt 0.479273 0.920002
vt 0.454075 0.920283
vt 0.566387 0.785899
vt 0.568508 0.767835
vt 0.914000 0.812491
vt 0.910584 0.816779
vt 0.529671 0.944927
vt 0.527048 0.950012
vt 0.479670 0.927076
vt 0.454074 0.926398
vt 0.561124 0.784966
vt 0.565852 0.767230
vt 0.919113 0.815966
vt 0.916191 0.820368
vt 0.535531 0.947475
vt 0.533978 0.952191
vt 0.476904 0.935375
vt 0.454240 0.931039
vt 0.556045 0.783313
vt 0.563319 0.766220
vt 0.924707 0.818545
vt 0.923122 0.821685
vt 0.542111 0.948431
vt 0.542009 0.955523
vt 0.479763 0.942292
vt 0.454037 0.941914
vt 0.551281 0.781015
vt 0.560877 0.764821
vt 0.930559 0.820276
vt 0.929991 0.822700
vt 0.548772 0.948721
vt 0.548665 0.952915
vt 0.482023 0.949033
vt 0.454033 0.950571
vt 0.546861 0.778098
vt 0.558628 0.763174
vt 0.936499 0.821627
vt 0.936422 0.823326
vt 0.555164 0.948630
vt 0.555186 0.951172
vt 0.483607 0.955769
vt 0.454004 0.958807
vt 0.542887 0.774633
vt 0.556660 0.761391
vt 0.942583 0.822340
vt 0.942730 0.824026
vt 0.561676 0.948351
vt 0.561823 0.950548
vt 0.485325 0.962942
vt 0.453983 0.966119
vt 0.539455 0.770710
vt 0.554929 0.759475
vt 0.948772 0.822150
vt 0.949389 0.825025
vt 0.568485 0.948168
vt 0.568924 0.950377
vt 0.487024 0.970246
vt 0.453995 0.969173
vt 0.536875 0.766170
vt 0.553518 0.757548
vt 0.954884 0.821445
vt 0.956022 0.824984
vt 0.574748 0.946961
vt 0.576163 0.949171
vt 0.882863 0.693877
vt 0.853076 0.692855
vt 0.853076 0.676070
vt 0.884482 0.686927
vt 0.534962 0.761323
vt 0.552504 0.755211
vt 0.960439 0.818494
vt 0.962215 0.822093
vt 0.580343 0.943140
vt 0.582399 0.946022
vt 0.882577 0.701405
vt 0.853076 0.701105
vt 0.965902 0.815539
vt 0.968011 0.818818
vt 0.585594 0.938891
vt 0.587811 0.941205
vt 0.632237 0.721489
vt 0.635301 0.730220
vt 0.814491 0.590279
vt 0.812415 0.587964
vt 0.816326 0.584132
vt 0.818680 0.586687
vt 0.355107 0.568899
vt 0.352931 0.571508
vt 0.348491 0.568066
vt 0.350936 0.565191
vt 0.427875 0.812914
vt 0.427802 0.820686
vt 0.627927 0.713297
vt 0.807752 0.583911
vt 0.811114 0.579532
vt 0.349221 0.577195
vt 0.344264 0.574407
vt 0.427933 0.805154
vt 0.622787 0.705508
vt 0.802554 0.580528
vt 0.805275 0.575669
vt 0.346294 0.583354
vt 0.341005 0.581322
vt 0.428004 0.797421
vt 0.616465 0.698435
vt 0.796952 0.577873
vt 0.798921 0.572711
vt 0.344286 0.589862
vt 0.338771 0.588609
vt 0.428086 0.789719
vt 0.608945 0.692680
vt 0.791030 0.576041
vt 0.792265 0.570690
vt 0.343228 0.596588
vt 0.337594 0.596131
vt 0.428177 0.782050
vt 0.600912 0.687682
vt 0.784906 0.575122
vt 0.785373 0.569582
vt 0.343138 0.603396
vt 0.337497 0.603744
vt 0.428271 0.774418
vt 0.592146 0.683806
vt 0.778711 0.575024
vt 0.778369 0.569503
vt 0.344017 0.610148
vt 0.338481 0.611295
vt 0.428366 0.766827
vt 0.582817 0.681579
vt 0.772568 0.575813
vt 0.771450 0.570411
vt 0.345847 0.616708
vt 0.340529 0.618631
vt 0.428455 0.759282
vt 0.573346 0.680677
vt 0.766606 0.577459
vt 0.764744 0.572281
vt 0.348593 0.622941
vt 0.343602 0.625604
vt 0.428546 0.751766
vt 0.563775 0.680690
vt 0.760942 0.579922
vt 0.758382 0.575068
vt 0.352202 0.628718
vt 0.347639 0.632075
vt 0.428632 0.744262
vt 0.554187 0.682076
vt 0.755677 0.583145
vt 0.752495 0.578705
vt 0.356601 0.633915
vt 0.352558 0.637929
vt 0.428706 0.736773
vt 0.544766 0.684844
vt 0.750947 0.587116
vt 0.747132 0.583125
vt 0.361701 0.638409
vt 0.358283 0.643030
vt 0.428754 0.729289
vt 0.535950 0.689299
vt 0.746783 0.591663
vt 0.742464 0.588287
vt 0.367360 0.642088
vt 0.364737 0.647173
vt 0.428358 0.722215
vt 0.527892 0.694857
vt 0.743354 0.596808
vt 0.738926 0.593925
vt 0.373219 0.644636
vt 0.371667 0.649352
vt 0.431124 0.713917
vt 0.520666 0.701272
vt 0.740827 0.602424
vt 0.737672 0.600869
vt 0.379800 0.645592
vt 0.379698 0.652683
vt 0.428264 0.707000
vt 0.513673 0.708051
vt 0.739148 0.608292
vt 0.736719 0.607746
vt 0.386461 0.645882
vt 0.386354 0.650076
vt 0.426005 0.700258
vt 0.507372 0.715571
vt 0.737851 0.614245
vt 0.736151 0.614183
vt 0.392853 0.645791
vt 0.392875 0.648333
vt 0.424421 0.693522
vt 0.502474 0.724007
vt 0.737194 0.620336
vt 0.735509 0.620498
vt 0.399365 0.645512
vt 0.399512 0.647709
vt 0.422702 0.686349
vt 0.499088 0.732932
vt 0.737441 0.626525
vt 0.734569 0.627169
vt 0.406174 0.645329
vt 0.406613 0.647537
vt 0.421003 0.679045
vt 0.499282 0.742960
vt 0.738206 0.632636
vt 0.734671 0.633809
vt 0.412437 0.644122
vt 0.413852 0.646332
vt 0.823290 0.723586
vt 0.821670 0.730536
vt 0.498992 0.753130
vt 0.741216 0.638172
vt 0.737624 0.639989
vt 0.418032 0.640301
vt 0.420088 0.643183
vt 0.823575 0.716057
vt 0.500315 0.762976
vt 0.744232 0.643614
vt 0.740969 0.645773
vt 0.423283 0.636052
vt 0.425500 0.638366
vt 0.823643 0.708731
vt 0.427739 0.824678
vt 0.747962 0.648422
vt 0.745060 0.651033
vt 0.427811 0.631225
vt 0.430253 0.633214
vt 0.636272 0.734279
vt 0.637123 0.738365
vt 0.638046 0.747564
vt 0.820842 0.589402
vt 0.816457 0.592675
vt 0.353510 0.562438
vt 0.357431 0.566436
vt 0.427900 0.836444
vt 0.427809 0.828670
vt 0.638046 0.756931
vt 0.824587 0.595258
vt 0.819741 0.597905
vt 0.359280 0.557554
vt 0.362611 0.562075
vt 0.427975 0.844205
vt 0.636672 0.766318
vt 0.827504 0.601629
vt 0.822285 0.603567
vt 0.365695 0.553500
vt 0.368353 0.558483
vt 0.428065 0.851938
vt 0.633922 0.775558
vt 0.829439 0.608358
vt 0.824031 0.609502
vt 0.372619 0.550472
vt 0.374499 0.555723
vt 0.428165 0.859641
vt 0.629850 0.784395
vt 0.830406 0.615248
vt 0.824919 0.615629
vt 0.379809 0.548468
vt 0.380936 0.553870
vt 0.428274 0.867310
vt 0.624476 0.792675
vt 0.830406 0.622181
vt 0.824939 0.621785
vt 0.387187 0.547439
vt 0.387556 0.552964
vt 0.428389 0.874941
vt 0.617873 0.800200
vt 0.829442 0.629025
vt 0.824102 0.627875
vt 0.394598 0.547520
vt 0.394185 0.552970
vt 0.428504 0.882530
vt 0.610177 0.806770
vt 0.827536 0.635645
vt 0.822428 0.633776
vt 0.401880 0.548576
vt 0.400729 0.553925
vt 0.428613 0.890072
vt 0.601345 0.811822
vt 0.824734 0.641903
vt 0.819965 0.639349
vt 0.408965 0.550650
vt 0.407048 0.555784
vt 0.428724 0.897584
vt 0.591940 0.815539
vt 0.821113 0.647672
vt 0.816756 0.644518
vt 0.415604 0.553758
vt 0.412991 0.558481
vt 0.428830 0.905079
vt 0.582141 0.817858
vt 0.816753 0.652919
vt 0.812859 0.649168
vt 0.421652 0.557687
vt 0.418430 0.561942
vt 0.428925 0.912556
vt 0.572095 0.818735
vt 0.811659 0.657437
vt 0.808396 0.653205
vt 0.427031 0.562328
vt 0.423254 0.566065
vt 0.428993 0.920019
vt 0.562019 0.818164
vt 0.806058 0.661153
vt 0.803442 0.656562
vt 0.431612 0.567621
vt 0.427371 0.570706
vt 0.428612 0.927063
vt 0.552183 0.816178
vt 0.800221 0.663718
vt 0.798088 0.659146
vt 0.434558 0.573497
vt 0.430431 0.575632
vt 0.431380 0.935315
vt 0.542799 0.812983
vt 0.793518 0.663938
vt 0.792465 0.660781
vt 0.439152 0.580421
vt 0.432395 0.581784
vt 0.428474 0.942169
vt 0.533534 0.809297
vt 0.786986 0.663945
vt 0.786767 0.661565
vt 0.437952 0.587295
vt 0.433910 0.588214
vt 0.426166 0.948865
vt 0.524699 0.804599
vt 0.780587 0.663827
vt 0.780699 0.662131
vt 0.437538 0.593999
vt 0.435060 0.594460
vt 0.424539 0.955563
vt 0.516902 0.798486
vt 0.774207 0.663872
vt 0.774527 0.662199
vt 0.438126 0.600577
vt 0.435964 0.600800
vt 0.422758 0.962700
vt 0.510407 0.791350
vt 0.767468 0.664176
vt 0.768403 0.661412
vt 0.439047 0.607528
vt 0.436839 0.607464
vt 0.421003 0.969980
vt 0.506903 0.781859
vt 0.760948 0.663276
vt 0.762528 0.659935
vt 0.439152 0.614695
vt 0.436730 0.613825
vt 0.823290 0.693877
vt 0.821670 0.686927
vt 0.503008 0.772546
vt 0.755211 0.659633
vt 0.757430 0.656289
vt 0.437773 0.621283
vt 0.434613 0.620012
vt 0.823575 0.701405
vt 0.749848 0.655676
vt 0.752363 0.652680
vt 0.434325 0.627516
vt 0.431629 0.625848
vt 0.298282 0.097258
vt 0.579924 0.097354
vt 0.579872 0.102157
vt 0.298322 0.102152
vt 0.296974 0.063089
vt 0.296847 0.067963
vt 0.271415 0.067440
vt 0.271538 0.062170
vt 0.296770 0.072860
vt 0.271344 0.072688
vt 0.296709 0.077753
vt 0.272241 0.077869
vt 0.296667 0.082644
vt 0.274303 0.082906
vt 0.296641 0.087537
vt 0.277022 0.087761
vt 0.296626 0.092412
vt 0.277634 0.092565
vt 0.296638 0.097273
vt 0.277606 0.097353
vt 0.296641 0.102152
vt 0.277572 0.102152
vt 0.581931 0.078214
vt 0.581946 0.073369
vt 0.592627 0.073513
vt 0.592155 0.078389
vt 0.581832 0.102157
vt 0.581844 0.097374
vt 0.589975 0.097438
vt 0.590021 0.102157
vt 0.581908 0.083036
vt 0.591784 0.083228
vt 0.581881 0.087832
vt 0.591276 0.088018
vt 0.581948 0.068512
vt 0.581934 0.063675
vt 0.593065 0.063649
vt 0.593105 0.068589
vt 0.581857 0.092608
vt 0.590519 0.092746
vt 0.298263 0.087513
vt 0.579989 0.087787
vt 0.579955 0.092574
vt 0.298259 0.092390
vt 0.298420 0.067984
vt 0.580096 0.068500
vt 0.580081 0.073339
vt 0.298354 0.072861
vt 0.580057 0.078172
vt 0.298306 0.077741
vt 0.580025 0.082988
vt 0.298278 0.082624
vt 0.298511 0.063134
vt 0.580119 0.063683
vt 0.298282 0.107046
vt 0.579924 0.106960
vt 0.296974 0.141215
vt 0.271539 0.142133
vt 0.271417 0.136864
vt 0.296848 0.136340
vt 0.271345 0.131616
vt 0.296770 0.131444
vt 0.272242 0.126435
vt 0.296709 0.126551
vt 0.274304 0.121398
vt 0.296667 0.121659
vt 0.277023 0.116543
vt 0.296641 0.116767
vt 0.277634 0.111739
vt 0.296626 0.111892
vt 0.277606 0.106951
vt 0.296639 0.107031
vt 0.581931 0.126100
vt 0.592156 0.125925
vt 0.592628 0.130801
vt 0.581946 0.130945
vt 0.589975 0.106875
vt 0.581844 0.106940
vt 0.581908 0.121278
vt 0.591784 0.121086
vt 0.581882 0.116482
vt 0.591276 0.116296
vt 0.581948 0.135802
vt 0.593106 0.135725
vt 0.593065 0.140666
vt 0.581934 0.140639
vt 0.581857 0.111706
vt 0.590520 0.111568
vt 0.298264 0.116790
vt 0.298259 0.111914
vt 0.579955 0.111740
vt 0.579989 0.116527
vt 0.298420 0.136319
vt 0.298354 0.131443
vt 0.580081 0.130975
vt 0.580096 0.135814
vt 0.298306 0.126562
vt 0.580057 0.126142
vt 0.298278 0.121679
vt 0.580025 0.121326
vt 0.298512 0.141170
vt 0.580119 0.140631
vt 0.300575 0.029600
vt 0.301112 0.025048
vt 0.578667 0.025285
vt 0.579092 0.029977
vt 0.271663 0.056880
vt 0.297124 0.058224
vt 0.271861 0.051563
vt 0.297325 0.053351
vt 0.273058 0.046333
vt 0.297558 0.048487
vt 0.275475 0.041315
vt 0.297837 0.043647
vt 0.278626 0.036511
vt 0.298169 0.038841
vt 0.279737 0.031485
vt 0.298558 0.034090
vt 0.280399 0.026388
vt 0.299011 0.029417
vt 0.281249 0.021352
vt 0.299584 0.024821
vt 0.581786 0.049100
vt 0.592134 0.048797
vt 0.592623 0.053738
vt 0.581862 0.053966
vt 0.580551 0.025019
vt 0.588865 0.023967
vt 0.589361 0.029012
vt 0.581008 0.029805
vt 0.581676 0.044249
vt 0.591724 0.043853
vt 0.581523 0.039417
vt 0.591130 0.038911
vt 0.581909 0.058834
vt 0.593107 0.058696
vt 0.581309 0.034604
vt 0.590203 0.033983
vt 0.299751 0.038995
vt 0.300129 0.034261
vt 0.579400 0.034738
vt 0.579620 0.039528
vt 0.298690 0.058295
vt 0.298899 0.053446
vt 0.579991 0.054016
vt 0.580055 0.058863
vt 0.299138 0.048604
vt 0.579903 0.049172
vt 0.299421 0.043784
vt 0.579783 0.044341
vt 0.300574 0.174703
vt 0.579090 0.174338
vt 0.578666 0.179030
vt 0.301111 0.179254
vt 0.297124 0.146079
vt 0.271664 0.147423
vt 0.297325 0.150952
vt 0.271862 0.152740
vt 0.297558 0.155816
vt 0.273059 0.157969
vt 0.297837 0.160656
vt 0.275475 0.162987
vt 0.298169 0.165462
vt 0.278627 0.167791
vt 0.298558 0.170212
vt 0.279737 0.172817
vt 0.299011 0.174886
vt 0.280399 0.177914
vt 0.299583 0.179482
vt 0.281249 0.182949
vt 0.581785 0.155215
vt 0.581861 0.150349
vt 0.592623 0.150577
vt 0.592133 0.155518
vt 0.580550 0.179296
vt 0.581006 0.174510
vt 0.589359 0.175303
vt 0.588863 0.180348
vt 0.581675 0.160065
vt 0.591723 0.160462
vt 0.581522 0.164898
vt 0.591129 0.165404
vt 0.581909 0.145480
vt 0.593107 0.145619
vt 0.581307 0.169711
vt 0.590202 0.170332
vt 0.299751 0.165307
vt 0.579619 0.164786
vt 0.579398 0.169576
vt 0.300129 0.170042
vt 0.298690 0.146008
vt 0.580055 0.145451
vt 0.579990 0.150299
vt 0.298899 0.150858
vt 0.579902 0.155143
vt 0.299138 0.155699
vt 0.579782 0.159973
vt 0.299421 0.160519
vn 0.0000 0.0000 -1.0000
vn 0.0000 -0.0000 1.0000
vn -0.2422 0.9702 0.0000
vn -0.2663 0.9639 0.0000
vn -0.2881 0.9576 0.0000
vn -0.3088 0.9511 0.0000
vn -0.3296 0.9441 0.0000
vn -0.0828 0.9966 0.0000
vn -0.0352 0.9994 0.0000
vn -0.3487 0.9372 0.0000
vn -0.3638 0.9315 0.0000
vn -0.3738 0.9275 0.0000
vn -0.3793 0.9253 0.0000
vn -0.2515 0.9679 0.0000
vn -0.2404 0.9707 0.0000
vn -0.2231 0.9748 0.0000
vn -0.1990 0.9800 0.0000
vn -0.1690 0.9856 0.0000
vn -0.0043 1.0000 0.0000
vn -0.0089 1.0000 0.0000
vn -0.0224 0.9997 0.0000
vn -0.0462 0.9989 0.0000
vn -0.0746 0.9972 0.0000
vn -0.1539 0.9881 0.0000
vn -0.1715 0.9852 0.0000
vn -0.1927 0.9813 0.0000
vn -0.2168 0.9762 0.0000
vn -0.1000 0.9950 0.0000
vn -0.1206 0.9927 0.0000
vn -0.1379 0.9904 0.0000
vn -0.2667 0.9638 0.0000
vn -0.2657 0.9640 0.0000
vn -0.2630 0.9648 0.0000
vn -0.2584 0.9660 0.0000
vn 0.5825 -0.8128 0.0000
vn 0.6040 -0.7970 0.0000
vn 0.6953 -0.7187 0.0000
vn 0.8319 -0.5549 0.0000
vn 0.8923 -0.4515 0.0000
vn -0.1395 0.9902 0.0000
vn -0.1170 0.9931 0.0000
vn -0.1032 0.9947 0.0000
vn -0.0034 1.0000 0.0000
vn 0.6657 -0.7463 0.0000
vn -0.2663 -0.9639 0.0000
vn -0.2422 -0.9702 0.0000
vn -0.2881 -0.9576 0.0000
vn -0.3088 -0.9511 0.0000
vn -0.3296 -0.9441 0.0000
vn -0.0352 -0.9994 0.0000
vn -0.0828 -0.9966 0.0000
vn -0.3487 -0.9372 0.0000
vn -0.3638 -0.9315 0.0000
vn -0.3738 -0.9275 0.0000
vn -0.3793 -0.9253 0.0000
vn -0.2404 -0.9707 0.0000
vn -0.2515 -0.9679 0.0000
vn -0.2231 -0.9748 0.0000
vn -0.1990 -0.9800 0.0000
vn -0.1690 -0.9856 0.0000
vn -0.0089 -1.0000 0.0000
vn -0.0043 -1.0000 0.0000
vn -0.0224 -0.9997 0.0000
vn -0.0462 -0.9989 0.0000
vn -0.0746 -0.9972 0.0000
vn -0.1715 -0.9852 0.0000
vn -0.1539 -0.9881 0.0000
vn -0.1927 -0.9813 0.0000
vn -0.2168 -0.9762 0.0000
vn -0.1000 -0.9950 0.0000
vn -0.1206 -0.9927 0.0000
vn -0.1379 -0.9904 0.0000
vn -0.2657 -0.9640 0.0000
vn -0.2667 -0.9638 0.0000
vn -0.2630 -0.9648 0.0000
vn -0.2584 -0.9660 0.0000
vn 0.6040 0.7970 0.0000
vn 0.5825 0.8128 0.0000
vn 0.6953 0.7187 0.0000
vn 0.8319 0.5549 0.0000
vn 0.7489 0.6627 0.0000
vn -0.1395 -0.9902 0.0000
vn -0.1170 -0.9931 0.0000
vn -0.1032 -0.9947 0.0000
vn -0.0034 -1.0000 0.0000
vn 0.6657 0.7463 0.0000
vn -0.3941 -0.9191 0.0000
vn -0.3941 0.9191 0.0000
vn -0.4596 0.8882 0.0000
vn -0.6968 0.7173 0.0000
vn -0.8448 0.5351 0.0000
vn -0.4596 -0.8881 0.0000
vn -0.6968 -0.7173 0.0000
vn -0.8447 -0.5352 0.0000
vn 0.4273 -0.9041 0.0000
vn 0.4272 -0.9041 0.0000
vn 1.0000 0.0000 0.0000
vn 0.5567 0.8307 0.0000
vn -0.9454 0.3258 0.0000
vn -1.0000 -0.0000 -0.0000
vn -0.9935 0.0000 0.1140
vn -0.9408 0.3191 0.1141
vn -0.5334 0.8459 -0.0000
vn -0.6182 0.7860 -0.0000
vn -0.6149 0.7818 0.1030
vn -0.5303 0.8408 0.1091
vn -0.7378 0.6750 0.0000
vn -0.7337 0.6716 0.1032
vn 0.5885 -0.6002 0.5417
vn 0.4497 -0.7311 0.5131
vn 0.4557 -0.7268 0.5140
vn 0.6063 -0.5777 0.5465
vn -0.8512 0.5248 0.0000
vn -0.8467 0.5206 0.1103
vn -0.5014 0.8652 -0.0000
vn -0.5001 0.8659 -0.0000
vn -0.4967 0.8599 0.1179
vn -0.4973 0.8582 0.1270
vn -0.5608 0.8280 -0.0000
vn -0.5323 0.8466 -0.0000
vn -0.5274 0.8387 0.1355
vn -0.5553 0.8198 0.1401
vn -0.2209 0.9753 -0.0000
vn -0.3753 0.9269 -0.0000
vn -0.3711 0.9170 0.1465
vn -0.2182 0.9643 0.1500
vn -0.0862 0.9963 -0.0000
vn -0.1339 0.9910 -0.0000
vn -0.1321 0.9800 0.1485
vn -0.0852 0.9864 0.1409
vn -0.5660 0.8244 -0.0000
vn -0.5603 0.8162 0.1412
vn -0.5192 0.8547 -0.0000
vn -0.5135 0.8462 0.1424
vn -0.0617 0.9981 0.0000
vn -0.0611 0.9896 0.1299
vn 0.3681 0.9298 0.0000
vn 0.3676 0.9285 0.0526
vn 0.2565 0.9647 0.0598
vn 0.2982 0.9545 0.0000
vn 0.2439 0.3062 0.9202
vn 0.1707 0.2974 0.9394
vn 0.2189 0.2919 0.9311
vn 0.2686 0.3094 0.9122
vn -0.3176 0.9420 0.1088
vn -0.4071 0.9069 0.1082
vn -0.4097 0.9122 -0.0000
vn -0.3191 0.9477 -0.0000
vn -0.1083 0.9879 0.1111
vn -0.2192 0.9695 0.1095
vn -0.2198 0.9755 -0.0000
vn -0.1078 0.9942 0.0000
vn -0.0584 0.9791 0.1950
vn -0.2651 0.9481 0.1756
vn -0.2617 0.9651 0.0000
vn -0.0533 0.9986 0.0000
vn 0.6408 0.7669 0.0350
vn 0.6814 0.7311 0.0339
vn 0.6819 0.7314 -0.0000
vn 0.6412 0.7673 -0.0000
vn 0.8043 0.5937 0.0252
vn 0.7461 0.6655 0.0236
vn 0.7463 0.6656 0.0000
vn 0.8045 0.5939 0.0000
vn 0.6736 0.7387 0.0243
vn 0.6738 0.7389 0.0000
vn 0.7501 0.6607 0.0281
vn 0.8916 0.4517 0.0309
vn 0.8923 0.4514 -0.0000
vn 0.7514 0.6599 -0.0000
vn 0.4889 0.2962 0.8205
vn 0.5257 0.1687 0.8338
vn 0.4822 0.2270 0.8461
vn 0.9950 -0.0967 0.0247
vn 0.9944 -0.0930 0.0493
vn 0.9991 0.0000 0.0417
vn 0.9998 0.0000 0.0208
vn 0.9702 0.2415 0.0177
vn 0.8900 0.4558 0.0128
vn 0.8901 0.4557 -0.0000
vn 0.9710 0.2390 -0.0000
vn 0.4739 0.4484 0.7578
vn 0.4750 0.4501 0.7562
vn 0.4467 0.4304 0.7844
vn 0.4575 0.4387 0.7735
vn 0.2142 0.3086 0.9268
vn 0.1238 0.3066 0.9437
vn -0.7991 0.5920 0.1045
vn -0.8218 0.5589 0.1112
vn -0.8269 0.5624 0.0000
vn -0.8035 0.5954 0.0000
vn -0.6782 0.7317 0.0686
vn -0.7052 0.7055 0.0704
vn -0.7069 0.7073 -0.0000
vn -0.6797 0.7335 0.0000
vn -0.7442 0.6635 0.0770
vn -0.7464 0.6655 -0.0000
vn -0.5528 0.8298 0.0769
vn -0.6101 0.7888 0.0740
vn -0.6118 0.7910 0.0000
vn -0.5544 0.8323 0.0000
vn -0.4690 0.8798 0.0771
vn -0.5025 0.8611 0.0768
vn -0.5039 0.8637 0.0000
vn -0.4704 0.8824 0.0000
vn -0.3648 0.9277 0.0789
vn -0.4073 0.9098 0.0803
vn -0.4084 0.9128 0.0000
vn -0.3659 0.9306 0.0000
vn -0.1287 0.9882 0.0835
vn -0.1676 0.9822 0.0848
vn -0.1681 0.9858 0.0000
vn -0.1290 0.9916 0.0000
vn -0.2210 0.9716 0.0845
vn -0.2217 0.9751 0.0000
vn 0.0448 0.9952 0.0867
vn -0.0169 0.9962 0.0854
vn -0.0170 0.9999 -0.0000
vn 0.0450 0.9990 0.0000
vn -0.0628 0.9945 0.0835
vn -0.0630 0.9980 0.0000
vn 0.2268 0.9693 0.0949
vn 0.1294 0.9876 0.0889
vn 0.1299 0.9915 -0.0000
vn 0.2279 0.9737 0.0000
vn 0.1991 0.9738 0.1099
vn 0.2010 0.9796 -0.0000
vn -0.3667 0.9228 0.1183
vn -0.0796 0.9892 0.1233
vn -0.0854 0.9963 -0.0000
vn -0.3754 0.9269 0.0000
vn -0.4314 0.8944 0.1178
vn -0.4327 0.9015 0.0000
vn 0.0851 0.9785 0.1878
vn 0.2243 0.9592 0.1719
vn 0.2273 0.9738 0.0000
vn 0.0866 0.9962 0.0000
vn -0.5691 0.8129 0.1240
vn -0.5228 0.8370 0.1616
vn -0.5301 0.8479 -0.0000
vn -0.5735 0.8192 -0.0000
vn 0.3079 0.9396 0.1497
vn 0.1666 0.9699 0.1778
vn 0.1710 0.9853 -0.0000
vn 0.3138 0.9495 0.0000
vn 0.3573 0.9226 0.1451
vn 0.3611 0.9325 0.0000
vn 0.5724 0.8200 0.0000
vn 0.4342 0.9008 0.0000
vn 0.4577 0.8886 0.0316
vn 0.5725 0.8191 0.0350
vn 0.6166 0.1527 0.7723
vn 0.6169 0.1528 0.7721
vn 0.7915 -0.6108 0.0223
vn 0.6679 -0.7441 0.0169
vn 0.6692 -0.7431 -0.0000
vn 0.7967 -0.6044 -0.0000
vn 0.5358 -0.8442 0.0153
vn 0.6416 -0.7669 0.0146
vn 0.6286 -0.7777 -0.0000
vn 0.5294 -0.8483 -0.0000
vn -0.5527 0.3452 0.7585
vn -0.5595 0.3204 0.7645
vn -0.4284 0.2222 0.8758
vn -0.4179 0.2876 0.8618
vn -0.0690 -0.0517 0.9963
vn -0.0690 -0.0519 0.9963
vn -0.0721 -0.0663 0.9952
vn -0.0723 -0.0663 0.9952
vn 0.9751 0.2196 0.0302
vn 0.9754 0.2202 0.0000
vn 0.8270 0.5616 0.0280
vn 0.8273 0.5618 0.0000
vn 0.7340 0.6782 0.0360
vn 0.7342 0.6789 0.0000
vn 0.6059 0.7947 0.0360
vn 0.6061 0.7954 -0.0000
vn -0.0135 -0.1160 0.9932
vn -0.0645 -0.0928 0.9936
vn -0.0449 -0.0971 0.9943
vn -0.6539 0.7534 0.0699
vn -0.6555 0.7552 0.0000
vn -0.2991 0.9507 0.0817
vn -0.3001 0.9539 0.0000
vn -0.4422 0.8933 0.0801
vn -0.4436 0.8962 0.0000
vn -0.0963 0.9920 0.0820
vn -0.0966 0.9953 0.0000
vn -0.3749 0.9165 0.1399
vn -0.3760 0.9266 0.0000
vn -0.5480 0.8289 0.1125
vn -0.5520 0.8338 -0.0000
vn -0.4876 0.8663 0.1085
vn -0.4911 0.8711 -0.0000
vn -0.0416 0.9927 0.1136
vn -0.0418 0.9991 0.0000
vn -0.0448 0.9918 0.1196
vn -0.0452 0.9990 0.0000
vn -0.4758 0.8588 0.1898
vn -0.4846 0.8747 -0.0000
vn -0.7503 0.2442 0.6143
vn -0.7791 0.0000 0.6269
vn -0.7379 0.0000 0.6749
vn -0.6983 0.2541 0.6692
vn -0.6902 0.4193 0.5897
vn -0.6272 0.4363 0.6451
vn -0.6121 0.5523 0.5659
vn -0.5362 0.5582 0.6331
vn -0.5458 0.4537 0.7045
vn -0.6362 0.2691 0.7231
vn -0.6717 0.0672 0.7378
vn -0.2274 0.5612 0.7958
vn -0.2863 0.6051 0.7429
vn -0.3461 0.6379 0.6880
vn -0.2843 0.5908 0.7551
vn -0.4000 0.6770 0.6178
vn -0.5014 0.6522 0.5686
vn -0.4342 0.6258 0.6479
vn -0.3569 0.5877 0.7261
vn -0.1847 0.4991 0.8466
vn -0.1575 0.4166 0.8954
vn -0.2248 0.4616 0.8581
vn -0.2481 0.5424 0.8027
vn -0.3080 0.5755 0.7576
vn -0.3403 0.6409 0.6881
vn -0.2901 0.4959 0.8185
vn -0.4385 0.4134 0.7980
vn -0.4386 0.3914 0.8090
vn -0.4423 0.3906 0.8074
vn -0.4556 0.4102 0.7901
vn -0.2747 0.3271 0.9042
vn -0.5208 0.3211 0.7910
vn -0.5386 0.3428 0.7697
vn -0.3816 0.3079 0.8716
vn -0.0515 0.3428 0.9380
vn -0.0587 0.3583 0.9318
vn -0.0515 0.4026 0.9139
vn -0.0462 0.3829 0.9227
vn -0.4464 0.5493 0.7064
vn -0.1315 0.3422 0.9304
vn -0.1983 0.3888 0.8997
vn 0.1341 -0.7751 0.6174
vn 0.1355 -0.7758 0.6163
vn 0.1168 -0.7572 0.6426
vn 0.1167 -0.7568 0.6432
vn -0.0505 0.3351 0.9408
vn -0.0714 0.3294 0.9415
vn -0.0621 0.2977 0.9526
vn -0.0527 0.3056 0.9507
vn -0.0926 0.3037 0.9483
vn -0.1428 0.3441 0.9280
vn -0.1294 0.3637 0.9225
vn -0.2147 0.3692 0.9042
vn 0.1068 -0.7319 0.6730
vn 0.1063 -0.7306 0.6744
vn 0.0985 -0.7171 0.6900
vn -0.0426 0.3858 0.9216
vn -0.0485 0.3634 0.9304
vn -0.0465 0.3553 0.9336
vn -0.0506 0.3220 0.9454
vn -0.0407 0.4209 0.9062
vn -0.0715 0.4524 0.8890
vn -0.0439 0.4457 0.8941
vn -0.0738 0.4076 0.9102
vn -0.0756 0.3641 0.9283
vn -0.1186 0.4476 0.8864
vn -0.1054 0.4030 0.9091
vn -0.0913 0.3624 0.9275
vn -0.1004 0.3498 0.9314
vn -0.1324 0.3849 0.9134
vn 0.1079 -0.7881 0.6061
vn 0.1084 -0.7886 0.6052
vn 0.1003 -0.7815 0.6158
vn -0.1787 0.3838 0.9060
vn -0.1905 0.4070 0.8934
vn -0.1410 0.3600 0.9222
vn 0.0992 -0.7841 0.6127
vn 0.0992 -0.7842 0.6125
vn -0.0130 0.3611 0.9324
vn -0.1049 0.3440 0.9331
vn -0.1053 0.3404 0.9343
vn -0.0115 0.3589 0.9333
vn -0.1008 0.3307 0.9383
vn -0.0797 0.3211 0.9437
vn 0.0929 -0.7883 0.6082
vn 0.0926 -0.7884 0.6081
vn 0.0467 -0.7973 0.6018
vn -0.0148 -0.0979 0.9951
vn -0.0035 -0.0910 0.9958
vn -0.0030 -0.0901 0.9959
vn -0.0134 -0.0975 0.9951
vn 0.0617 0.4003 0.9143
vn 0.0713 0.3952 0.9158
vn -0.0200 -0.8053 0.5926
vn -0.0262 -0.8056 0.5919
vn -0.0324 -0.1022 0.9942
vn -0.0312 -0.1019 0.9943
vn -0.1181 0.3089 0.9437
vn -0.0080 0.3811 0.9245
vn 0.0104 0.3642 0.9313
vn -0.0183 0.3244 0.9457
vn -0.0727 -0.8127 0.5781
vn -0.0748 -0.8134 0.5769
vn -0.0907 -0.8265 0.5556
vn -0.0905 -0.8270 0.5549
vn -0.0359 -0.9242 0.3802
vn -0.0593 -0.9307 0.3610
vn -0.0574 -0.9309 0.3607
vn -0.0375 -0.9245 0.3794
vn -0.0373 -0.1120 0.9930
vn -0.0385 -0.1089 0.9933
vn -0.0384 -0.1090 0.9933
vn -0.0372 -0.1121 0.9930
vn -0.0058 0.0615 0.9981
vn 0.0188 0.0587 0.9981
vn 0.0202 0.2211 0.9750
vn 0.0016 0.2401 0.9707
vn 0.0241 0.3968 0.9176
vn 0.0071 0.4043 0.9146
vn -0.0106 0.0809 0.9967
vn -0.0154 0.2525 0.9675
vn -0.0200 0.4104 0.9117
vn -0.0170 0.0998 0.9949
vn -0.0314 0.2646 0.9639
vn -0.0446 0.4163 0.9081
vn -0.0309 0.1399 0.9897
vn -0.0223 0.1198 0.9925
vn -0.0465 0.2764 0.9599
vn -0.0598 0.2861 0.9563
vn -0.0683 0.4205 0.9047
vn -0.0407 0.1598 0.9863
vn -0.0774 0.2999 0.9508
vn -0.0869 0.4242 0.9014
vn -0.1101 0.4292 0.8965
vn -0.0501 0.1831 0.9818
vn -0.0941 0.3147 0.9445
vn -0.1183 0.3383 0.9336
vn -0.0695 0.2159 0.9739
vn -0.1353 0.4378 0.8888
vn -0.1629 0.4499 0.8781
vn -0.1519 0.3619 0.9197
vn -0.0984 0.2545 0.9621
vn -0.2021 0.4615 0.8638
vn -0.2302 0.4708 0.8517
vn -0.1820 0.3784 0.9076
vn -0.2625 0.4697 0.8429
vn -0.2162 0.3931 0.8937
vn -0.2972 0.4618 0.8357
vn -0.2453 0.4009 0.8827
vn -0.2705 0.4123 0.8699
vn -0.2209 0.3635 0.9050
vn -0.1916 0.3354 0.9224
vn -0.3199 0.4581 0.8294
vn -0.2999 0.4008 0.8657
vn -0.2537 0.3813 0.8890
vn -0.2970 0.4198 0.8576
vn -0.3314 0.4234 0.8431
vn -0.3406 0.4541 0.8233
vn -0.3644 0.4426 0.8193
vn -0.3581 0.4180 0.8349
vn -0.3750 0.4207 0.8261
vn -0.3933 0.4235 0.8161
vn -0.4082 0.4296 0.8055
vn -0.4131 0.4163 0.8099
vn -0.4202 0.4040 0.8125
vn -0.4400 0.4356 0.7853
vn -0.4447 0.3855 0.8085
vn -0.7757 0.6246 0.0905
vn -0.7789 0.6272 -0.0000
vn -0.4855 0.3967 0.7791
vn -0.5120 0.4281 0.7447
vn -0.4683 0.4353 0.7689
vn -0.1312 0.2808 0.9508
vn -0.1627 0.3021 0.9393
vn 0.4491 0.3335 0.8289
vn 0.4554 0.4187 0.7857
vn 0.4569 0.4212 0.7835
vn 0.4141 0.3831 0.8257
vn 0.4119 0.3820 0.8273
vn 0.6945 0.1601 0.7015
vn -0.8479 0.5206 0.1005
vn -0.8520 0.5236 0.0000
vn -0.0218 0.0832 0.9963
vn -0.0286 0.1555 0.9874
vn -0.1739 0.2299 0.9575
vn -0.1765 0.1616 0.9709
vn 0.3724 0.3533 0.8582
vn 0.3717 0.3526 0.8588
vn 0.3446 0.3244 0.8809
vn 0.3449 0.3247 0.8807
vn -0.0534 0.0161 0.9984
vn -0.0093 0.0112 0.9999
vn -0.0024 0.0776 0.9970
vn 0.9989 0.0407 0.0251
vn 0.9992 0.0408 0.0000
vn 0.4922 0.8591 0.1404
vn 0.5882 0.7303 0.3475
vn 0.5282 0.8112 0.2507
vn 0.0509 0.3099 0.9494
vn -0.3713 0.3034 0.8775
vn -0.0472 0.3247 0.9446
vn 0.0027 0.0151 0.9999
vn 0.0971 0.0978 0.9905
vn 0.1092 0.1695 0.9795
vn 0.0160 0.0878 0.9960
vn -0.0043 -0.0168 0.9999
vn -0.0043 -0.0152 0.9999
vn 0.0055 0.1521 0.9883
vn -0.5488 0.3848 0.7421
vn -0.5961 0.3897 0.7021
vn -0.2045 -0.1551 0.9665
vn -0.0386 -0.0454 0.9982
vn 0.0270 0.0206 0.9994
vn -0.3016 -0.2452 0.9214
vn -0.8311 -0.5560 0.0125
vn -0.8311 -0.5561 -0.0000
vn -0.8805 -0.4741 -0.0000
vn -0.8804 -0.4741 0.0126
vn -0.1598 0.0081 0.9871
vn -0.1815 0.0732 0.9807
vn -0.4008 0.1560 0.9028
vn -0.5576 0.4221 0.7148
vn 0.7804 0.6240 0.0402
vn 0.7809 0.6247 0.0000
vn -0.0135 -0.0185 0.9997
vn -0.0046 -0.0145 0.9999
vn -0.6022 0.4177 0.6804
vn -0.1037 -0.0143 0.9945
vn 0.0458 0.1774 0.9831
vn 0.1145 0.2327 0.9658
vn 0.2765 0.2471 0.9287
vn 0.2448 0.2185 0.9446
vn 0.0322 0.0399 0.9987
vn 0.0100 0.2429 0.9700
vn 0.0586 0.2703 0.9610
vn -0.6278 0.3894 0.6740
vn -0.6403 0.4135 0.6474
vn -0.6706 0.2917 0.6821
vn -0.6546 0.3770 0.6553
vn -0.6556 0.3683 0.6592
vn -0.0993 -0.0118 0.9950
vn -0.6750 0.3936 0.6241
vn -0.6469 0.3783 0.6621
vn -0.3662 0.9305 0.0000
vn -0.3645 0.9271 0.0876
vn -0.5809 0.8098 0.0827
vn -0.5282 0.8491 0.0000
vn -0.7837 0.6211 0.0000
vn -0.7733 0.6301 0.0707
vn -0.6848 0.7267 0.0545
vn -0.6858 0.7278 -0.0000
vn -0.7832 0.6205 0.0392
vn -0.6941 0.7193 0.0286
vn -0.6945 0.7195 -0.0000
vn -0.7754 0.6315 -0.0000
vn 0.3044 0.9521 0.0282
vn 0.3044 0.9525 0.0000
vn -0.6809 0.3891 0.6205
vn -0.6667 0.4045 0.6260
vn -0.1659 0.3036 0.9383
vn 0.0853 0.2927 0.9524
vn -0.0395 0.2480 0.9680
vn -0.7663 0.6394 0.0634
vn -0.7681 0.6404 -0.0000
vn -0.5991 0.2351 0.7654
vn -0.3526 0.2379 0.9050
vn -0.2808 0.2860 0.9162
vn -0.1560 0.2841 0.9460
vn 0.2161 -0.5712 0.7919
vn 0.2187 -0.5686 0.7930
vn 0.1592 -0.6247 0.7644
vn 0.1560 -0.6275 0.7628
vn -0.0075 -0.7493 0.6622
vn -0.0074 -0.7493 0.6622
vn -0.0744 -0.7482 0.6593
vn -0.0743 -0.7482 0.6593
vn 0.0470 0.0479 0.9977
vn 0.2696 -0.5137 0.8145
vn 0.2714 -0.5116 0.8152
vn 0.3138 -0.4577 0.8319
vn 0.3150 -0.4559 0.8324
vn -0.6564 -0.3568 0.6647
vn -0.6561 -0.3574 0.6647
vn -0.6897 -0.2859 0.6652
vn -0.6896 -0.2861 0.6652
vn 0.3476 -0.4041 0.8461
vn 0.3484 -0.4026 0.8465
vn 0.3748 -0.3508 0.8582
vn 0.3754 -0.3495 0.8584
vn -0.5794 -0.4746 0.6626
vn -0.6202 -0.4188 0.6634
vn -0.6204 -0.4183 0.6634
vn 0.3977 -0.2974 0.8680
vn 0.3981 -0.2965 0.8681
vn -0.5328 -0.5265 0.6625
vn 0.4144 -0.2472 0.8759
vn 0.4145 -0.2466 0.8760
vn -0.4875 -0.5663 0.6645
vn 0.4274 -0.1978 0.8821
vn 0.4275 -0.1975 0.8822
vn -0.4339 -0.6012 0.6710
vn -0.4339 -0.6013 0.6710
vn 0.4387 -0.1499 0.8860
vn 0.4388 -0.1496 0.8860
vn -0.3522 -0.6479 0.6754
vn -0.3523 -0.6479 0.6754
vn 0.4478 -0.1056 0.8879
vn 0.4479 -0.1052 0.8879
vn 0.0167 -0.7388 0.6737
vn 0.0166 -0.7386 0.6740
vn -0.2668 -0.6936 0.6692
vn -0.2670 -0.6935 0.6692
vn 0.4535 -0.0622 0.8891
vn 0.4535 -0.0623 0.8891
vn 0.0466 -0.7133 0.6993
vn 0.0483 -0.7123 0.7002
vn 0.0611 -0.2560 0.9647
vn 0.0205 -0.5246 0.8511
vn -0.1373 -0.7856 0.6032
vn 0.0519 -0.3301 0.9425
vn 0.4553 0.0000 0.8903
vn 0.1030 -0.6746 0.7310
vn 0.1048 -0.6729 0.7323
vn -0.1559 -0.7364 0.6584
vn -0.1560 -0.7363 0.6584
vn -0.2138 -0.7197 0.6605
vn -0.2137 -0.7198 0.6605
vn -0.7457 -0.0723 0.6623
vn -0.7457 -0.0724 0.6623
vn -0.7494 -0.0000 0.6621
vn -0.0314 -0.9212 0.3879
vn -0.0404 -0.9578 0.2846
vn -0.1879 -0.9294 0.3177
vn -0.1600 -0.8758 0.4553
vn -0.1002 -0.9589 0.2654
vn -0.0925 -0.9595 0.2661
vn -0.1839 -0.9430 0.2774
vn -0.1880 -0.9416 0.2792
vn -0.1323 -0.9187 0.3722
vn -0.1469 -0.9211 0.3604
vn -0.1770 -0.8277 0.5326
vn -0.1836 -0.8759 0.4461
vn -0.1770 -0.8812 0.4384
vn -0.0875 -0.9134 0.3976
vn -0.0981 -0.9127 0.3967
vn -0.0277 -0.8835 0.4676
vn -0.1263 -0.7482 0.6514
vn 0.1940 -0.8464 0.4959
vn 0.1798 -0.8511 0.4932
vn 0.0087 -0.0110 0.9999
vn 0.3450 -0.7037 0.6211
vn 0.5221 -0.6766 0.5192
vn 0.5279 -0.6725 0.5187
vn 0.4832 -0.6616 0.5734
vn -0.0295 -0.7377 0.6744
vn -0.0087 -0.7386 0.6741
vn -0.3411 -0.6619 0.6675
vn -0.3323 -0.6664 0.6675
vn -0.0733 -0.0690 0.9949
vn -0.0734 -0.0689 0.9949
vn -0.0787 -0.0676 0.9946
vn -0.0785 -0.0677 0.9946
vn -0.0617 -0.0360 0.9974
vn -0.0825 -0.0689 0.9942
vn -0.0827 -0.0687 0.9942
vn -0.0677 -0.0852 0.9941
vn 0.8061 0.5905 0.0392
vn 0.8067 0.5910 0.0000
vn -0.4652 -0.5937 0.6566
vn -0.4728 -0.5897 0.6548
vn 0.3364 0.2905 0.8958
vn 0.8186 0.5733 0.0348
vn 0.8270 0.5614 0.0312
vn 0.8274 0.5616 0.0000
vn 0.8192 0.5736 0.0000
vn -0.4994 -0.5867 0.6375
vn -0.4990 -0.5853 0.6390
vn -0.5090 -0.5936 0.6233
vn -0.5098 -0.5935 0.6228
vn -0.5318 -0.5856 0.6117
vn -0.5324 -0.5854 0.6115
vn -0.5689 -0.5510 0.6106
vn -0.5686 -0.5514 0.6105
vn -0.6097 -0.4877 0.6248
vn -0.6122 -0.4831 0.6260
vn 0.9950 -0.1003 0.0000
vn 0.2428 0.2716 0.9313
vn -0.9600 -0.2799 0.0000
vn -0.9826 -0.1858 -0.0000
vn -0.9825 -0.1859 0.0132
vn -0.9599 -0.2799 0.0138
vn -0.0650 -0.8345 0.5472
vn -0.0664 -0.8345 0.5470
vn -0.9237 -0.3830 0.0135
vn -0.9238 -0.3830 0.0000
vn -0.0528 -0.0000 0.9986
vn 0.0594 0.0000 0.9982
vn 0.0618 -0.0041 0.9981
vn -0.0521 0.0012 0.9986
vn -0.5713 -0.4045 0.7141
vn -0.5817 -0.4119 0.7014
vn -0.4118 -0.8526 0.3216
vn -0.4203 -0.8488 0.3208
vn -0.6274 -0.7089 0.3222
vn -0.5632 -0.7657 0.3107
vn -0.5653 -0.7641 0.3106
vn -0.6273 -0.7091 0.3220
vn -0.6172 -0.7050 0.3494
vn -0.6156 -0.7057 0.3507
vn -0.5301 -0.7490 0.3975
vn -0.4949 -0.7644 0.4131
vn -0.3132 -0.8110 0.4941
vn -0.3094 -0.8114 0.4958
vn 0.2966 -0.7380 0.6061
vn 0.0295 -0.8083 0.5881
vn -0.0242 -0.8146 0.5796
vn 0.2672 -0.7493 0.6059
vn -0.1992 -0.4822 0.8531
vn -0.1283 -0.1340 0.9826
vn -0.1247 -0.1350 0.9830
vn -0.1100 -0.1478 0.9829
vn -0.1103 -0.1472 0.9829
vn -0.0758 -0.1525 0.9854
vn -0.0724 -0.1517 0.9858
vn -0.0340 -0.1444 0.9889
vn -0.0325 -0.1445 0.9890
vn 0.4233 -0.6935 0.5830
vn 0.4246 -0.6949 0.5804
vn 0.3911 -0.6951 0.6032
vn 0.3905 -0.6954 0.6032
vn -0.0177 -0.1372 0.9904
vn -0.0160 -0.1355 0.9906
vn 0.4345 -0.7115 0.5523
vn 0.4348 -0.7157 0.5466
vn -0.0101 -0.1214 0.9925
vn -0.0105 -0.1195 0.9928
vn 0.4264 -0.7278 0.5371
vn 0.4268 -0.7275 0.5371
vn -0.0177 -0.1035 0.9945
vn -0.0184 -0.1025 0.9946
vn 0.4121 -0.7318 0.5427
vn 0.4123 -0.7319 0.5425
vn -0.0217 -0.0790 0.9966
vn -0.0216 -0.0781 0.9967
vn -0.0523 -0.0086 0.9986
vn -0.3873 -0.9219 -0.0000
vn -0.3872 -0.9213 0.0366
vn -0.2955 -0.9544 0.0434
vn -0.2956 -0.9553 -0.0000
vn -0.0121 -0.0117 0.9999
vn 0.3934 -0.7240 0.5666
vn 0.3926 -0.7237 0.5676
vn 0.0105 0.0000 0.9999
vn 0.0104 -0.0098 0.9999
vn 0.0041 0.0000 1.0000
vn 0.0105 -0.0216 0.9997
vn 0.0101 -0.0207 0.9997
vn 0.0120 -0.0189 0.9998
vn 0.0066 -0.0227 0.9997
vn 0.0102 -0.0199 0.9997
vn 0.0040 -0.0210 0.9998
vn -0.0212 -0.0444 0.9988
vn -0.0147 0.0227 0.9996
vn -0.0065 -0.0153 0.9999
vn -0.0053 -0.0166 0.9998
vn -0.0341 -0.0905 0.9953
vn 0.3679 -0.7141 0.5956
vn 0.3587 -0.7114 0.6044
vn -0.0275 -0.0993 0.9947
vn -0.0330 -0.1000 0.9944
vn -0.0506 -0.0905 0.9946
vn 0.3348 -0.7164 0.6121
vn 0.3283 -0.7208 0.6105
vn -0.6617 -0.6072 0.4399
vn -0.2182 -0.1954 0.9561
vn -0.1337 -0.1196 0.9838
vn -0.0997 -0.0256 0.9947
vn 0.3053 -0.7344 0.6062
vn 0.3027 -0.7357 0.6059
vn 0.2828 -0.7455 0.6035
vn 0.2831 -0.7454 0.6036
vn -0.0182 -0.1007 0.9947
vn -0.0198 -0.0999 0.9948
vn -0.0205 -0.1022 0.9946
vn -0.0204 -0.1022 0.9946
vn 0.2540 -0.7583 0.6004
vn 0.2573 -0.7569 0.6007
vn -0.0227 -0.1017 0.9946
vn -0.0225 -0.1016 0.9946
vn 0.2106 -0.7599 0.6150
vn 0.2071 -0.7591 0.6171
vn 0.1701 -0.7616 0.6254
vn 0.1681 -0.7632 0.6239
vn -0.0175 -0.1027 0.9946
vn -0.0174 -0.1028 0.9946
vn -0.0244 -0.1074 0.9939
vn -0.0254 -0.1077 0.9939
vn 0.1348 -0.7906 0.5973
vn 0.1325 -0.7925 0.5953
vn -0.0302 -0.1085 0.9936
vn -0.0298 -0.1083 0.9937
vn 0.0957 -0.8117 0.5762
vn 0.0948 -0.8117 0.5763
vn -0.0314 -0.1057 0.9939
vn -0.0313 -0.1057 0.9939
vn 0.0632 -0.8142 0.5772
vn 0.0603 -0.8144 0.5771
vn 0.0212 -0.8201 0.5718
vn 0.0199 -0.8204 0.5715
vn -0.0351 -0.1052 0.9938
vn -0.0350 -0.1053 0.9938
vn -0.0359 -0.1079 0.9935
vn -0.0360 -0.1080 0.9935
vn -0.0222 -0.8293 0.5584
vn -0.0230 -0.8295 0.5581
vn -0.0301 -0.0011 0.9995
vn -0.0300 -0.0000 0.9996
vn -0.0315 -0.0000 0.9995
vn -0.0316 -0.0011 0.9995
vn 0.0706 -0.9195 0.3866
vn 0.0678 -0.9196 0.3870
vn -0.0273 -0.0010 0.9996
vn -0.0272 -0.0000 0.9996
vn -0.0287 -0.0000 0.9996
vn -0.0288 -0.0011 0.9996
vn 0.2168 -0.9089 0.3561
vn 0.2136 -0.9094 0.3570
vn -0.0258 -0.0009 0.9997
vn -0.0258 -0.0000 0.9997
vn 0.3114 -0.8891 0.3354
vn 0.3088 -0.8901 0.3354
vn 0.3476 -0.8753 0.3361
vn 0.3462 -0.8759 0.3360
vn -0.0045 -0.0837 0.9965
vn -0.0051 -0.0834 0.9965
vn 0.3970 -0.8508 0.3442
vn 0.3931 -0.8530 0.3434
vn 0.0001 -0.0769 0.9970
vn 0.0018 -0.0760 0.9971
vn 0.4473 -0.8229 0.3504
vn 0.4428 -0.8253 0.3504
vn 0.0013 -0.0705 0.9975
vn -0.0009 -0.0699 0.9976
vn -0.0017 -0.0649 0.9979
vn 0.0002 -0.0636 0.9980
vn -0.0011 -0.0577 0.9983
vn 0.0076 -0.0576 0.9983
vn 0.1130 -0.7972 0.5930
vn 0.1129 -0.7974 0.5928
vn 0.1093 -0.7890 0.6045
vn 0.1092 -0.7884 0.6053
vn -0.0094 0.0000 1.0000
vn -0.0092 -0.0297 0.9995
vn -0.0121 -0.0300 0.9995
vn -0.0122 0.0000 0.9999
vn 0.1028 -0.7606 0.6410
vn 0.1025 -0.7595 0.6424
vn -0.0049 -0.0544 0.9985
vn 0.0051 -0.0559 0.9984
vn -0.0116 0.0000 0.9999
vn -0.0118 -0.0311 0.9994
vn 0.0972 -0.7293 0.6773
vn 0.0973 -0.7295 0.6771
vn -0.0090 0.0000 1.0000
vn -0.0090 -0.0334 0.9994
vn -0.0070 0.0000 1.0000
vn -0.0071 -0.0363 0.9993
vn -0.0034 -0.0394 0.9992
vn -0.0031 0.0000 1.0000
vn -0.0860 0.3580 0.9298
vn 0.0040 -0.0481 0.9988
vn 0.0047 0.0000 1.0000
vn 0.0054 -0.0618 0.9981
vn 0.0044 0.0000 1.0000
vn 0.1519 -0.7960 0.5859
vn 0.1520 -0.7963 0.5855
vn 0.0023 -0.0683 0.9977
vn 0.0032 0.0000 1.0000
vn 0.1857 -0.8148 0.5491
vn 0.1875 -0.8151 0.5482
vn 0.0279 -0.0696 0.9972
vn 0.0336 -0.0000 0.9994
vn 0.2478 -0.8153 0.5233
vn 0.2484 -0.8153 0.5231
vn 0.0829 -0.0781 0.9935
vn 0.1156 -0.0000 0.9933
vn 0.3061 -0.8044 0.5091
vn 0.3072 -0.8041 0.5089
vn 0.0207 -0.0433 0.9988
vn -0.0010 -0.0408 0.9992
vn 0.3580 -0.7872 0.5022
vn 0.3564 -0.7879 0.5022
vn 0.7324 -0.3605 0.5775
vn 0.7145 -0.4007 0.5735
vn 0.8040 -0.1732 0.5689
vn 0.8063 -0.1666 0.5676
vn 0.8351 -0.0000 0.5501
vn 0.6710 -0.6826 0.2895
vn 0.6244 -0.7243 0.2923
vn 0.6273 -0.7220 0.2919
vn 0.6719 -0.6817 0.2896
vn 0.5501 -0.7764 0.3074
vn 0.4876 -0.8077 0.3314
vn 0.4811 -0.8096 0.3364
vn 0.5512 -0.7757 0.3072
vn -0.0236 -0.0006 0.9997
vn -0.0216 -0.0009 0.9998
vn -0.0221 -0.0000 0.9998
vn -0.0236 -0.0000 0.9997
vn -0.0248 -0.0007 0.9997
vn -0.0248 -0.0000 0.9997
vn -0.0348 -0.9301 0.3657
vn -0.0334 -0.9298 0.3666
vn 0.0020 -0.9265 0.3762
vn 0.0033 -0.9265 0.3764
vn 0.0374 -0.9254 0.3770
vn 0.0400 -0.9256 0.3765
vn 0.0778 -0.9235 0.3756
vn 0.0793 -0.9233 0.3757
vn 0.1194 -0.9169 0.3809
vn 0.1226 -0.9160 0.3820
vn 0.1495 -0.9113 0.3838
vn 0.1553 -0.9107 0.3828
vn 0.1980 -0.9008 0.3866
vn 0.2076 -0.8977 0.3887
vn 0.2515 -0.8808 0.4011
vn 0.2590 -0.8773 0.4041
vn 0.2427 -0.8715 0.4261
vn 0.2358 -0.8718 0.4293
vn 0.0669 -0.8874 0.4561
vn 0.0620 -0.8876 0.4564
vn -0.0772 -0.8850 0.4592
vn -0.8681 -0.0339 0.4951
vn -0.8662 0.0685 0.4950
vn -0.8669 0.0556 0.4953
vn -0.8562 0.1769 0.4855
vn -0.8592 0.1975 0.4721
vn -0.8588 0.1971 0.4729
vn -0.8563 0.1741 0.4862
vn -0.8754 0.1779 0.4495
vn -0.8739 0.1807 0.4513
vn -0.8940 0.1376 0.4264
vn -0.9072 0.0935 0.4101
vn -0.9071 0.0942 0.4103
vn -0.8934 0.1392 0.4272
vn -0.9193 0.0515 0.3901
vn -0.9261 -0.0000 0.3772
vn -0.9193 0.0516 0.3902
vn -0.0138 -0.0038 0.9999
vn -0.0163 -0.0000 0.9999
vn -0.0329 -0.0000 0.9995
vn -0.0330 -0.0011 0.9995
vn -0.0342 -0.0000 0.9994
vn -0.0343 -0.0011 0.9994
vn -0.0356 -0.0011 0.9994
vn -0.0356 -0.0000 0.9994
vn -0.0370 0.0000 0.9993
vn -0.0371 -0.0012 0.9993
vn -0.0388 0.0000 0.9992
vn -0.0389 -0.0013 0.9992
vn -0.0414 0.0000 0.9991
vn -0.0415 -0.0014 0.9991
vn -0.0448 0.0000 0.9990
vn -0.0448 -0.0016 0.9990
vn -0.0490 -0.0018 0.9988
vn -0.0492 0.0000 0.9988
vn -0.0891 -0.0000 0.9960
vn -0.0875 0.0011 0.9962
vn -0.1332 -0.1008 0.9860
vn -0.2350 -0.2104 0.9489
vn -0.2024 -0.2596 0.9443
vn 0.3803 -0.9229 0.0606
vn 0.3811 -0.9245 -0.0000
vn 0.2880 -0.9576 -0.0000
vn 0.2874 -0.9561 0.0568
vn 0.0034 -0.9989 0.0475
vn 0.0033 -1.0000 -0.0000
vn -0.0984 -0.9951 -0.0000
vn -0.0982 -0.9939 0.0504
vn 0.4684 -0.8814 0.0616
vn 0.4693 -0.8830 -0.0000
vn 0.5526 -0.8312 0.0608
vn 0.5537 -0.8327 -0.0000
vn 0.6341 -0.7709 0.0598
vn 0.6352 -0.7723 -0.0000
vn -0.7359 -0.1363 0.6632
vn -0.7360 -0.1360 0.6632
vn 0.7080 -0.7038 0.0586
vn 0.7092 -0.7050 -0.0000
vn -0.7733 -0.6339 0.0137
vn -0.7734 -0.6340 -0.0000
vn 0.7734 -0.6313 0.0567
vn 0.7747 -0.6324 -0.0000
vn -0.7095 -0.7045 0.0162
vn -0.7096 -0.7046 -0.0000
vn 0.8312 -0.5532 0.0551
vn 0.8324 -0.5541 -0.0000
vn -0.6371 -0.7706 0.0204
vn -0.6371 -0.7708 -0.0000
vn 0.8807 -0.4705 0.0546
vn 0.8820 -0.4713 -0.0000
vn -0.5574 -0.8298 0.0256
vn -0.5575 -0.8301 -0.0000
vn 0.9221 -0.3832 0.0547
vn 0.9235 -0.3837 -0.0000
vn -0.4742 -0.8799 0.0309
vn -0.4742 -0.8804 -0.0000
vn 0.9546 -0.2928 0.0556
vn 0.9561 -0.2931 -0.0000
vn 0.9774 -0.2034 0.0582
vn 0.9791 -0.2035 -0.0000
vn 0.1010 -0.9938 0.0468
vn 0.1011 -0.9949 -0.0000
vn 0.9923 -0.1076 0.0619
vn 0.9942 -0.1075 -0.0000
vn -0.9951 -0.0982 0.0126
vn -0.9952 -0.0981 0.0000
vn -0.9999 0.0000 0.0124
vn -0.7180 -0.2069 0.6646
vn -0.7178 -0.2076 0.6646
vn 0.1950 -0.9795 0.0510
vn 0.1954 -0.9807 -0.0000
vn -0.1994 -0.9787 0.0493
vn -0.1995 -0.9799 -0.0000
vn 0.9980 -0.0000 0.0637
vn 0.0233 -0.0186 0.9996
vn 0.0045 -0.0247 0.9997
vn -0.0466 -0.0296 0.9985
vn -0.0486 -0.0164 0.9987
vn -0.0256 -0.1025 0.9944
vn -0.0059 -0.1156 0.9933
vn -0.0041 -0.0224 0.9997
vn 0.0354 -0.0135 0.9993
vn 0.0320 -0.0075 0.9995
vn -0.0067 -0.0037 1.0000
vn 0.2927 0.2988 0.9083
vn 0.3193 0.2844 0.9040
vn -0.1869 0.4239 0.8862
vn -0.2339 -0.3439 0.9094
vn 0.2391 -0.0435 0.9700
vn 0.3638 -0.0413 0.9305
vn 0.3599 -0.0000 0.9330
vn 0.2293 -0.0000 0.9734
vn 0.0062 -0.0116 0.9999
vn 0.0002 0.0000 1.0000
vn 0.0886 0.0605 0.9942
vn 0.2248 0.9725 0.0616
vn 0.2253 0.9743 0.0000
vn 0.0685 0.2767 0.9585
vn -0.2461 0.3817 0.8909
vn -0.2576 0.4253 0.8676
vn -0.0592 0.3568 0.9323
vn 0.0286 0.0000 0.9996
vn 0.2138 -0.0403 0.9761
vn 0.1940 -0.0874 0.9771
vn 0.1948 -0.0000 0.9808
vn 0.0653 0.0001 0.9979
vn 0.0651 -0.0057 0.9979
vn 0.0352 -0.0203 0.9992
vn 0.0262 -0.0000 0.9997
vn -0.1450 0.4387 0.8869
vn -0.1762 0.4255 0.8876
vn -0.0371 0.1211 0.9919
vn -0.1139 0.1709 0.9787
vn -0.0081 0.2607 0.9654
vn 0.0394 0.4065 0.9128
vn -0.1924 0.3379 0.9213
vn -0.1903 0.3523 0.9163
vn 0.0252 0.0769 0.9967
vn -0.1116 0.2041 0.9726
vn -0.2126 0.2613 0.9416
vn -0.0318 0.3339 0.9421
vn 0.0106 0.3618 0.9322
vn 0.0226 0.3848 0.9227
vn 0.8888 -0.3159 0.3320
vn 0.8895 -0.3135 0.3325
vn 0.8248 -0.4696 0.3149
vn 0.8143 -0.4884 0.3137
vn 0.0803 -0.1126 0.9904
vn 0.1254 -0.1454 0.9814
vn 0.0644 -0.0231 0.9977
vn 0.0561 -0.0333 0.9979
vn 0.1153 -0.1754 0.9777
vn 0.1939 -0.2397 0.9513
vn 0.0248 -0.0707 0.9972
vn 0.0459 -0.1226 0.9914
vn 0.3167 -0.1824 0.9308
vn 0.4051 -0.1415 0.9033
vn 0.3463 -0.2880 0.8928
vn 0.4905 -0.3084 0.8151
vn -0.0408 -0.0342 0.9986
vn -0.0703 -0.0231 0.9973
vn -0.0326 -0.0653 0.9973
vn -0.0570 -0.0481 0.9972
vn -0.0374 -0.0389 0.9985
vn -0.0297 -0.0753 0.9967
vn -0.0342 -0.0433 0.9985
vn -0.0268 -0.0843 0.9961
vn -0.0363 -0.0447 0.9983
vn -0.0317 -0.0881 0.9956
vn -0.0343 -0.0433 0.9985
vn -0.0326 -0.0861 0.9957
vn -0.0336 -0.0437 0.9985
vn -0.0304 -0.0861 0.9958
vn -0.0342 -0.0428 0.9985
vn -0.0345 -0.0851 0.9958
vn -0.0313 -0.0445 0.9985
vn -0.0294 -0.0878 0.9957
vn -0.0320 -0.0475 0.9984
vn -0.0319 -0.0935 0.9951
vn 0.0003 -0.0548 0.9985
vn 0.0184 -0.1067 0.9941
vn -0.0332 -0.0474 0.9983
vn -0.0254 -0.0467 0.9986
vn -0.0360 -0.0917 0.9951
vn -0.0239 -0.0893 0.9957
vn -0.0131 -0.0520 0.9986
vn -0.0101 -0.0525 0.9986
vn -0.0010 -0.1014 0.9948
vn 0.0031 -0.1027 0.9947
vn -0.0059 -0.0541 0.9985
vn 0.0097 -0.1045 0.9945
vn 0.9357 0.0001 0.3528
vn 0.9217 -0.1690 0.3490
vn 0.9226 -0.1639 0.3493
vn -0.0157 -0.0508 0.9986
vn -0.0058 -0.0950 0.9955
vn -0.1212 0.0020 0.9926
vn -0.1101 0.0106 0.9939
vn -0.1289 0.0041 0.9916
vn -0.1307 0.0002 0.9914
vn -0.1251 -0.0089 0.9921
vn -0.0792 -0.0151 0.9967
vn -0.1055 0.0163 0.9943
vn -0.0544 -0.0114 0.9985
vn -0.0675 -0.0312 0.9972
vn 0.2422 -0.2695 0.9321
vn 0.1787 -0.1615 0.9706
vn 0.0786 -0.0296 0.9965
vn 0.0664 -0.0000 0.9978
vn 0.7232 -0.6225 0.2991
vn 0.7243 -0.6211 0.2994
vn -0.5177 0.3342 0.7876
vn -0.5692 0.2826 0.7721
vn -0.0237 -0.0078 0.9997
vn 0.9875 -0.1579 0.0000
vn 0.8937 -0.4482 0.0208
vn 0.0597 -0.0103 0.9982
vn 0.0507 -0.0149 0.9986
vn 0.7090 -0.7053 0.0000
vn 0.6570 -0.7533 0.0289
vn 0.8644 -0.5020 0.0279
vn 0.6098 0.7907 0.0549
vn 0.8534 0.5211 0.0126
vn 0.8659 0.5002 0.0068
vn 0.6384 0.7692 0.0289
vn 0.8726 0.4885 -0.0000
vn 0.6581 0.7529 -0.0000
vn 0.9781 0.2072 0.0176
vn 0.9808 0.1948 0.0091
vn 0.9814 0.1920 -0.0000
vn 0.5431 -0.8391 0.0308
vn 0.9999 -0.0100 0.0123
vn 1.0000 -0.0051 -0.0000
vn 0.7871 -0.6156 0.0396
vn 0.6642 -0.7467 0.0363
vn 0.1749 -0.0123 0.9845
vn 0.1622 -0.0222 0.9865
vn 0.9763 -0.2115 0.0446
vn 0.1196 -0.0145 0.9927
vn 0.0888 -0.0138 0.9960
vn 0.0425 -0.0148 0.9990
vn 0.1420 -0.0239 0.9896
vn 0.4748 0.8801 -0.0000
vn 0.9996 -0.0148 0.0242
vn -0.6685 0.0000 0.7437
vn 0.0040 -0.0036 1.0000
vn -0.0509 -0.0319 0.9982
vn 0.1786 0.0000 0.9839
vn 0.0419 -0.0186 0.9989
vn 0.0595 -0.0265 0.9979
vn 0.0488 -0.0326 0.9983
vn 0.0131 -0.0124 0.9998
vn -0.1210 0.0000 0.9927
vn 0.1800 -0.0336 0.9831
vn -0.9409 0.3190 -0.1141
vn -0.9935 -0.0000 -0.1140
vn -0.5303 0.8408 -0.1091
vn -0.6149 0.7818 -0.1030
vn -0.7337 0.6716 -0.1032
vn 0.5886 -0.6002 -0.5416
vn 0.6064 -0.5777 -0.5464
vn 0.4557 -0.7268 -0.5139
vn 0.4497 -0.7311 -0.5131
vn -0.8467 0.5205 -0.1102
vn -0.4973 0.8582 -0.1271
vn -0.4967 0.8599 -0.1180
vn -0.5553 0.8198 -0.1401
vn -0.5274 0.8387 -0.1355
vn -0.2182 0.9643 -0.1500
vn -0.3711 0.9170 -0.1465
vn -0.0852 0.9864 -0.1409
vn -0.1321 0.9800 -0.1485
vn -0.5603 0.8162 -0.1412
vn -0.5135 0.8462 -0.1424
vn -0.0611 0.9896 -0.1299
vn 0.2565 0.9647 -0.0598
vn 0.3676 0.9285 -0.0526
vn 0.2438 0.3062 -0.9202
vn 0.2685 0.3094 -0.9122
vn 0.2188 0.2920 -0.9311
vn 0.1705 0.2974 -0.9394
vn -0.3176 0.9420 -0.1088
vn -0.4071 0.9069 -0.1082
vn -0.1083 0.9879 -0.1111
vn -0.2192 0.9695 -0.1095
vn -0.0585 0.9791 -0.1950
vn -0.2651 0.9481 -0.1755
vn 0.6408 0.7669 -0.0350
vn 0.6814 0.7311 -0.0339
vn 0.8043 0.5937 -0.0252
vn 0.7460 0.6655 -0.0236
vn 0.6736 0.7387 -0.0243
vn 0.7501 0.6607 -0.0282
vn 0.8916 0.4518 -0.0309
vn 0.4889 0.2962 -0.8205
vn 0.4822 0.2270 -0.8461
vn 0.5257 0.1687 -0.8338
vn 0.9950 -0.0967 -0.0247
vn 0.9998 0.0000 -0.0208
vn 0.9991 0.0000 -0.0417
vn 0.9944 -0.0930 -0.0493
vn 0.9703 0.2413 -0.0177
vn 0.8901 0.4555 -0.0128
vn 0.4739 0.4484 -0.7578
vn 0.4575 0.4387 -0.7735
vn 0.4467 0.4304 -0.7844
vn 0.4750 0.4501 -0.7562
vn 0.1238 0.3063 -0.9438
vn 0.2141 0.3084 -0.9269
vn -0.7991 0.5920 -0.1045
vn -0.8218 0.5589 -0.1112
vn -0.6781 0.7317 -0.0686
vn -0.7052 0.7055 -0.0704
vn -0.7442 0.6635 -0.0770
vn -0.5528 0.8298 -0.0768
vn -0.6101 0.7888 -0.0740
vn -0.4690 0.8798 -0.0771
vn -0.5025 0.8611 -0.0768
vn -0.3648 0.9277 -0.0789
vn -0.4073 0.9098 -0.0803
vn -0.1287 0.9882 -0.0835
vn -0.1676 0.9822 -0.0848
vn -0.2210 0.9716 -0.0845
vn 0.0448 0.9952 -0.0867
vn -0.0169 0.9962 -0.0854
vn -0.0628 0.9945 -0.0835
vn 0.2268 0.9693 -0.0949
vn 0.1294 0.9876 -0.0889
vn 0.1991 0.9738 -0.1099
vn -0.3667 0.9228 -0.1183
vn -0.0796 0.9892 -0.1233
vn -0.4314 0.8945 -0.1178
vn 0.0850 0.9785 -0.1877
vn 0.2243 0.9593 -0.1718
vn -0.5691 0.8129 -0.1240
vn -0.5228 0.8370 -0.1616
vn 0.3080 0.9395 -0.1496
vn 0.1666 0.9698 -0.1778
vn 0.3574 0.9226 -0.1450
vn 0.5725 0.8191 -0.0350
vn 0.4576 0.8886 -0.0316
vn 0.6169 0.1528 -0.7721
vn 0.6166 0.1527 -0.7723
vn 0.7915 -0.6108 -0.0223
vn 0.6679 -0.7441 -0.0169
vn 0.5358 -0.8442 -0.0152
vn 0.6416 -0.7669 -0.0146
vn -0.5527 0.3452 -0.7585
vn -0.4177 0.2875 -0.8619
vn -0.4284 0.2222 -0.8759
vn -0.5594 0.3204 -0.7645
vn -0.0691 -0.0517 -0.9963
vn -0.0723 -0.0663 -0.9952
vn -0.0721 -0.0663 -0.9952
vn -0.0691 -0.0519 -0.9963
vn 0.9751 0.2197 -0.0302
vn 0.8270 0.5616 -0.0280
vn 0.7340 0.6782 -0.0360
vn 0.6059 0.7947 -0.0360
vn -0.0135 -0.1160 -0.9932
vn -0.0449 -0.0971 -0.9943
vn -0.0645 -0.0928 -0.9936
vn -0.6539 0.7534 -0.0699
vn -0.2991 0.9507 -0.0817
vn -0.4422 0.8933 -0.0800
vn -0.0963 0.9920 -0.0820
vn -0.3748 0.9165 -0.1398
vn -0.5480 0.8289 -0.1125
vn -0.4876 0.8663 -0.1085
vn -0.0416 0.9927 -0.1136
vn -0.0448 0.9918 -0.1196
vn -0.4758 0.8588 -0.1898
vn -0.7503 0.2442 -0.6144
vn -0.6983 0.2541 -0.6692
vn -0.7379 -0.0000 -0.6749
vn -0.7791 0.0000 -0.6269
vn -0.6902 0.4193 -0.5897
vn -0.6272 0.4363 -0.6451
vn -0.6121 0.5523 -0.5659
vn -0.5362 0.5582 -0.6331
vn -0.5458 0.4537 -0.7045
vn -0.6362 0.2691 -0.7231
vn -0.6717 0.0672 -0.7378
vn -0.2274 0.5612 -0.7958
vn -0.2843 0.5908 -0.7551
vn -0.3461 0.6379 -0.6880
vn -0.2863 0.6051 -0.7429
vn -0.4000 0.6770 -0.6177
vn -0.4342 0.6258 -0.6480
vn -0.5014 0.6522 -0.5686
vn -0.3569 0.5877 -0.7261
vn -0.1847 0.4991 -0.8466
vn -0.2482 0.5424 -0.8027
vn -0.2248 0.4616 -0.8581
vn -0.1575 0.4166 -0.8954
vn -0.3080 0.5756 -0.7575
vn -0.3403 0.6409 -0.6881
vn -0.2901 0.4959 -0.8185
vn -0.4385 0.4134 -0.7980
vn -0.4556 0.4102 -0.7901
vn -0.4422 0.3906 -0.8074
vn -0.4386 0.3914 -0.8090
vn -0.2739 0.3271 -0.9044
vn -0.3813 0.3078 -0.8717
vn -0.5386 0.3428 -0.7697
vn -0.5208 0.3211 -0.7910
vn -0.0515 0.3428 -0.9380
vn -0.0462 0.3829 -0.9227
vn -0.0515 0.4026 -0.9139
vn -0.0587 0.3583 -0.9318
vn -0.4464 0.5493 -0.7064
vn -0.1983 0.3888 -0.8997
vn -0.1315 0.3422 -0.9304
vn 0.1341 -0.7751 -0.6174
vn 0.1167 -0.7568 -0.6432
vn 0.1168 -0.7572 -0.6426
vn 0.1355 -0.7758 -0.6163
vn -0.0505 0.3351 -0.9408
vn -0.0527 0.3056 -0.9507
vn -0.0621 0.2977 -0.9526
vn -0.0714 0.3294 -0.9415
vn -0.1428 0.3441 -0.9280
vn -0.0926 0.3037 -0.9483
vn -0.1293 0.3637 -0.9225
vn -0.2147 0.3692 -0.9042
vn 0.1063 -0.7306 -0.6744
vn 0.1068 -0.7319 -0.6730
vn 0.0985 -0.7171 -0.6900
vn -0.0426 0.3858 -0.9216
vn -0.0465 0.3553 -0.9336
vn -0.0485 0.3634 -0.9304
vn -0.0506 0.3220 -0.9454
vn -0.0407 0.4209 -0.9062
vn -0.0715 0.4524 -0.8890
vn -0.0738 0.4076 -0.9102
vn -0.0439 0.4457 -0.8941
vn -0.0756 0.3641 -0.9283
vn -0.1186 0.4475 -0.8864
vn -0.1054 0.4030 -0.9091
vn -0.0913 0.3624 -0.9275
vn -0.1324 0.3849 -0.9134
vn -0.1004 0.3498 -0.9314
vn 0.1079 -0.7881 -0.6061
vn 0.1003 -0.7815 -0.6158
vn 0.1084 -0.7887 -0.6052
vn -0.1787 0.3838 -0.9060
vn -0.1410 0.3600 -0.9222
vn -0.1905 0.4070 -0.8934
vn 0.0992 -0.7842 -0.6125
vn 0.0992 -0.7841 -0.6127
vn -0.0130 0.3610 -0.9325
vn -0.0115 0.3589 -0.9333
vn -0.1054 0.3404 -0.9343
vn -0.1050 0.3439 -0.9331
vn -0.1008 0.3307 -0.9383
vn -0.0797 0.3211 -0.9437
vn 0.0926 -0.7884 -0.6081
vn 0.0929 -0.7884 -0.6081
vn 0.0467 -0.7973 -0.6018
vn -0.0148 -0.0979 -0.9951
vn -0.0134 -0.0975 -0.9951
vn -0.0030 -0.0901 -0.9959
vn -0.0035 -0.0910 -0.9958
vn 0.0620 0.4002 -0.9143
vn 0.0714 0.3952 -0.9158
vn -0.0262 -0.8056 -0.5919
vn -0.0200 -0.8053 -0.5926
vn -0.0324 -0.1022 -0.9942
vn -0.0312 -0.1019 -0.9943
vn -0.1180 0.3089 -0.9437
vn -0.0183 0.3244 -0.9458
vn 0.0104 0.3641 -0.9313
vn -0.0081 0.3810 -0.9245
vn -0.0748 -0.8134 -0.5769
vn -0.0727 -0.8127 -0.5781
vn -0.0905 -0.8270 -0.5549
vn -0.0907 -0.8265 -0.5555
vn -0.0359 -0.9242 -0.3802
vn -0.0375 -0.9245 -0.3794
vn -0.0574 -0.9309 -0.3607
vn -0.0593 -0.9307 -0.3610
vn -0.0373 -0.1120 -0.9930
vn -0.0372 -0.1121 -0.9930
vn -0.0384 -0.1090 -0.9933
vn -0.0385 -0.1089 -0.9933
vn -0.0058 0.0615 -0.9981
vn 0.0016 0.2401 -0.9707
vn 0.0202 0.2211 -0.9750
vn 0.0188 0.0587 -0.9981
vn 0.0241 0.3968 -0.9176
vn 0.0071 0.4043 -0.9146
vn -0.0106 0.0809 -0.9967
vn -0.0154 0.2525 -0.9675
vn -0.0200 0.4104 -0.9117
vn -0.0170 0.0998 -0.9949
vn -0.0314 0.2646 -0.9639
vn -0.0446 0.4163 -0.9081
vn -0.0309 0.1399 -0.9897
vn -0.0598 0.2861 -0.9563
vn -0.0465 0.2764 -0.9599
vn -0.0223 0.1198 -0.9925
vn -0.0683 0.4205 -0.9047
vn -0.0407 0.1598 -0.9863
vn -0.0774 0.2999 -0.9508
vn -0.0869 0.4242 -0.9014
vn -0.1101 0.4292 -0.8965
vn -0.0501 0.1831 -0.9818
vn -0.0941 0.3147 -0.9445
vn -0.0695 0.2159 -0.9739
vn -0.1183 0.3383 -0.9336
vn -0.1353 0.4378 -0.8888
vn -0.1629 0.4499 -0.8781
vn -0.0984 0.2545 -0.9621
vn -0.1519 0.3619 -0.9197
vn -0.2021 0.4615 -0.8638
vn -0.1820 0.3784 -0.9076
vn -0.2302 0.4708 -0.8517
vn -0.2162 0.3931 -0.8937
vn -0.2624 0.4697 -0.8429
vn -0.2453 0.4009 -0.8827
vn -0.2972 0.4618 -0.8357
vn -0.2705 0.4123 -0.8699
vn -0.1916 0.3354 -0.9224
vn -0.2209 0.3635 -0.9050
vn -0.3199 0.4581 -0.8294
vn -0.2999 0.4008 -0.8657
vn -0.3314 0.4234 -0.8431
vn -0.2970 0.4198 -0.8576
vn -0.2537 0.3813 -0.8890
vn -0.3644 0.4426 -0.8193
vn -0.3406 0.4541 -0.8233
vn -0.3581 0.4180 -0.8349
vn -0.3750 0.4207 -0.8261
vn -0.3933 0.4235 -0.8161
vn -0.4082 0.4296 -0.8055
vn -0.4131 0.4163 -0.8100
vn -0.4202 0.4039 -0.8126
vn -0.4400 0.4356 -0.7853
vn -0.4447 0.3855 -0.8085
vn -0.7757 0.6246 -0.0905
vn -0.4683 0.4353 -0.7689
vn -0.5120 0.4281 -0.7447
vn -0.4855 0.3967 -0.7791
vn -0.1312 0.2808 -0.9508
vn -0.1627 0.3021 -0.9393
vn 0.4492 0.3335 -0.8289
vn 0.4569 0.4212 -0.7835
vn 0.4554 0.4187 -0.7857
vn 0.4141 0.3831 -0.8257
vn 0.4119 0.3820 -0.8273
vn 0.6945 0.1602 -0.7015
vn -0.8479 0.5206 -0.1005
vn -0.0219 0.0833 -0.9963
vn -0.1764 0.1616 -0.9710
vn -0.1736 0.2298 -0.9576
vn -0.0286 0.1558 -0.9874
vn 0.3724 0.3533 -0.8582
vn 0.3449 0.3247 -0.8807
vn 0.3446 0.3244 -0.8809
vn 0.3717 0.3526 -0.8588
vn -0.0024 0.0777 -0.9970
vn -0.0093 0.0112 -0.9999
vn -0.0534 0.0161 -0.9984
vn 0.9989 0.0407 -0.0251
vn 0.4922 0.8591 -0.1403
vn 0.5284 0.8112 -0.2505
vn 0.5884 0.7302 -0.3474
vn 0.0509 0.3096 -0.9495
vn -0.0467 0.3247 -0.9447
vn -0.3713 0.3033 -0.8776
vn 0.0027 0.0151 -0.9999
vn 0.0161 0.0879 -0.9960
vn 0.1092 0.1696 -0.9794
vn 0.0971 0.0979 -0.9905
vn -0.0043 -0.0168 -0.9999
vn -0.0043 -0.0152 -0.9999
vn 0.0055 0.1524 -0.9883
vn -0.5488 0.3848 -0.7421
vn -0.5960 0.3897 -0.7021
vn -0.2045 -0.1551 -0.9665
vn -0.3016 -0.2452 -0.9214
vn 0.0270 0.0208 -0.9994
vn -0.0387 -0.0454 -0.9982
vn -0.8311 -0.5560 -0.0125
vn -0.8804 -0.4741 -0.0126
vn -0.1598 0.0081 -0.9871
vn -0.4008 0.1560 -0.9028
vn -0.1815 0.0732 -0.9807
vn -0.5576 0.4221 -0.7148
vn 0.7804 0.6240 -0.0402
vn -0.0046 -0.0145 -0.9999
vn -0.0135 -0.0185 -0.9997
vn -0.6022 0.4177 -0.6804
vn -0.1037 -0.0143 -0.9945
vn 0.0459 0.1777 -0.9830
vn 0.1145 0.2329 -0.9657
vn 0.2765 0.2471 -0.9287
vn 0.0322 0.0399 -0.9987
vn 0.2448 0.2185 -0.9446
vn 0.0101 0.2434 -0.9699
vn 0.0588 0.2707 -0.9609
vn -0.6278 0.3894 -0.6740
vn -0.6403 0.4135 -0.6474
vn -0.6708 0.2915 -0.6820
vn -0.6556 0.3683 -0.6592
vn -0.6546 0.3770 -0.6553
vn -0.0993 -0.0118 -0.9950
vn -0.6750 0.3936 -0.6241
vn -0.6469 0.3783 -0.6621
vn -0.5809 0.8098 -0.0827
vn -0.3650 0.9269 -0.0876
vn -0.6848 0.7267 -0.0545
vn -0.7733 0.6301 -0.0707
vn -0.7833 0.6204 -0.0392
vn -0.6944 0.7191 -0.0286
vn 0.3042 0.9522 -0.0281
vn -0.6809 0.3891 -0.6205
vn -0.6667 0.4045 -0.6260
vn -0.1650 0.3034 -0.9385
vn 0.0853 0.2929 -0.9523
vn -0.0392 0.2482 -0.9679
vn -0.7662 0.6395 -0.0634
vn -0.5987 0.2350 -0.7657
vn -0.3523 0.2379 -0.9051
vn -0.2808 0.2860 -0.9162
vn -0.1560 0.2840 -0.9460
vn 0.2161 -0.5712 -0.7919
vn 0.1560 -0.6275 -0.7628
vn 0.1592 -0.6247 -0.7644
vn 0.2187 -0.5686 -0.7930
vn -0.0075 -0.7493 -0.6622
vn -0.0743 -0.7482 -0.6593
vn -0.0744 -0.7482 -0.6593
vn -0.0074 -0.7493 -0.6622
vn 0.0470 0.0478 -0.9978
vn 0.2696 -0.5137 -0.8145
vn 0.2714 -0.5116 -0.8152
vn 0.3138 -0.4577 -0.8319
vn 0.3150 -0.4559 -0.8324
vn -0.6564 -0.3568 -0.6647
vn -0.6896 -0.2861 -0.6652
vn -0.6897 -0.2859 -0.6652
vn -0.6561 -0.3574 -0.6647
vn 0.3476 -0.4041 -0.8461
vn 0.3484 -0.4026 -0.8465
vn 0.3748 -0.3508 -0.8582
vn 0.3754 -0.3495 -0.8584
vn -0.5794 -0.4746 -0.6627
vn -0.6204 -0.4183 -0.6634
vn -0.6202 -0.4187 -0.6634
vn 0.3977 -0.2974 -0.8680
vn 0.3981 -0.2965 -0.8681
vn -0.5328 -0.5265 -0.6625
vn 0.4144 -0.2472 -0.8759
vn 0.4145 -0.2466 -0.8760
vn -0.4875 -0.5663 -0.6645
vn 0.4274 -0.1978 -0.8821
vn 0.4275 -0.1975 -0.8822
vn -0.4339 -0.6012 -0.6710
vn -0.4339 -0.6013 -0.6710
vn 0.4388 -0.1499 -0.8860
vn 0.4388 -0.1496 -0.8860
vn -0.3522 -0.6479 -0.6754
vn 0.4478 -0.1056 -0.8879
vn 0.4479 -0.1052 -0.8879
vn 0.0167 -0.7388 -0.6737
vn 0.0166 -0.7386 -0.6740
vn -0.2668 -0.6936 -0.6692
vn -0.2670 -0.6935 -0.6692
vn 0.4535 -0.0622 -0.8891
vn 0.4535 -0.0623 -0.8891
vn 0.0466 -0.7133 -0.6993
vn 0.0483 -0.7123 -0.7002
vn 0.0611 -0.2560 -0.9647
vn 0.0520 -0.3301 -0.9425
vn -0.1372 -0.7860 -0.6028
vn 0.0206 -0.5247 -0.8511
vn 0.4553 0.0000 -0.8903
vn 0.1030 -0.6746 -0.7310
vn 0.1048 -0.6729 -0.7322
vn -0.1559 -0.7364 -0.6584
vn -0.2137 -0.7198 -0.6605
vn -0.2138 -0.7197 -0.6605
vn -0.1560 -0.7363 -0.6584
vn -0.7457 -0.0724 -0.6623
vn -0.7494 -0.0000 -0.6621
vn -0.0314 -0.9212 -0.3879
vn -0.1600 -0.8759 -0.4553
vn -0.1879 -0.9294 -0.3178
vn -0.0404 -0.9578 -0.2846
vn -0.1002 -0.9589 -0.2654
vn -0.0925 -0.9595 -0.2661
vn -0.1839 -0.9429 -0.2775
vn -0.1880 -0.9416 -0.2793
vn -0.1323 -0.9186 -0.3723
vn -0.1469 -0.9211 -0.3606
vn -0.1770 -0.8813 -0.4382
vn -0.1837 -0.8760 -0.4459
vn -0.1769 -0.8280 -0.5320
vn -0.0981 -0.9127 -0.3967
vn -0.0875 -0.9134 -0.3976
vn -0.0277 -0.8835 -0.4675
vn -0.1263 -0.7482 -0.6513
vn 0.1940 -0.8464 -0.4959
vn 0.1798 -0.8511 -0.4933
vn 0.0087 -0.0109 -0.9999
vn 0.3450 -0.7036 -0.6212
vn 0.4832 -0.6616 -0.5734
vn 0.5280 -0.6725 -0.5187
vn 0.5221 -0.6766 -0.5192
vn -0.0295 -0.7377 -0.6745
vn -0.3323 -0.6664 -0.6675
vn -0.3411 -0.6619 -0.6674
vn -0.0087 -0.7385 -0.6742
vn -0.0733 -0.0690 -0.9949
vn -0.0785 -0.0677 -0.9946
vn -0.0787 -0.0676 -0.9946
vn -0.0734 -0.0689 -0.9949
vn -0.0617 -0.0360 -0.9974
vn -0.0827 -0.0687 -0.9942
vn -0.0825 -0.0689 -0.9942
vn -0.0677 -0.0852 -0.9941
vn 0.8060 0.5906 -0.0392
vn -0.4728 -0.5897 -0.6547
vn -0.4652 -0.5937 -0.6565
vn 0.3364 0.2905 -0.8958
vn 0.8186 0.5733 -0.0348
vn 0.8270 0.5614 -0.0312
vn -0.4994 -0.5868 -0.6374
vn -0.4991 -0.5854 -0.6390
vn -0.5091 -0.5937 -0.6232
vn -0.5098 -0.5935 -0.6227
vn -0.5318 -0.5856 -0.6117
vn -0.5324 -0.5854 -0.6115
vn -0.5689 -0.5510 -0.6106
vn -0.5686 -0.5514 -0.6105
vn -0.6097 -0.4877 -0.6248
vn -0.6122 -0.4831 -0.6260
vn 0.2428 0.2716 -0.9313
vn -0.9599 -0.2799 -0.0138
vn -0.9825 -0.1859 -0.0132
vn -0.0650 -0.8345 -0.5472
vn -0.0664 -0.8345 -0.5470
vn -0.9237 -0.3830 -0.0135
vn -0.0528 0.0000 -0.9986
vn -0.0521 0.0012 -0.9986
vn 0.0618 -0.0041 -0.9981
vn 0.0594 -0.0000 -0.9982
vn -0.5713 -0.4044 -0.7142
vn -0.5817 -0.4119 -0.7014
vn -0.4118 -0.8526 -0.3217
vn -0.4202 -0.8488 -0.3209
vn -0.6274 -0.7089 -0.3223
vn -0.6273 -0.7091 -0.3221
vn -0.5653 -0.7641 -0.3108
vn -0.5631 -0.7657 -0.3109
vn -0.6172 -0.7050 -0.3495
vn -0.6156 -0.7057 -0.3507
vn -0.5301 -0.7490 -0.3975
vn -0.4949 -0.7645 -0.4131
vn -0.3132 -0.8110 -0.4941
vn -0.3093 -0.8115 -0.4958
vn 0.2966 -0.7380 -0.6061
vn 0.2672 -0.7493 -0.6059
vn -0.0242 -0.8145 -0.5796
vn 0.0296 -0.8083 -0.5881
vn -0.1991 -0.4822 -0.8531
vn -0.1283 -0.1340 -0.9826
vn -0.1103 -0.1472 -0.9829
vn -0.1100 -0.1478 -0.9829
vn -0.1247 -0.1350 -0.9830
vn -0.0724 -0.1517 -0.9858
vn -0.0758 -0.1525 -0.9854
vn -0.0325 -0.1445 -0.9890
vn -0.0340 -0.1444 -0.9889
vn 0.4233 -0.6935 -0.5830
vn 0.3905 -0.6954 -0.6033
vn 0.3911 -0.6951 -0.6033
vn 0.4246 -0.6949 -0.5804
vn -0.0160 -0.1355 -0.9906
vn -0.0177 -0.1372 -0.9904
vn 0.4345 -0.7115 -0.5523
vn 0.4348 -0.7157 -0.5466
vn -0.0105 -0.1195 -0.9928
vn -0.0101 -0.1214 -0.9925
vn 0.4264 -0.7278 -0.5371
vn 0.4268 -0.7275 -0.5371
vn -0.0177 -0.1035 -0.9945
vn -0.0184 -0.1025 -0.9946
vn 0.4121 -0.7318 -0.5427
vn 0.4123 -0.7319 -0.5425
vn -0.0216 -0.0781 -0.9967
vn -0.0217 -0.0790 -0.9966
vn -0.0523 -0.0086 -0.9986
vn -0.2955 -0.9544 -0.0434
vn -0.3872 -0.9213 -0.0366
vn -0.0121 -0.0116 -0.9999
vn 0.3934 -0.7241 -0.5666
vn 0.3926 -0.7237 -0.5676
vn 0.0105 -0.0000 -0.9999
vn 0.0041 0.0000 -1.0000
vn 0.0104 -0.0098 -0.9999
vn 0.0105 -0.0216 -0.9997
vn 0.0120 -0.0189 -0.9998
vn 0.0101 -0.0207 -0.9997
vn 0.0066 -0.0227 -0.9997
vn 0.0102 -0.0199 -0.9997
vn 0.0040 -0.0210 -0.9998
vn -0.0212 -0.0444 -0.9988
vn -0.0053 -0.0166 -0.9998
vn -0.0065 -0.0153 -0.9999
vn -0.0146 0.0229 -0.9996
vn -0.0341 -0.0906 -0.9953
vn 0.3679 -0.7141 -0.5956
vn 0.3587 -0.7114 -0.6044
vn -0.0506 -0.0905 -0.9946
vn -0.0330 -0.1000 -0.9944
vn -0.0275 -0.0993 -0.9947
vn 0.3349 -0.7164 -0.6121
vn 0.3283 -0.7208 -0.6104
vn -0.6618 -0.6072 -0.4398
vn -0.2182 -0.1953 -0.9562
vn -0.0997 -0.0255 -0.9947
vn -0.1337 -0.1196 -0.9838
vn 0.3053 -0.7344 -0.6062
vn 0.3027 -0.7357 -0.6059
vn 0.2828 -0.7455 -0.6035
vn 0.2831 -0.7454 -0.6035
vn -0.0182 -0.1007 -0.9948
vn -0.0198 -0.0999 -0.9948
vn -0.0204 -0.1022 -0.9946
vn -0.0205 -0.1022 -0.9946
vn 0.2540 -0.7583 -0.6004
vn 0.2573 -0.7569 -0.6007
vn -0.0225 -0.1016 -0.9946
vn -0.0227 -0.1017 -0.9946
vn 0.2106 -0.7599 -0.6150
vn 0.2071 -0.7591 -0.6171
vn 0.1701 -0.7616 -0.6254
vn 0.1681 -0.7632 -0.6239
vn -0.0174 -0.1028 -0.9946
vn -0.0175 -0.1027 -0.9946
vn -0.0254 -0.1077 -0.9939
vn -0.0244 -0.1074 -0.9939
vn 0.1348 -0.7906 -0.5973
vn 0.1325 -0.7925 -0.5953
vn -0.0298 -0.1083 -0.9937
vn -0.0302 -0.1085 -0.9936
vn 0.0957 -0.8117 -0.5762
vn 0.0948 -0.8117 -0.5763
vn -0.0313 -0.1057 -0.9939
vn -0.0314 -0.1057 -0.9939
vn 0.0632 -0.8142 -0.5772
vn 0.0603 -0.8144 -0.5771
vn 0.0199 -0.8204 -0.5715
vn 0.0212 -0.8201 -0.5718
vn -0.0350 -0.1053 -0.9938
vn -0.0351 -0.1052 -0.9938
vn -0.0360 -0.1080 -0.9935
vn -0.0359 -0.1079 -0.9935
vn -0.0222 -0.8293 -0.5584
vn -0.0230 -0.8295 -0.5580
vn -0.0301 -0.0011 -0.9995
vn -0.0316 -0.0011 -0.9995
vn -0.0315 0.0000 -0.9995
vn -0.0300 0.0000 -0.9996
vn 0.0706 -0.9195 -0.3866
vn 0.0678 -0.9196 -0.3870
vn -0.0273 -0.0010 -0.9996
vn -0.0288 -0.0011 -0.9996
vn -0.0287 -0.0000 -0.9996
vn -0.0272 -0.0000 -0.9996
vn 0.2168 -0.9089 -0.3561
vn 0.2136 -0.9094 -0.3570
vn -0.0258 -0.0009 -0.9997
vn -0.0258 0.0000 -0.9997
vn 0.3114 -0.8891 -0.3354
vn 0.3088 -0.8900 -0.3354
vn 0.3476 -0.8753 -0.3361
vn 0.3462 -0.8759 -0.3360
vn -0.0051 -0.0834 -0.9965
vn -0.0045 -0.0837 -0.9965
vn 0.3970 -0.8508 -0.3443
vn 0.3931 -0.8530 -0.3434
vn 0.0018 -0.0760 -0.9971
vn 0.0001 -0.0769 -0.9970
vn 0.4473 -0.8229 -0.3504
vn 0.4427 -0.8253 -0.3505
vn -0.0009 -0.0699 -0.9976
vn 0.0013 -0.0705 -0.9975
vn 0.0002 -0.0636 -0.9980
vn -0.0017 -0.0649 -0.9979
vn 0.0076 -0.0576 -0.9983
vn -0.0011 -0.0577 -0.9983
vn 0.1130 -0.7973 -0.5930
vn 0.1129 -0.7974 -0.5928
vn 0.1093 -0.7891 -0.6045
vn 0.1092 -0.7884 -0.6053
vn -0.0094 -0.0000 -1.0000
vn -0.0122 -0.0000 -0.9999
vn -0.0121 -0.0300 -0.9995
vn -0.0092 -0.0297 -0.9995
vn 0.1025 -0.7595 -0.6424
vn 0.1028 -0.7606 -0.6410
vn -0.0049 -0.0544 -0.9985
vn 0.0051 -0.0559 -0.9984
vn -0.0116 -0.0000 -0.9999
vn -0.0118 -0.0311 -0.9994
vn 0.0972 -0.7293 -0.6773
vn 0.0973 -0.7295 -0.6771
vn -0.0090 -0.0000 -1.0000
vn -0.0090 -0.0334 -0.9994
vn -0.0070 -0.0000 -1.0000
vn -0.0071 -0.0363 -0.9993
vn -0.0031 -0.0000 -1.0000
vn -0.0034 -0.0394 -0.9992
vn -0.0860 0.3580 -0.9298
vn 0.0047 -0.0000 -1.0000
vn 0.0040 -0.0481 -0.9988
vn 0.0044 -0.0000 -1.0000
vn 0.0054 -0.0618 -0.9981
vn 0.1519 -0.7960 -0.5859
vn 0.1520 -0.7963 -0.5856
vn 0.0032 -0.0000 -1.0000
vn 0.0023 -0.0683 -0.9977
vn 0.1857 -0.8148 -0.5492
vn 0.1874 -0.8150 -0.5482
vn 0.0336 0.0000 -0.9994
vn 0.0279 -0.0696 -0.9972
vn 0.2478 -0.8153 -0.5234
vn 0.2483 -0.8152 -0.5232
vn 0.0829 -0.0781 -0.9935
vn 0.1156 0.0000 -0.9933
vn 0.3061 -0.8044 -0.5091
vn 0.3072 -0.8041 -0.5089
vn 0.0209 -0.0432 -0.9988
vn -0.0010 -0.0408 -0.9992
vn 0.3580 -0.7872 -0.5022
vn 0.3564 -0.7879 -0.5022
vn 0.7145 -0.4008 -0.5735
vn 0.7324 -0.3606 -0.5775
vn 0.8039 -0.1733 -0.5689
vn 0.8351 0.0000 -0.5501
vn 0.8063 -0.1667 -0.5676
vn 0.6710 -0.6826 -0.2894
vn 0.6719 -0.6817 -0.2896
vn 0.6273 -0.7220 -0.2918
vn 0.6245 -0.7243 -0.2922
vn 0.5502 -0.7764 -0.3074
vn 0.5513 -0.7758 -0.3071
vn 0.4811 -0.8096 -0.3364
vn 0.4876 -0.8077 -0.3314
vn -0.0236 -0.0006 -0.9997
vn -0.0236 -0.0000 -0.9997
vn -0.0221 -0.0000 -0.9998
vn -0.0216 -0.0009 -0.9998
vn -0.0248 -0.0007 -0.9997
vn -0.0248 0.0000 -0.9997
vn -0.0334 -0.9298 -0.3666
vn -0.0348 -0.9301 -0.3657
vn 0.0033 -0.9265 -0.3764
vn 0.0020 -0.9265 -0.3762
vn 0.0400 -0.9256 -0.3765
vn 0.0374 -0.9254 -0.3770
vn 0.0793 -0.9233 -0.3757
vn 0.0778 -0.9235 -0.3756
vn 0.1226 -0.9160 -0.3820
vn 0.1194 -0.9169 -0.3809
vn 0.1553 -0.9107 -0.3828
vn 0.1495 -0.9112 -0.3838
vn 0.2076 -0.8977 -0.3887
vn 0.1980 -0.9008 -0.3866
vn 0.2590 -0.8773 -0.4041
vn 0.2514 -0.8808 -0.4012
vn 0.2358 -0.8718 -0.4293
vn 0.2427 -0.8715 -0.4261
vn 0.0620 -0.8876 -0.4564
vn 0.0669 -0.8874 -0.4562
vn -0.0772 -0.8849 -0.4593
vn -0.8682 -0.0339 -0.4950
vn -0.8670 0.0556 -0.4953
vn -0.8662 0.0685 -0.4950
vn -0.8562 0.1769 -0.4854
vn -0.8563 0.1742 -0.4862
vn -0.8588 0.1971 -0.4729
vn -0.8592 0.1975 -0.4720
vn -0.8739 0.1807 -0.4513
vn -0.8754 0.1779 -0.4495
vn -0.8940 0.1376 -0.4264
vn -0.8934 0.1392 -0.4272
vn -0.9071 0.0942 -0.4103
vn -0.9072 0.0935 -0.4101
vn -0.9193 0.0515 -0.3901
vn -0.9193 0.0516 -0.3902
vn -0.9261 0.0000 -0.3772
vn -0.0163 -0.0000 -0.9999
vn -0.0138 -0.0038 -0.9999
vn -0.0330 -0.0011 -0.9995
vn -0.0329 0.0000 -0.9995
vn -0.0343 -0.0011 -0.9994
vn -0.0342 -0.0000 -0.9994
vn -0.0356 -0.0011 -0.9994
vn -0.0356 -0.0000 -0.9994
vn -0.0371 -0.0012 -0.9993
vn -0.0370 0.0000 -0.9993
vn -0.0389 -0.0013 -0.9992
vn -0.0388 0.0000 -0.9992
vn -0.0415 -0.0014 -0.9991
vn -0.0414 -0.0000 -0.9991
vn -0.0448 -0.0016 -0.9990
vn -0.0448 -0.0000 -0.9990
vn -0.0490 -0.0018 -0.9988
vn -0.0492 -0.0000 -0.9988
vn -0.0875 0.0011 -0.9962
vn -0.0891 0.0000 -0.9960
vn -0.1331 -0.1008 -0.9860
vn -0.2350 -0.2104 -0.9489
vn -0.2024 -0.2596 -0.9443
vn 0.3803 -0.9229 -0.0606
vn 0.2874 -0.9561 -0.0568
vn 0.0034 -0.9989 -0.0475
vn -0.0982 -0.9939 -0.0504
vn 0.4684 -0.8814 -0.0616
vn 0.5526 -0.8312 -0.0609
vn 0.6341 -0.7709 -0.0598
vn -0.7360 -0.1360 -0.6632
vn -0.7359 -0.1363 -0.6632
vn 0.7080 -0.7038 -0.0586
vn -0.7733 -0.6339 -0.0137
vn 0.7735 -0.6313 -0.0568
vn -0.7095 -0.7045 -0.0162
vn 0.8312 -0.5532 -0.0551
vn -0.6371 -0.7705 -0.0204
vn 0.8807 -0.4705 -0.0546
vn -0.5574 -0.8298 -0.0256
vn 0.9221 -0.3832 -0.0547
vn -0.4741 -0.8799 -0.0309
vn 0.9546 -0.2928 -0.0556
vn 0.9774 -0.2034 -0.0582
vn 0.1010 -0.9938 -0.0468
vn 0.9923 -0.1076 -0.0619
vn -0.9951 -0.0982 -0.0126
vn -0.9999 0.0000 -0.0124
vn -0.7180 -0.2069 -0.6646
vn -0.7178 -0.2076 -0.6646
vn 0.1950 -0.9795 -0.0510
vn -0.1994 -0.9787 -0.0493
vn 0.9980 0.0000 -0.0637
vn 0.0233 -0.0186 -0.9996
vn -0.0486 -0.0164 -0.9987
vn -0.0466 -0.0296 -0.9985
vn 0.0045 -0.0247 -0.9997
vn -0.0060 -0.1156 -0.9933
vn -0.0256 -0.1025 -0.9944
vn -0.0041 -0.0224 -0.9997
vn 0.0354 -0.0135 -0.9993
vn -0.0067 -0.0038 -1.0000
vn 0.0320 -0.0076 -0.9995
vn 0.2927 0.2988 -0.9083
vn 0.3193 0.2844 -0.9040
vn -0.1869 0.4239 -0.8862
vn -0.2339 -0.3439 -0.9094
vn 0.2392 -0.0435 -0.9700
vn 0.2293 0.0000 -0.9734
vn 0.3600 0.0000 -0.9330
vn 0.3638 -0.0413 -0.9305
vn 0.0002 -0.0000 -1.0000
vn 0.0062 -0.0116 -0.9999
vn 0.0886 0.0605 -0.9942
vn 0.2248 0.9724 -0.0616
vn 0.0685 0.2766 -0.9585
vn -0.2461 0.3817 -0.8909
vn -0.2576 0.4253 -0.8676
vn -0.0592 0.3568 -0.9323
vn 0.0286 -0.0000 -0.9996
vn 0.2138 -0.0403 -0.9760
vn 0.1948 0.0000 -0.9808
vn 0.1940 -0.0874 -0.9771
vn 0.0653 -0.0001 -0.9979
vn 0.0651 -0.0058 -0.9979
vn 0.0262 0.0000 -0.9997
vn 0.0352 -0.0203 -0.9992
vn -0.1450 0.4387 -0.8869
vn -0.1762 0.4255 -0.8876
vn -0.0371 0.1211 -0.9919
vn -0.0081 0.2607 -0.9654
vn -0.1139 0.1709 -0.9787
vn 0.0394 0.4065 -0.9128
vn -0.1904 0.3523 -0.9163
vn -0.1924 0.3379 -0.9213
vn 0.0252 0.0769 -0.9967
vn -0.1116 0.2041 -0.9726
vn -0.2124 0.2612 -0.9416
vn -0.0318 0.3339 -0.9421
vn 0.0106 0.3618 -0.9322
vn 0.0226 0.3848 -0.9227
vn 0.8888 -0.3159 -0.3319
vn 0.8143 -0.4884 -0.3136
vn 0.8249 -0.4696 -0.3147
vn 0.8895 -0.3135 -0.3324
vn 0.0803 -0.1126 -0.9904
vn 0.1254 -0.1454 -0.9814
vn 0.0644 -0.0231 -0.9977
vn 0.0561 -0.0333 -0.9979
vn 0.1153 -0.1754 -0.9777
vn 0.1939 -0.2397 -0.9513
vn 0.0248 -0.0707 -0.9972
vn 0.0459 -0.1226 -0.9914
vn 0.3168 -0.1823 -0.9308
vn 0.4052 -0.1415 -0.9032
vn 0.3463 -0.2880 -0.8928
vn 0.4905 -0.3084 -0.8150
vn -0.0408 -0.0342 -0.9986
vn -0.0703 -0.0231 -0.9973
vn -0.0326 -0.0653 -0.9973
vn -0.0570 -0.0481 -0.9972
vn -0.0374 -0.0389 -0.9985
vn -0.0297 -0.0753 -0.9967
vn -0.0342 -0.0433 -0.9985
vn -0.0268 -0.0843 -0.9961
vn -0.0363 -0.0447 -0.9983
vn -0.0317 -0.0881 -0.9956
vn -0.0343 -0.0433 -0.9985
vn -0.0326 -0.0861 -0.9957
vn -0.0336 -0.0437 -0.9985
vn -0.0304 -0.0861 -0.9958
vn -0.0342 -0.0428 -0.9985
vn -0.0345 -0.0851 -0.9958
vn -0.0313 -0.0445 -0.9985
vn -0.0294 -0.0878 -0.9957
vn -0.0320 -0.0475 -0.9984
vn -0.0319 -0.0935 -0.9951
vn 0.0003 -0.0548 -0.9985
vn 0.0184 -0.1068 -0.9941
vn -0.0332 -0.0474 -0.9983
vn -0.0254 -0.0467 -0.9986
vn -0.0360 -0.0917 -0.9951
vn -0.0239 -0.0893 -0.9957
vn -0.0131 -0.0521 -0.9986
vn -0.0101 -0.0525 -0.9986
vn -0.0010 -0.1014 -0.9948
vn 0.0031 -0.1027 -0.9947
vn -0.0059 -0.0541 -0.9985
vn 0.0097 -0.1045 -0.9945
vn 0.9357 0.0001 -0.3528
vn 0.9226 -0.1639 -0.3492
vn 0.9218 -0.1690 -0.3490
vn -0.0157 -0.0508 -0.9986
vn -0.0058 -0.0950 -0.9955
vn -0.1212 0.0020 -0.9926
vn -0.1101 0.0106 -0.9939
vn -0.1289 0.0041 -0.9916
vn -0.1307 0.0002 -0.9914
vn -0.1251 -0.0089 -0.9921
vn -0.0792 -0.0151 -0.9967
vn -0.1055 0.0163 -0.9943
vn -0.0544 -0.0113 -0.9985
vn -0.0675 -0.0312 -0.9972
vn 0.2423 -0.2695 -0.9320
vn 0.1787 -0.1615 -0.9706
vn 0.0785 -0.0296 -0.9965
vn 0.0664 0.0000 -0.9978
vn 0.7243 -0.6212 -0.2993
vn 0.7232 -0.6225 -0.2991
vn -0.5177 0.3342 -0.7876
vn -0.5692 0.2826 -0.7721
vn -0.0237 -0.0078 -0.9997
vn 0.8937 -0.4482 -0.0208
vn 0.0597 -0.0103 -0.9982
vn 0.0507 -0.0150 -0.9986
vn 0.6571 -0.7533 -0.0289
vn 0.8644 -0.5020 -0.0279
vn 0.6096 0.7908 -0.0548
vn 0.6383 0.7693 -0.0289
vn 0.8658 0.5003 -0.0068
vn 0.8533 0.5213 -0.0126
vn 0.9808 0.1948 -0.0091
vn 0.9781 0.2072 -0.0176
vn 0.5431 -0.8391 -0.0308
vn 0.9999 -0.0100 -0.0123
vn 0.6642 -0.7467 -0.0363
vn 0.7871 -0.6155 -0.0396
vn 0.1749 -0.0123 -0.9845
vn 0.1623 -0.0222 -0.9865
vn 0.9763 -0.2115 -0.0446
vn 0.1196 -0.0145 -0.9927
vn 0.0425 -0.0148 -0.9990
vn 0.0889 -0.0138 -0.9959
vn 0.1420 -0.0239 -0.9896
vn 0.9996 -0.0148 -0.0242
vn -0.6685 -0.0000 -0.7437
vn 0.0040 -0.0036 -1.0000
vn -0.0509 -0.0319 -0.9982
vn 0.1786 -0.0000 -0.9839
vn 0.0419 -0.0186 -0.9989
vn 0.0596 -0.0265 -0.9979
vn 0.0488 -0.0326 -0.9983
vn 0.0131 -0.0124 -0.9998
vn -0.1210 0.0000 -0.9927
vn 0.1800 -0.0336 -0.9831
vn -0.9454 -0.3258 -0.0000
vn -0.9409 -0.3190 0.1141
vn -0.5334 -0.8459 0.0000
vn -0.5303 -0.8408 0.1091
vn -0.6149 -0.7818 0.1030
vn -0.6182 -0.7860 0.0000
vn -0.7337 -0.6716 0.1032
vn -0.7378 -0.6750 -0.0000
vn 0.5886 0.6002 0.5416
vn 0.6064 0.5777 0.5464
vn 0.4557 0.7268 0.5139
vn 0.4497 0.7311 0.5131
vn -0.8512 -0.5248 -0.0000
vn -0.8467 -0.5205 0.1102
vn -0.5014 -0.8652 0.0000
vn -0.4973 -0.8582 0.1271
vn -0.4967 -0.8599 0.1180
vn -0.5001 -0.8659 0.0000
vn -0.5608 -0.8280 0.0000
vn -0.5553 -0.8198 0.1401
vn -0.5274 -0.8387 0.1355
vn -0.5323 -0.8466 0.0000
vn -0.2209 -0.9753 -0.0000
vn -0.2182 -0.9643 0.1500
vn -0.3711 -0.9170 0.1465
vn -0.3753 -0.9269 0.0000
vn -0.0862 -0.9963 -0.0000
vn -0.0852 -0.9864 0.1409
vn -0.1321 -0.9800 0.1485
vn -0.1339 -0.9910 -0.0000
vn -0.5660 -0.8244 0.0000
vn -0.5603 -0.8162 0.1412
vn -0.5192 -0.8547 0.0000
vn -0.5135 -0.8462 0.1424
vn -0.0617 -0.9981 -0.0000
vn -0.0611 -0.9896 0.1299
vn 0.3681 -0.9298 -0.0000
vn 0.2982 -0.9545 -0.0000
vn 0.2565 -0.9647 0.0598
vn 0.3676 -0.9285 0.0526
vn 0.2438 -0.3062 0.9202
vn 0.2685 -0.3094 0.9122
vn 0.2188 -0.2920 0.9311
vn 0.1705 -0.2974 0.9394
vn -0.3176 -0.9420 0.1088
vn -0.3191 -0.9477 -0.0000
vn -0.4097 -0.9122 0.0000
vn -0.4071 -0.9069 0.1082
vn -0.1083 -0.9879 0.1111
vn -0.1078 -0.9942 -0.0000
vn -0.2198 -0.9755 -0.0000
vn -0.2192 -0.9695 0.1095
vn -0.0585 -0.9791 0.1950
vn -0.0533 -0.9986 -0.0000
vn -0.2618 -0.9651 -0.0000
vn -0.2651 -0.9481 0.1755
vn 0.6408 -0.7669 0.0350
vn 0.6412 -0.7673 0.0000
vn 0.6819 -0.7314 0.0000
vn 0.6814 -0.7311 0.0339
vn 0.8043 -0.5937 0.0252
vn 0.8046 -0.5939 -0.0000
vn 0.7463 -0.6656 -0.0000
vn 0.7460 -0.6655 0.0236
vn 0.6738 -0.7389 -0.0000
vn 0.6736 -0.7387 0.0243
vn 0.7501 -0.6607 0.0282
vn 0.7514 -0.6599 0.0000
vn 0.8923 -0.4514 -0.0000
vn 0.8916 -0.4517 0.0309
vn 0.4889 -0.2962 0.8205
vn 0.4822 -0.2271 0.8461
vn 0.5257 -0.1688 0.8338
vn 0.9950 0.0967 0.0247
vn 0.9944 0.0930 0.0493
vn 0.9703 -0.2413 0.0177
vn 0.9710 -0.2390 0.0000
vn 0.8901 -0.4557 0.0000
vn 0.8901 -0.4555 0.0128
vn 0.4739 -0.4484 0.7578
vn 0.4575 -0.4387 0.7735
vn 0.4467 -0.4304 0.7844
vn 0.4750 -0.4501 0.7562
vn 0.1238 -0.3063 0.9438
vn 0.2141 -0.3084 0.9269
vn -0.7991 -0.5920 0.1045
vn -0.8035 -0.5954 -0.0000
vn -0.8269 -0.5624 -0.0000
vn -0.8218 -0.5589 0.1112
vn -0.6781 -0.7317 0.0685
vn -0.6797 -0.7335 -0.0000
vn -0.7069 -0.7074 -0.0000
vn -0.7052 -0.7055 0.0704
vn -0.7464 -0.6655 -0.0000
vn -0.7442 -0.6635 0.0770
vn -0.5528 -0.8298 0.0768
vn -0.5544 -0.8323 -0.0000
vn -0.6118 -0.7910 -0.0000
vn -0.6102 -0.7888 0.0740
vn -0.4690 -0.8798 0.0771
vn -0.4704 -0.8824 -0.0000
vn -0.5039 -0.8637 -0.0000
vn -0.5025 -0.8611 0.0768
vn -0.3648 -0.9277 0.0789
vn -0.3659 -0.9306 -0.0000
vn -0.4084 -0.9128 -0.0000
vn -0.4073 -0.9098 0.0803
vn -0.1287 -0.9882 0.0835
vn -0.1290 -0.9916 -0.0000
vn -0.1681 -0.9858 -0.0000
vn -0.1676 -0.9822 0.0848
vn -0.2217 -0.9751 -0.0000
vn -0.2210 -0.9716 0.0845
vn 0.0448 -0.9952 0.0867
vn 0.0450 -0.9990 -0.0000
vn -0.0170 -0.9999 -0.0000
vn -0.0169 -0.9962 0.0854
vn -0.0630 -0.9980 -0.0000
vn -0.0628 -0.9945 0.0835
vn 0.2268 -0.9693 0.0949
vn 0.2279 -0.9737 -0.0000
vn 0.1299 -0.9915 -0.0000
vn 0.1294 -0.9876 0.0889
vn 0.1991 -0.9738 0.1099
vn 0.2010 -0.9796 -0.0000
vn -0.3667 -0.9228 0.1183
vn -0.3754 -0.9269 0.0000
vn -0.0854 -0.9963 -0.0000
vn -0.0797 -0.9892 0.1233
vn -0.4314 -0.8945 0.1178
vn -0.4327 -0.9015 -0.0000
vn 0.0850 -0.9785 0.1877
vn 0.0866 -0.9962 -0.0000
vn 0.2273 -0.9738 -0.0001
vn 0.2243 -0.9593 0.1718
vn -0.5691 -0.8129 0.1240
vn -0.5735 -0.8192 0.0000
vn -0.5301 -0.8479 0.0000
vn -0.5228 -0.8370 0.1616
vn 0.3080 -0.9395 0.1496
vn 0.3138 -0.9495 -0.0000
vn 0.1710 -0.9853 0.0000
vn 0.1666 -0.9699 0.1778
vn 0.3611 -0.9325 -0.0001
vn 0.3574 -0.9226 0.1450
vn 0.5724 -0.8200 -0.0000
vn 0.5725 -0.8191 0.0350
vn 0.4577 -0.8886 0.0316
vn 0.4341 -0.9008 0.0000
vn 0.6169 -0.1528 0.7721
vn 0.6166 -0.1527 0.7723
vn 0.7915 0.6108 0.0223
vn 0.7967 0.6044 0.0000
vn 0.6692 0.7431 0.0000
vn 0.6679 0.7441 0.0169
vn 0.5358 0.8442 0.0152
vn 0.5294 0.8483 0.0000
vn 0.6286 0.7777 0.0000
vn 0.6416 0.7669 0.0146
vn -0.5527 -0.3452 0.7585
vn -0.4177 -0.2875 0.8619
vn -0.4284 -0.2222 0.8759
vn -0.5594 -0.3203 0.7645
vn -0.0691 0.0517 0.9963
vn -0.0723 0.0663 0.9952
vn -0.0721 0.0663 0.9952
vn -0.0691 0.0519 0.9963
vn 0.9755 -0.2202 -0.0000
vn 0.9751 -0.2196 0.0302
vn 0.8270 -0.5616 0.0280
vn 0.8273 -0.5618 -0.0000
vn 0.7342 -0.6789 -0.0000
vn 0.7340 -0.6782 0.0360
vn 0.6059 -0.7947 0.0360
vn 0.6061 -0.7954 0.0000
vn -0.0135 0.1160 0.9932
vn -0.0449 0.0971 0.9943
vn -0.0645 0.0928 0.9936
vn -0.6555 -0.7552 -0.0000
vn -0.6539 -0.7534 0.0699
vn -0.3001 -0.9539 -0.0000
vn -0.2991 -0.9507 0.0817
vn -0.4436 -0.8962 -0.0000
vn -0.4422 -0.8933 0.0800
vn -0.0963 -0.9920 0.0820
vn -0.0966 -0.9953 -0.0000
vn -0.3760 -0.9266 -0.0000
vn -0.3748 -0.9165 0.1398
vn -0.5480 -0.8289 0.1125
vn -0.5520 -0.8338 0.0000
vn -0.4911 -0.8711 -0.0000
vn -0.4876 -0.8663 0.1085
vn -0.0416 -0.9927 0.1136
vn -0.0418 -0.9991 -0.0000
vn -0.0452 -0.9990 -0.0000
vn -0.0448 -0.9918 0.1196
vn -0.4846 -0.8747 0.0000
vn -0.4758 -0.8588 0.1898
vn -0.7503 -0.2442 0.6144
vn -0.6983 -0.2541 0.6692
vn -0.6902 -0.4193 0.5897
vn -0.6272 -0.4363 0.6451
vn -0.6121 -0.5523 0.5659
vn -0.5362 -0.5582 0.6331
vn -0.5458 -0.4537 0.7045
vn -0.6362 -0.2691 0.7231
vn -0.6717 -0.0672 0.7378
vn -0.2274 -0.5612 0.7958
vn -0.2843 -0.5908 0.7551
vn -0.3461 -0.6379 0.6880
vn -0.2863 -0.6051 0.7429
vn -0.4000 -0.6770 0.6177
vn -0.4342 -0.6258 0.6479
vn -0.5014 -0.6522 0.5686
vn -0.3569 -0.5877 0.7261
vn -0.1847 -0.4991 0.8466
vn -0.2482 -0.5424 0.8027
vn -0.2248 -0.4616 0.8581
vn -0.1575 -0.4165 0.8954
vn -0.3080 -0.5756 0.7575
vn -0.3403 -0.6409 0.6881
vn -0.2901 -0.4959 0.8185
vn -0.4385 -0.4134 0.7980
vn -0.4556 -0.4102 0.7901
vn -0.4423 -0.3906 0.8074
vn -0.4386 -0.3914 0.8090
vn -0.2739 -0.3271 0.9044
vn -0.3813 -0.3078 0.8717
vn -0.5386 -0.3428 0.7697
vn -0.5208 -0.3211 0.7910
vn -0.0515 -0.3428 0.9380
vn -0.0462 -0.3829 0.9227
vn -0.0515 -0.4026 0.9139
vn -0.0587 -0.3583 0.9318
vn -0.4464 -0.5493 0.7064
vn -0.1983 -0.3888 0.8997
vn -0.1315 -0.3422 0.9304
vn 0.1341 0.7751 0.6174
vn 0.1167 0.7568 0.6432
vn 0.1168 0.7572 0.6426
vn 0.1355 0.7758 0.6163
vn -0.0505 -0.3351 0.9408
vn -0.0527 -0.3056 0.9507
vn -0.0621 -0.2977 0.9526
vn -0.0714 -0.3294 0.9415
vn -0.1428 -0.3441 0.9280
vn -0.0926 -0.3037 0.9483
vn -0.1294 -0.3637 0.9225
vn -0.2147 -0.3692 0.9042
vn 0.1063 0.7306 0.6744
vn 0.1068 0.7319 0.6730
vn 0.0985 0.7171 0.6900
vn -0.0426 -0.3858 0.9216
vn -0.0465 -0.3553 0.9336
vn -0.0485 -0.3634 0.9304
vn -0.0506 -0.3220 0.9454
vn -0.0407 -0.4209 0.9062
vn -0.0715 -0.4524 0.8890
vn -0.0738 -0.4076 0.9102
vn -0.0439 -0.4457 0.8941
vn -0.0756 -0.3641 0.9283
vn -0.1186 -0.4475 0.8864
vn -0.1054 -0.4030 0.9091
vn -0.0913 -0.3624 0.9275
vn -0.1324 -0.3849 0.9134
vn -0.1004 -0.3498 0.9314
vn 0.1079 0.7881 0.6060
vn 0.1003 0.7815 0.6158
vn 0.1084 0.7887 0.6052
vn -0.1787 -0.3838 0.9060
vn -0.1410 -0.3600 0.9222
vn -0.1905 -0.4070 0.8934
vn 0.0992 0.7842 0.6125
vn 0.0992 0.7841 0.6127
vn -0.0130 -0.3610 0.9325
vn -0.0115 -0.3589 0.9333
vn -0.1054 -0.3404 0.9344
vn -0.1050 -0.3439 0.9331
vn -0.1008 -0.3307 0.9383
vn -0.0797 -0.3211 0.9437
vn 0.0926 0.7884 0.6081
vn 0.0929 0.7884 0.6081
vn 0.0467 0.7973 0.6018
vn -0.0148 0.0979 0.9951
vn -0.0134 0.0975 0.9951
vn -0.0030 0.0901 0.9959
vn -0.0035 0.0910 0.9958
vn 0.0620 -0.4003 0.9143
vn 0.0714 -0.3952 0.9158
vn -0.0262 0.8056 0.5919
vn -0.0200 0.8053 0.5926
vn -0.0324 0.1022 0.9942
vn -0.0312 0.1019 0.9943
vn -0.1180 -0.3089 0.9437
vn -0.0183 -0.3244 0.9458
vn 0.0104 -0.3641 0.9313
vn -0.0081 -0.3810 0.9245
vn -0.0748 0.8134 0.5769
vn -0.0727 0.8127 0.5781
vn -0.0905 0.8270 0.5549
vn -0.0907 0.8265 0.5555
vn -0.0359 0.9242 0.3802
vn -0.0375 0.9245 0.3794
vn -0.0574 0.9309 0.3607
vn -0.0593 0.9307 0.3610
vn -0.0373 0.1120 0.9930
vn -0.0372 0.1121 0.9930
vn -0.0384 0.1090 0.9933
vn -0.0385 0.1089 0.9933
vn -0.0058 -0.0615 0.9981
vn 0.0016 -0.2401 0.9707
vn 0.0202 -0.2211 0.9750
vn 0.0188 -0.0587 0.9981
vn 0.0241 -0.3968 0.9176
vn 0.0071 -0.4043 0.9146
vn -0.0106 -0.0809 0.9967
vn -0.0154 -0.2525 0.9675
vn -0.0200 -0.4104 0.9117
vn -0.0170 -0.0998 0.9949
vn -0.0314 -0.2646 0.9639
vn -0.0446 -0.4163 0.9081
vn -0.0309 -0.1399 0.9897
vn -0.0598 -0.2861 0.9563
vn -0.0465 -0.2764 0.9599
vn -0.0223 -0.1198 0.9925
vn -0.0683 -0.4205 0.9047
vn -0.0407 -0.1598 0.9863
vn -0.0774 -0.2999 0.9508
vn -0.0869 -0.4242 0.9014
vn -0.1101 -0.4292 0.8965
vn -0.0501 -0.1831 0.9818
vn -0.0941 -0.3147 0.9445
vn -0.0695 -0.2159 0.9739
vn -0.1183 -0.3383 0.9336
vn -0.1353 -0.4378 0.8888
vn -0.1629 -0.4499 0.8781
vn -0.0984 -0.2545 0.9621
vn -0.1519 -0.3619 0.9197
vn -0.2021 -0.4615 0.8638
vn -0.1820 -0.3784 0.9076
vn -0.2302 -0.4708 0.8517
vn -0.2162 -0.3931 0.8937
vn -0.2625 -0.4697 0.8429
vn -0.2453 -0.4009 0.8827
vn -0.2972 -0.4618 0.8357
vn -0.2705 -0.4123 0.8699
vn -0.1916 -0.3354 0.9224
vn -0.2209 -0.3635 0.9050
vn -0.3199 -0.4581 0.8294
vn -0.2999 -0.4008 0.8657
vn -0.3314 -0.4234 0.8431
vn -0.2970 -0.4198 0.8576
vn -0.2537 -0.3813 0.8890
vn -0.3644 -0.4426 0.8193
vn -0.3406 -0.4541 0.8233
vn -0.3581 -0.4180 0.8349
vn -0.3750 -0.4207 0.8261
vn -0.3933 -0.4235 0.8161
vn -0.4082 -0.4296 0.8055
vn -0.4131 -0.4163 0.8100
vn -0.4202 -0.4040 0.8126
vn -0.4400 -0.4356 0.7853
vn -0.4447 -0.3855 0.8085
vn -0.7789 -0.6272 -0.0000
vn -0.7757 -0.6246 0.0905
vn -0.4683 -0.4353 0.7689
vn -0.5120 -0.4281 0.7447
vn -0.4855 -0.3967 0.7791
vn -0.1312 -0.2808 0.9508
vn -0.1627 -0.3021 0.9393
vn 0.4492 -0.3335 0.8289
vn 0.4569 -0.4212 0.7835
vn 0.4554 -0.4187 0.7857
vn 0.4141 -0.3831 0.8257
vn 0.4119 -0.3820 0.8273
vn 0.6945 -0.1602 0.7015
vn -0.8520 -0.5236 -0.0000
vn -0.8479 -0.5206 0.1005
vn -0.0219 -0.0833 0.9963
vn -0.1764 -0.1616 0.9710
vn -0.1736 -0.2298 0.9576
vn -0.0286 -0.1558 0.9874
vn 0.3724 -0.3533 0.8582
vn 0.3449 -0.3247 0.8807
vn 0.3446 -0.3244 0.8809
vn 0.3717 -0.3526 0.8588
vn -0.0024 -0.0777 0.9970
vn -0.0093 -0.0112 0.9999
vn -0.0534 -0.0161 0.9984
vn 0.9989 -0.0408 0.0251
vn 0.9992 -0.0408 -0.0000
vn 0.4922 -0.8591 0.1403
vn 0.5283 -0.8112 0.2505
vn 0.5883 -0.7302 0.3474
vn 0.0509 -0.3096 0.9495
vn -0.0467 -0.3247 0.9447
vn -0.3713 -0.3033 0.8776
vn 0.0027 -0.0151 0.9999
vn 0.0161 -0.0879 0.9960
vn 0.1092 -0.1696 0.9794
vn 0.0971 -0.0979 0.9905
vn -0.0043 0.0168 0.9999
vn -0.0043 0.0152 0.9999
vn 0.0055 -0.1524 0.9883
vn -0.5488 -0.3848 0.7421
vn -0.5960 -0.3897 0.7021
vn -0.2045 0.1551 0.9665
vn -0.3016 0.2452 0.9214
vn 0.0270 -0.0208 0.9994
vn -0.0387 0.0454 0.9982
vn -0.8311 0.5560 0.0125
vn -0.8804 0.4741 0.0126
vn -0.8805 0.4741 -0.0000
vn -0.8311 0.5561 0.0000
vn -0.1598 -0.0081 0.9871
vn -0.4008 -0.1560 0.9028
vn -0.1815 -0.0732 0.9807
vn -0.5576 -0.4221 0.7148
vn 0.7809 -0.6247 -0.0000
vn 0.7804 -0.6240 0.0402
vn -0.0046 0.0145 0.9999
vn -0.0135 0.0185 0.9997
vn -0.6022 -0.4177 0.6804
vn -0.1037 0.0143 0.9945
vn 0.0459 -0.1777 0.9830
vn 0.1145 -0.2329 0.9657
vn 0.2765 -0.2471 0.9287
vn 0.0322 -0.0399 0.9987
vn 0.2448 -0.2185 0.9446
vn 0.0101 -0.2434 0.9699
vn 0.0588 -0.2707 0.9609
vn -0.6278 -0.3894 0.6740
vn -0.6403 -0.4135 0.6474
vn -0.6708 -0.2915 0.6820
vn -0.6556 -0.3683 0.6592
vn -0.6546 -0.3770 0.6553
vn -0.0993 0.0118 0.9950
vn -0.6750 -0.3936 0.6241
vn -0.6469 -0.3783 0.6621
vn -0.3662 -0.9305 -0.0000
vn -0.5283 -0.8491 -0.0000
vn -0.5808 -0.8098 0.0827
vn -0.3650 -0.9269 0.0876
vn -0.7837 -0.6211 -0.0000
vn -0.6858 -0.7278 -0.0000
vn -0.6848 -0.7267 0.0545
vn -0.7733 -0.6301 0.0707
vn -0.7833 -0.6204 0.0392
vn -0.7754 -0.6315 0.0000
vn -0.6945 -0.7195 0.0000
vn -0.6942 -0.7192 0.0286
vn 0.3043 -0.9522 0.0281
vn 0.3043 -0.9526 0.0000
vn -0.6809 -0.3891 0.6205
vn -0.6667 -0.4045 0.6260
vn -0.1650 -0.3034 0.9385
vn 0.0853 -0.2929 0.9523
vn -0.0392 -0.2483 0.9679
vn -0.7681 -0.6404 -0.0000
vn -0.7662 -0.6395 0.0634
vn -0.5987 -0.2350 0.7657
vn -0.3523 -0.2379 0.9051
vn -0.2808 -0.2859 0.9162
vn -0.1560 -0.2840 0.9460
vn 0.2161 0.5712 0.7919
vn 0.1560 0.6275 0.7628
vn 0.1592 0.6247 0.7644
vn 0.2187 0.5686 0.7930
vn -0.0075 0.7493 0.6622
vn -0.0743 0.7482 0.6593
vn -0.0744 0.7482 0.6593
vn -0.0074 0.7493 0.6622
vn 0.0470 -0.0478 0.9978
vn 0.2696 0.5137 0.8145
vn 0.2714 0.5116 0.8152
vn 0.3138 0.4577 0.8319
vn 0.3150 0.4559 0.8324
vn -0.6564 0.3568 0.6647
vn -0.6896 0.2861 0.6652
vn -0.6897 0.2859 0.6652
vn -0.6561 0.3574 0.6647
vn 0.3476 0.4041 0.8461
vn 0.3484 0.4026 0.8465
vn 0.3748 0.3508 0.8582
vn 0.3754 0.3495 0.8584
vn -0.5794 0.4746 0.6627
vn -0.6204 0.4183 0.6634
vn -0.6202 0.4187 0.6634
vn 0.3977 0.2974 0.8680
vn 0.3981 0.2965 0.8681
vn -0.5328 0.5265 0.6625
vn 0.4144 0.2472 0.8759
vn 0.4145 0.2466 0.8760
vn -0.4875 0.5664 0.6645
vn -0.4875 0.5663 0.6645
vn 0.4274 0.1978 0.8821
vn 0.4275 0.1975 0.8822
vn -0.4339 0.6012 0.6710
vn -0.4339 0.6013 0.6710
vn 0.4388 0.1499 0.8860
vn 0.4388 0.1495 0.8860
vn -0.3522 0.6479 0.6754
vn -0.3523 0.6479 0.6754
vn 0.4478 0.1055 0.8879
vn 0.4479 0.1052 0.8879
vn 0.0167 0.7388 0.6737
vn 0.0166 0.7386 0.6740
vn -0.2668 0.6936 0.6692
vn -0.2670 0.6935 0.6692
vn 0.4535 0.0622 0.8891
vn 0.4535 0.0623 0.8891
vn 0.0466 0.7133 0.6993
vn 0.0483 0.7123 0.7002
vn 0.0611 0.2560 0.9647
vn 0.0520 0.3301 0.9425
vn -0.1372 0.7860 0.6028
vn 0.0206 0.5247 0.8511
vn 0.1030 0.6746 0.7310
vn 0.1048 0.6729 0.7322
vn -0.1559 0.7364 0.6584
vn -0.2137 0.7198 0.6605
vn -0.2138 0.7197 0.6605
vn -0.1560 0.7364 0.6584
vn -0.7457 0.0723 0.6623
vn -0.7457 0.0724 0.6623
vn -0.0314 0.9212 0.3879
vn -0.1600 0.8759 0.4553
vn -0.1879 0.9294 0.3178
vn -0.0403 0.9578 0.2846
vn -0.1002 0.9589 0.2654
vn -0.0925 0.9595 0.2661
vn -0.1839 0.9429 0.2775
vn -0.1880 0.9416 0.2793
vn -0.1323 0.9186 0.3723
vn -0.1469 0.9211 0.3606
vn -0.1770 0.8813 0.4382
vn -0.1837 0.8760 0.4459
vn -0.1769 0.8280 0.5320
vn -0.0981 0.9127 0.3967
vn -0.0875 0.9134 0.3976
vn -0.0277 0.8835 0.4675
vn -0.1263 0.7482 0.6513
vn 0.1940 0.8464 0.4959
vn 0.1798 0.8511 0.4933
vn 0.0087 0.0109 0.9999
vn 0.3450 0.7036 0.6212
vn 0.4832 0.6616 0.5734
vn 0.5280 0.6725 0.5187
vn 0.5221 0.6766 0.5192
vn -0.0295 0.7377 0.6745
vn -0.3323 0.6664 0.6675
vn -0.3411 0.6619 0.6674
vn -0.0087 0.7385 0.6742
vn -0.0733 0.0690 0.9949
vn -0.0785 0.0677 0.9946
vn -0.0787 0.0676 0.9946
vn -0.0734 0.0689 0.9949
vn -0.0617 0.0360 0.9974
vn -0.0827 0.0687 0.9942
vn -0.0825 0.0689 0.9942
vn -0.0677 0.0852 0.9941
vn 0.8067 -0.5910 -0.0000
vn 0.8060 -0.5905 0.0392
vn -0.4728 0.5898 0.6547
vn -0.4652 0.5937 0.6565
vn 0.3364 -0.2905 0.8958
vn 0.8186 -0.5733 0.0348
vn 0.8192 -0.5736 -0.0000
vn 0.8274 -0.5616 -0.0000
vn 0.8270 -0.5614 0.0312
vn -0.4994 0.5868 0.6374
vn -0.4991 0.5854 0.6390
vn -0.5091 0.5937 0.6232
vn -0.5098 0.5935 0.6227
vn -0.5318 0.5857 0.6117
vn -0.5324 0.5854 0.6114
vn -0.5689 0.5510 0.6106
vn -0.5686 0.5514 0.6105
vn -0.6097 0.4877 0.6248
vn -0.6122 0.4831 0.6260
vn 0.9950 0.1003 0.0000
vn 0.2428 -0.2716 0.9313
vn -0.9600 0.2799 -0.0000
vn -0.9599 0.2799 0.0138
vn -0.9825 0.1859 0.0132
vn -0.9826 0.1859 -0.0000
vn -0.0650 0.8345 0.5472
vn -0.0664 0.8345 0.5470
vn -0.9237 0.3830 0.0135
vn -0.9238 0.3830 -0.0000
vn -0.0521 -0.0012 0.9986
vn 0.0618 0.0041 0.9981
vn -0.5713 0.4044 0.7142
vn -0.5817 0.4119 0.7014
vn -0.4118 0.8526 0.3217
vn -0.4202 0.8488 0.3209
vn -0.6274 0.7089 0.3223
vn -0.6273 0.7091 0.3221
vn -0.5653 0.7641 0.3108
vn -0.5631 0.7657 0.3109
vn -0.6172 0.7050 0.3495
vn -0.6156 0.7057 0.3507
vn -0.5301 0.7490 0.3975
vn -0.4949 0.7645 0.4131
vn -0.3132 0.8111 0.4941
vn -0.3094 0.8115 0.4958
vn 0.2966 0.7380 0.6061
vn 0.2673 0.7492 0.6060
vn -0.0242 0.8146 0.5796
vn 0.0296 0.8082 0.5881
vn -0.1991 0.4822 0.8531
vn -0.1283 0.1340 0.9826
vn -0.1103 0.1472 0.9829
vn -0.1100 0.1478 0.9829
vn -0.1247 0.1350 0.9830
vn -0.0724 0.1517 0.9858
vn -0.0758 0.1525 0.9854
vn -0.0325 0.1445 0.9890
vn -0.0340 0.1444 0.9889
vn 0.4233 0.6935 0.5830
vn 0.3905 0.6954 0.6033
vn 0.3911 0.6951 0.6032
vn 0.4246 0.6949 0.5804
vn -0.0160 0.1355 0.9906
vn -0.0177 0.1372 0.9904
vn 0.4345 0.7115 0.5523
vn 0.4348 0.7157 0.5466
vn -0.0105 0.1195 0.9928
vn -0.0101 0.1214 0.9925
vn 0.4264 0.7278 0.5371
vn 0.4268 0.7275 0.5371
vn -0.0177 0.1035 0.9945
vn -0.0184 0.1025 0.9946
vn 0.4121 0.7318 0.5427
vn 0.4123 0.7319 0.5425
vn -0.0216 0.0781 0.9967
vn -0.0217 0.0790 0.9966
vn -0.0523 0.0086 0.9986
vn -0.3874 0.9219 -0.0000
vn -0.2956 0.9553 0.0000
vn -0.2955 0.9544 0.0434
vn -0.3872 0.9213 0.0366
vn -0.0121 0.0116 0.9999
vn 0.3934 0.7241 0.5666
vn 0.3926 0.7237 0.5676
vn 0.0104 0.0098 0.9999
vn 0.0105 0.0216 0.9997
vn 0.0120 0.0189 0.9998
vn 0.0101 0.0207 0.9997
vn 0.0066 0.0227 0.9997
vn 0.0102 0.0199 0.9997
vn 0.0040 0.0210 0.9998
vn -0.0212 0.0444 0.9988
vn -0.0053 0.0166 0.9998
vn -0.0065 0.0153 0.9999
vn -0.0146 -0.0229 0.9996
vn -0.0341 0.0906 0.9953
vn 0.3679 0.7141 0.5956
vn 0.3587 0.7114 0.6044
vn -0.0506 0.0905 0.9946
vn -0.0330 0.1000 0.9944
vn -0.0275 0.0993 0.9947
vn 0.3349 0.7164 0.6121
vn 0.3283 0.7208 0.6104
vn -0.6618 0.6072 0.4398
vn -0.2182 0.1953 0.9562
vn -0.0996 0.0255 0.9947
vn -0.1337 0.1196 0.9838
vn 0.3053 0.7344 0.6062
vn 0.3027 0.7357 0.6059
vn 0.2828 0.7455 0.6035
vn 0.2831 0.7454 0.6035
vn -0.0182 0.1007 0.9948
vn -0.0198 0.0999 0.9948
vn -0.0204 0.1022 0.9946
vn -0.0205 0.1022 0.9946
vn 0.2540 0.7583 0.6004
vn 0.2573 0.7569 0.6007
vn -0.0225 0.1016 0.9946
vn -0.0227 0.1017 0.9946
vn 0.2106 0.7599 0.6150
vn 0.2071 0.7591 0.6171
vn 0.1701 0.7616 0.6254
vn 0.1681 0.7632 0.6239
vn -0.0174 0.1028 0.9946
vn -0.0175 0.1027 0.9946
vn -0.0254 0.1077 0.9939
vn -0.0244 0.1074 0.9939
vn 0.1348 0.7906 0.5973
vn 0.1325 0.7925 0.5953
vn -0.0298 0.1083 0.9937
vn -0.0302 0.1085 0.9936
vn 0.0957 0.8117 0.5762
vn 0.0948 0.8117 0.5763
vn -0.0313 0.1057 0.9939
vn -0.0314 0.1057 0.9939
vn 0.0632 0.8142 0.5772
vn 0.0603 0.8144 0.5771
vn 0.0199 0.8204 0.5715
vn 0.0212 0.8201 0.5718
vn -0.0350 0.1053 0.9938
vn -0.0351 0.1052 0.9938
vn -0.0360 0.1080 0.9935
vn -0.0359 0.1079 0.9935
vn -0.0222 0.8293 0.5584
vn -0.0230 0.8295 0.5580
vn -0.0301 0.0011 0.9995
vn -0.0316 0.0011 0.9995
vn 0.0706 0.9195 0.3866
vn 0.0678 0.9196 0.3870
vn -0.0273 0.0010 0.9996
vn -0.0288 0.0011 0.9996
vn 0.2168 0.9089 0.3561
vn 0.2136 0.9094 0.3570
vn -0.0258 0.0009 0.9997
vn 0.3114 0.8891 0.3354
vn 0.3088 0.8900 0.3354
vn 0.3476 0.8753 0.3361
vn 0.3462 0.8759 0.3360
vn -0.0051 0.0834 0.9965
vn -0.0045 0.0837 0.9965
vn 0.3970 0.8508 0.3443
vn 0.3931 0.8530 0.3434
vn 0.0018 0.0760 0.9971
vn 0.0001 0.0769 0.9970
vn 0.4473 0.8229 0.3504
vn 0.4427 0.8253 0.3505
vn -0.0009 0.0699 0.9976
vn 0.0013 0.0705 0.9975
vn 0.0002 0.0636 0.9980
vn -0.0017 0.0649 0.9979
vn 0.0076 0.0576 0.9983
vn -0.0011 0.0577 0.9983
vn 0.1130 0.7973 0.5930
vn 0.1129 0.7974 0.5927
vn 0.1093 0.7891 0.6045
vn 0.1092 0.7884 0.6053
vn -0.0121 0.0300 0.9995
vn -0.0092 0.0297 0.9995
vn 0.1025 0.7595 0.6424
vn 0.1028 0.7606 0.6410
vn -0.0049 0.0544 0.9985
vn 0.0051 0.0559 0.9984
vn -0.0118 0.0311 0.9994
vn 0.0972 0.7293 0.6773
vn 0.0973 0.7295 0.6771
vn -0.0090 0.0334 0.9994
vn -0.0071 0.0363 0.9993
vn -0.0034 0.0394 0.9992
vn -0.0860 -0.3580 0.9298
vn 0.0040 0.0481 0.9988
vn 0.0054 0.0618 0.9981
vn 0.1519 0.7960 0.5859
vn 0.1520 0.7963 0.5856
vn 0.0023 0.0683 0.9977
vn 0.1857 0.8148 0.5492
vn 0.1874 0.8150 0.5482
vn 0.0279 0.0696 0.9972
vn 0.2478 0.8153 0.5234
vn 0.2483 0.8152 0.5232
vn 0.0829 0.0781 0.9935
vn 0.3061 0.8044 0.5091
vn 0.3072 0.8041 0.5089
vn 0.0209 0.0432 0.9988
vn -0.0010 0.0408 0.9992
vn 0.3580 0.7872 0.5022
vn 0.3564 0.7879 0.5022
vn 0.7145 0.4007 0.5735
vn 0.7325 0.3605 0.5775
vn 0.8040 0.1733 0.5689
vn 0.8063 0.1666 0.5676
vn 0.6709 0.6827 0.2894
vn 0.6718 0.6818 0.2895
vn 0.6273 0.7220 0.2918
vn 0.6245 0.7243 0.2923
vn 0.5502 0.7764 0.3074
vn 0.5513 0.7757 0.3071
vn 0.4811 0.8095 0.3364
vn 0.4876 0.8077 0.3314
vn -0.0236 0.0006 0.9997
vn -0.0216 0.0009 0.9998
vn -0.0248 0.0007 0.9997
vn -0.0335 0.9298 0.3666
vn -0.0348 0.9301 0.3657
vn 0.0033 0.9265 0.3764
vn 0.0020 0.9265 0.3762
vn 0.0400 0.9256 0.3765
vn 0.0374 0.9254 0.3770
vn 0.0793 0.9233 0.3757
vn 0.0778 0.9235 0.3756
vn 0.1226 0.9160 0.3820
vn 0.1194 0.9169 0.3809
vn 0.1553 0.9107 0.3828
vn 0.1495 0.9112 0.3838
vn 0.2076 0.8977 0.3887
vn 0.1980 0.9008 0.3866
vn 0.2590 0.8773 0.4041
vn 0.2515 0.8808 0.4012
vn 0.2358 0.8718 0.4293
vn 0.2427 0.8715 0.4261
vn 0.0620 0.8876 0.4564
vn 0.0669 0.8874 0.4562
vn -0.0772 0.8849 0.4593
vn -0.8682 0.0339 0.4950
vn -0.8670 -0.0556 0.4953
vn -0.8662 -0.0685 0.4950
vn -0.8562 -0.1769 0.4854
vn -0.8563 -0.1741 0.4862
vn -0.8588 -0.1971 0.4729
vn -0.8592 -0.1975 0.4720
vn -0.8739 -0.1807 0.4513
vn -0.8754 -0.1779 0.4495
vn -0.8940 -0.1376 0.4264
vn -0.8934 -0.1392 0.4272
vn -0.9071 -0.0942 0.4103
vn -0.9072 -0.0935 0.4101
vn -0.9193 -0.0515 0.3901
vn -0.9193 -0.0516 0.3902
vn -0.0138 0.0038 0.9999
vn -0.0330 0.0011 0.9995
vn -0.0343 0.0011 0.9994
vn -0.0356 0.0011 0.9994
vn -0.0371 0.0012 0.9993
vn -0.0389 0.0013 0.9992
vn -0.0415 0.0014 0.9991
vn -0.0448 0.0016 0.9990
vn -0.0490 0.0018 0.9988
vn -0.0875 -0.0011 0.9962
vn -0.1331 0.1008 0.9860
vn -0.2350 0.2104 0.9489
vn -0.2024 0.2596 0.9443
vn 0.3803 0.9229 0.0606
vn 0.2874 0.9561 0.0568
vn 0.2880 0.9576 0.0000
vn 0.3811 0.9245 0.0000
vn 0.0034 0.9989 0.0475
vn -0.0982 0.9939 0.0504
vn -0.0984 0.9951 -0.0000
vn 0.0033 1.0000 -0.0000
vn 0.4684 0.8814 0.0616
vn 0.4693 0.8830 0.0000
vn 0.5526 0.8312 0.0609
vn 0.5537 0.8327 0.0000
vn 0.6341 0.7709 0.0598
vn 0.6352 0.7723 0.0000
vn -0.7360 0.1360 0.6632
vn -0.7359 0.1363 0.6632
vn 0.7080 0.7038 0.0586
vn 0.7092 0.7050 0.0000
vn -0.7733 0.6339 0.0137
vn -0.7734 0.6340 0.0000
vn 0.7734 0.6313 0.0568
vn 0.7747 0.6324 0.0000
vn -0.7095 0.7045 0.0162
vn -0.7096 0.7046 0.0000
vn 0.8312 0.5532 0.0551
vn 0.8324 0.5541 -0.0000
vn -0.6371 0.7705 0.0204
vn -0.6371 0.7708 0.0000
vn 0.8807 0.4705 0.0546
vn 0.8820 0.4713 -0.0000
vn -0.5574 0.8298 0.0256
vn -0.5575 0.8301 0.0000
vn 0.9221 0.3832 0.0547
vn 0.9235 0.3837 -0.0000
vn -0.4741 0.8799 0.0309
vn -0.4742 0.8804 0.0000
vn 0.9546 0.2928 0.0556
vn 0.9561 0.2931 0.0000
vn 0.9774 0.2034 0.0582
vn 0.9791 0.2035 -0.0000
vn 0.1010 0.9938 0.0468
vn 0.1011 0.9949 0.0000
vn 0.9923 0.1076 0.0619
vn 0.9942 0.1075 -0.0000
vn -0.9951 0.0982 0.0126
vn -0.9952 0.0981 -0.0000
vn -0.7180 0.2069 0.6646
vn -0.7178 0.2076 0.6646
vn 0.1950 0.9795 0.0510
vn 0.1954 0.9807 0.0000
vn -0.1994 0.9787 0.0493
vn -0.1995 0.9799 0.0000
vn 0.0233 0.0186 0.9996
vn -0.0486 0.0164 0.9987
vn -0.0466 0.0296 0.9985
vn 0.0045 0.0247 0.9997
vn -0.0060 0.1156 0.9933
vn -0.0256 0.1025 0.9944
vn -0.0041 0.0224 0.9997
vn 0.0354 0.0135 0.9993
vn -0.0067 0.0038 1.0000
vn 0.0320 0.0076 0.9995
vn 0.2927 -0.2988 0.9083
vn 0.3193 -0.2844 0.9040
vn -0.1870 -0.4237 0.8863
vn -0.2339 0.3439 0.9094
vn 0.2391 0.0435 0.9700
vn 0.3638 0.0413 0.9305
vn 0.0062 0.0116 0.9999
vn 0.0886 -0.0606 0.9942
vn 0.2252 -0.9743 -0.0000
vn 0.2248 -0.9724 0.0616
vn 0.0685 -0.2766 0.9585
vn -0.2461 -0.3817 0.8909
vn -0.2576 -0.4253 0.8676
vn -0.0592 -0.3568 0.9323
vn 0.2138 0.0403 0.9760
vn 0.1940 0.0874 0.9771
vn 0.0651 0.0058 0.9979
vn 0.0352 0.0203 0.9992
vn -0.1450 -0.4387 0.8869
vn -0.1762 -0.4255 0.8876
vn -0.0371 -0.1211 0.9919
vn -0.0081 -0.2607 0.9654
vn -0.1139 -0.1709 0.9787
vn 0.0394 -0.4065 0.9128
vn -0.1904 -0.3523 0.9163
vn -0.1924 -0.3379 0.9213
vn 0.0252 -0.0769 0.9967
vn -0.1116 -0.2041 0.9726
vn -0.2124 -0.2612 0.9416
vn -0.0318 -0.3339 0.9421
vn 0.0106 -0.3618 0.9322
vn 0.0226 -0.3848 0.9227
vn 0.8888 0.3159 0.3319
vn 0.8143 0.4884 0.3136
vn 0.8249 0.4696 0.3147
vn 0.8895 0.3135 0.3324
vn 0.0803 0.1126 0.9904
vn 0.1254 0.1454 0.9814
vn 0.0644 0.0231 0.9977
vn 0.0561 0.0333 0.9979
vn 0.1153 0.1754 0.9777
vn 0.1939 0.2397 0.9513
vn 0.0248 0.0707 0.9972
vn 0.0459 0.1226 0.9914
vn 0.3168 0.1824 0.9308
vn 0.4052 0.1415 0.9032
vn 0.3463 0.2880 0.8928
vn 0.4905 0.3084 0.8150
vn -0.0408 0.0342 0.9986
vn -0.0703 0.0231 0.9973
vn -0.0326 0.0653 0.9973
vn -0.0570 0.0481 0.9972
vn -0.0374 0.0389 0.9985
vn -0.0297 0.0753 0.9967
vn -0.0342 0.0433 0.9985
vn -0.0268 0.0843 0.9961
vn -0.0363 0.0447 0.9983
vn -0.0317 0.0881 0.9956
vn -0.0343 0.0433 0.9985
vn -0.0326 0.0861 0.9957
vn -0.0336 0.0437 0.9985
vn -0.0304 0.0861 0.9958
vn -0.0342 0.0428 0.9985
vn -0.0345 0.0851 0.9958
vn -0.0313 0.0445 0.9985
vn -0.0294 0.0878 0.9957
vn -0.0320 0.0475 0.9984
vn -0.0319 0.0935 0.9951
vn 0.0003 0.0548 0.9985
vn 0.0184 0.1068 0.9941
vn -0.0332 0.0474 0.9983
vn -0.0254 0.0467 0.9986
vn -0.0360 0.0917 0.9951
vn -0.0239 0.0893 0.9957
vn -0.0131 0.0520 0.9986
vn -0.0101 0.0525 0.9986
vn -0.0010 0.1014 0.9948
vn 0.0031 0.1027 0.9947
vn -0.0059 0.0541 0.9985
vn 0.0097 0.1045 0.9945
vn 0.9226 0.1640 0.3492
vn 0.9218 0.1690 0.3490
vn -0.0157 0.0508 0.9986
vn -0.0058 0.0950 0.9955
vn -0.1212 -0.0020 0.9926
vn -0.1101 -0.0106 0.9939
vn -0.1289 -0.0041 0.9916
vn -0.1307 -0.0002 0.9914
vn -0.1251 0.0089 0.9921
vn -0.0792 0.0151 0.9967
vn -0.1055 -0.0163 0.9943
vn -0.0544 0.0113 0.9985
vn -0.0675 0.0312 0.9972
vn 0.2423 0.2695 0.9320
vn 0.1787 0.1615 0.9706
vn 0.0785 0.0296 0.9965
vn 0.7243 0.6212 0.2993
vn 0.7232 0.6225 0.2991
vn -0.5177 -0.3342 0.7876
vn -0.5692 -0.2826 0.7721
vn -0.0237 0.0078 0.9997
vn 0.8937 0.4482 0.0208
vn 0.9875 0.1579 0.0000
vn 0.0597 0.0103 0.9982
vn 0.0507 0.0150 0.9986
vn 0.7090 0.7052 -0.0000
vn 0.6570 0.7533 0.0289
vn 0.8644 0.5020 0.0279
vn 0.6096 -0.7908 0.0548
vn 0.6383 -0.7693 0.0289
vn 0.8658 -0.5003 0.0068
vn 0.8533 -0.5213 0.0126
vn 0.6581 -0.7529 0.0000
vn 0.8726 -0.4885 0.0000
vn 0.9808 -0.1948 0.0091
vn 0.9781 -0.2072 0.0176
vn 0.9814 -0.1920 0.0000
vn 0.5431 0.8391 0.0308
vn 1.0000 0.0051 0.0000
vn 0.9999 0.0100 0.0123
vn 0.6642 0.7467 0.0363
vn 0.7871 0.6156 0.0396
vn 0.1750 0.0123 0.9845
vn 0.1623 0.0222 0.9865
vn 0.9764 0.2115 0.0446
vn 0.1196 0.0145 0.9927
vn 0.0425 0.0148 0.9990
vn 0.0889 0.0138 0.9959
vn 0.1421 0.0239 0.9896
vn 0.4748 -0.8801 0.0000
vn 0.9996 0.0148 0.0242
vn 0.0040 0.0036 1.0000
vn -0.0509 0.0319 0.9982
vn 0.0419 0.0186 0.9989
vn 0.0596 0.0265 0.9979
vn 0.0488 0.0326 0.9983
vn 0.0131 0.0124 0.9998
vn 0.1800 0.0336 0.9831
vn -0.9409 -0.3190 -0.1141
vn -0.6149 -0.7818 -0.1030
vn -0.5303 -0.8408 -0.1091
vn -0.7337 -0.6716 -0.1032
vn 0.5885 0.6002 -0.5417
vn 0.4497 0.7311 -0.5131
vn 0.4557 0.7268 -0.5140
vn 0.6063 0.5777 -0.5465
vn -0.8467 -0.5206 -0.1103
vn -0.4967 -0.8599 -0.1179
vn -0.4973 -0.8582 -0.1270
vn -0.5274 -0.8387 -0.1355
vn -0.5553 -0.8198 -0.1401
vn -0.3711 -0.9170 -0.1465
vn -0.2182 -0.9643 -0.1500
vn -0.1321 -0.9800 -0.1485
vn -0.0852 -0.9864 -0.1409
vn -0.5603 -0.8162 -0.1412
vn -0.5135 -0.8462 -0.1424
vn -0.0611 -0.9896 -0.1299
vn 0.3676 -0.9285 -0.0526
vn 0.2565 -0.9647 -0.0598
vn 0.2439 -0.3062 -0.9202
vn 0.1707 -0.2974 -0.9394
vn 0.2189 -0.2919 -0.9311
vn 0.2686 -0.3094 -0.9122
vn -0.3176 -0.9420 -0.1088
vn -0.4071 -0.9069 -0.1082
vn -0.1083 -0.9879 -0.1111
vn -0.2192 -0.9695 -0.1095
vn -0.0584 -0.9791 -0.1950
vn -0.2651 -0.9481 -0.1756
vn 0.6408 -0.7669 -0.0350
vn 0.6814 -0.7311 -0.0339
vn 0.8043 -0.5937 -0.0253
vn 0.7461 -0.6655 -0.0236
vn 0.6736 -0.7387 -0.0243
vn 0.7501 -0.6608 -0.0281
vn 0.8916 -0.4518 -0.0309
vn 0.4889 -0.2962 -0.8205
vn 0.5257 -0.1687 -0.8338
vn 0.4822 -0.2271 -0.8461
vn 0.9950 0.0967 -0.0247
vn 0.9944 0.0930 -0.0494
vn 0.9702 -0.2415 -0.0177
vn 0.8900 -0.4558 -0.0128
vn 0.4739 -0.4484 -0.7578
vn 0.4750 -0.4501 -0.7562
vn 0.4467 -0.4304 -0.7844
vn 0.4575 -0.4387 -0.7735
vn 0.2142 -0.3086 -0.9268
vn 0.1238 -0.3066 -0.9437
vn -0.7991 -0.5920 -0.1045
vn -0.8218 -0.5589 -0.1112
vn -0.6781 -0.7317 -0.0686
vn -0.7052 -0.7055 -0.0704
vn -0.7442 -0.6635 -0.0770
vn -0.5528 -0.8298 -0.0769
vn -0.6101 -0.7888 -0.0740
vn -0.4690 -0.8798 -0.0771
vn -0.5025 -0.8611 -0.0768
vn -0.3648 -0.9277 -0.0789
vn -0.4073 -0.9098 -0.0803
vn -0.1287 -0.9882 -0.0835
vn -0.1676 -0.9822 -0.0848
vn -0.2210 -0.9716 -0.0845
vn 0.0448 -0.9952 -0.0867
vn -0.0169 -0.9962 -0.0854
vn -0.0628 -0.9945 -0.0835
vn 0.2268 -0.9693 -0.0949
vn 0.1294 -0.9876 -0.0889
vn 0.1991 -0.9738 -0.1099
vn -0.3667 -0.9228 -0.1183
vn -0.0796 -0.9892 -0.1233
vn -0.4314 -0.8945 -0.1178
vn 0.0851 -0.9785 -0.1878
vn 0.2243 -0.9592 -0.1719
vn -0.5690 -0.8129 -0.1240
vn -0.5228 -0.8370 -0.1616
vn 0.3080 -0.9396 -0.1497
vn 0.1666 -0.9699 -0.1778
vn 0.3573 -0.9226 -0.1451
vn 0.4576 -0.8886 -0.0316
vn 0.5726 -0.8191 -0.0350
vn 0.6166 -0.1527 -0.7723
vn 0.6169 -0.1528 -0.7721
vn 0.7915 0.6108 -0.0223
vn 0.6679 0.7441 -0.0169
vn 0.5358 0.8442 -0.0153
vn 0.6416 0.7669 -0.0146
vn -0.5527 -0.3452 -0.7585
vn -0.5595 -0.3204 -0.7644
vn -0.4284 -0.2222 -0.8758
vn -0.4179 -0.2876 -0.8618
vn -0.0690 0.0517 -0.9963
vn -0.0690 0.0519 -0.9963
vn -0.0721 0.0663 -0.9952
vn -0.0723 0.0663 -0.9952
vn 0.9751 -0.2196 -0.0302
vn 0.8269 -0.5616 -0.0280
vn 0.7340 -0.6782 -0.0360
vn 0.6059 -0.7947 -0.0360
vn -0.0135 0.1160 -0.9932
vn -0.0645 0.0928 -0.9936
vn -0.0449 0.0971 -0.9943
vn -0.6539 -0.7534 -0.0699
vn -0.2991 -0.9507 -0.0817
vn -0.4422 -0.8933 -0.0801
vn -0.0963 -0.9920 -0.0820
vn -0.3749 -0.9165 -0.1399
vn -0.5480 -0.8289 -0.1125
vn -0.4876 -0.8663 -0.1085
vn -0.0416 -0.9927 -0.1136
vn -0.0448 -0.9918 -0.1196
vn -0.4758 -0.8588 -0.1898
vn -0.7503 -0.2442 -0.6143
vn -0.6983 -0.2541 -0.6692
vn -0.6902 -0.4194 -0.5897
vn -0.6272 -0.4364 -0.6451
vn -0.6121 -0.5523 -0.5659
vn -0.5362 -0.5582 -0.6331
vn -0.5458 -0.4537 -0.7045
vn -0.6362 -0.2692 -0.7231
vn -0.6717 -0.0672 -0.7378
vn -0.2274 -0.5612 -0.7958
vn -0.2863 -0.6051 -0.7429
vn -0.3461 -0.6379 -0.6880
vn -0.2843 -0.5908 -0.7551
vn -0.4000 -0.6770 -0.6178
vn -0.5014 -0.6522 -0.5686
vn -0.4342 -0.6258 -0.6479
vn -0.3569 -0.5877 -0.7261
vn -0.1847 -0.4991 -0.8466
vn -0.1575 -0.4166 -0.8954
vn -0.2248 -0.4616 -0.8581
vn -0.2481 -0.5424 -0.8027
vn -0.3080 -0.5755 -0.7576
vn -0.3402 -0.6409 -0.6881
vn -0.2901 -0.4959 -0.8185
vn -0.4385 -0.4134 -0.7980
vn -0.4386 -0.3914 -0.8090
vn -0.4423 -0.3906 -0.8074
vn -0.4556 -0.4102 -0.7901
vn -0.2747 -0.3271 -0.9042
vn -0.5208 -0.3211 -0.7910
vn -0.5386 -0.3428 -0.7697
vn -0.3816 -0.3079 -0.8716
vn -0.0515 -0.3428 -0.9380
vn -0.0587 -0.3583 -0.9318
vn -0.0515 -0.4026 -0.9139
vn -0.0462 -0.3829 -0.9227
vn -0.4464 -0.5493 -0.7064
vn -0.1315 -0.3422 -0.9304
vn -0.1983 -0.3888 -0.8997
vn 0.1341 0.7751 -0.6174
vn 0.1355 0.7758 -0.6163
vn 0.1168 0.7572 -0.6426
vn 0.1167 0.7568 -0.6432
vn -0.0505 -0.3351 -0.9408
vn -0.0714 -0.3294 -0.9415
vn -0.0621 -0.2977 -0.9526
vn -0.0527 -0.3056 -0.9507
vn -0.0926 -0.3037 -0.9483
vn -0.1428 -0.3441 -0.9280
vn -0.1294 -0.3637 -0.9225
vn -0.2147 -0.3692 -0.9042
vn 0.1068 0.7319 -0.6730
vn 0.1063 0.7306 -0.6744
vn 0.0985 0.7171 -0.6900
vn -0.0426 -0.3858 -0.9216
vn -0.0485 -0.3634 -0.9304
vn -0.0465 -0.3553 -0.9336
vn -0.0506 -0.3220 -0.9454
vn -0.0407 -0.4209 -0.9062
vn -0.0715 -0.4524 -0.8890
vn -0.0439 -0.4457 -0.8941
vn -0.0738 -0.4076 -0.9102
vn -0.0756 -0.3641 -0.9283
vn -0.1186 -0.4476 -0.8864
vn -0.1054 -0.4030 -0.9091
vn -0.0913 -0.3624 -0.9275
vn -0.1004 -0.3498 -0.9314
vn -0.1324 -0.3849 -0.9134
vn 0.1079 0.7881 -0.6061
vn 0.1084 0.7886 -0.6052
vn 0.1003 0.7815 -0.6158
vn -0.1787 -0.3838 -0.9060
vn -0.1905 -0.4070 -0.8934
vn -0.1410 -0.3600 -0.9222
vn 0.0992 0.7841 -0.6127
vn 0.0992 0.7842 -0.6125
vn -0.0130 -0.3611 -0.9324
vn -0.1049 -0.3440 -0.9331
vn -0.1053 -0.3404 -0.9343
vn -0.0115 -0.3589 -0.9333
vn -0.1008 -0.3307 -0.9383
vn -0.0797 -0.3211 -0.9437
vn 0.0929 0.7883 -0.6082
vn 0.0926 0.7884 -0.6081
vn 0.0467 0.7973 -0.6018
vn -0.0148 0.0979 -0.9951
vn -0.0035 0.0910 -0.9958
vn -0.0030 0.0901 -0.9959
vn -0.0134 0.0975 -0.9951
vn 0.0617 -0.4003 -0.9143
vn 0.0713 -0.3952 -0.9158
vn -0.0200 0.8053 -0.5926
vn -0.0262 0.8056 -0.5919
vn -0.0324 0.1022 -0.9942
vn -0.0312 0.1019 -0.9943
vn -0.1181 -0.3089 -0.9437
vn -0.0080 -0.3811 -0.9245
vn 0.0104 -0.3642 -0.9313
vn -0.0183 -0.3244 -0.9457
vn -0.0727 0.8127 -0.5781
vn -0.0748 0.8134 -0.5769
vn -0.0907 0.8265 -0.5556
vn -0.0905 0.8270 -0.5549
vn -0.0359 0.9242 -0.3802
vn -0.0593 0.9307 -0.3610
vn -0.0574 0.9309 -0.3607
vn -0.0375 0.9245 -0.3794
vn -0.0373 0.1120 -0.9930
vn -0.0385 0.1089 -0.9933
vn -0.0384 0.1090 -0.9933
vn -0.0372 0.1121 -0.9930
vn -0.0058 -0.0615 -0.9981
vn 0.0188 -0.0587 -0.9981
vn 0.0202 -0.2211 -0.9750
vn 0.0016 -0.2401 -0.9707
vn 0.0241 -0.3968 -0.9176
vn 0.0071 -0.4043 -0.9146
vn -0.0106 -0.0809 -0.9967
vn -0.0154 -0.2525 -0.9675
vn -0.0200 -0.4104 -0.9117
vn -0.0170 -0.0998 -0.9949
vn -0.0314 -0.2646 -0.9639
vn -0.0446 -0.4163 -0.9081
vn -0.0309 -0.1399 -0.9897
vn -0.0223 -0.1198 -0.9925
vn -0.0465 -0.2764 -0.9599
vn -0.0598 -0.2861 -0.9563
vn -0.0683 -0.4205 -0.9047
vn -0.0407 -0.1598 -0.9863
vn -0.0774 -0.2999 -0.9508
vn -0.0869 -0.4242 -0.9014
vn -0.1101 -0.4292 -0.8965
vn -0.0501 -0.1831 -0.9818
vn -0.0941 -0.3147 -0.9445
vn -0.1183 -0.3383 -0.9336
vn -0.0695 -0.2159 -0.9739
vn -0.1353 -0.4378 -0.8888
vn -0.1629 -0.4499 -0.8781
vn -0.1519 -0.3619 -0.9197
vn -0.0984 -0.2545 -0.9621
vn -0.2021 -0.4615 -0.8638
vn -0.2302 -0.4708 -0.8517
vn -0.1820 -0.3784 -0.9076
vn -0.2625 -0.4697 -0.8429
vn -0.2162 -0.3931 -0.8937
vn -0.2972 -0.4618 -0.8357
vn -0.2453 -0.4009 -0.8827
vn -0.2705 -0.4123 -0.8699
vn -0.2209 -0.3635 -0.9050
vn -0.1916 -0.3354 -0.9224
vn -0.3199 -0.4581 -0.8294
vn -0.2999 -0.4008 -0.8657
vn -0.2537 -0.3813 -0.8890
vn -0.2970 -0.4198 -0.8576
vn -0.3314 -0.4234 -0.8431
vn -0.3406 -0.4541 -0.8233
vn -0.3644 -0.4426 -0.8193
vn -0.3581 -0.4180 -0.8349
vn -0.3750 -0.4207 -0.8261
vn -0.3933 -0.4235 -0.8161
vn -0.4082 -0.4296 -0.8055
vn -0.4131 -0.4163 -0.8100
vn -0.4202 -0.4040 -0.8126
vn -0.4400 -0.4356 -0.7853
vn -0.4447 -0.3855 -0.8085
vn -0.7757 -0.6246 -0.0905
vn -0.4855 -0.3967 -0.7791
vn -0.5120 -0.4281 -0.7447
vn -0.4683 -0.4353 -0.7689
vn -0.1312 -0.2808 -0.9508
vn -0.1627 -0.3021 -0.9393
vn 0.4491 -0.3335 -0.8289
vn 0.4554 -0.4187 -0.7857
vn 0.4569 -0.4212 -0.7835
vn 0.4141 -0.3831 -0.8257
vn 0.4119 -0.3820 -0.8273
vn 0.6945 -0.1601 -0.7015
vn -0.8479 -0.5206 -0.1005
vn -0.0218 -0.0832 -0.9963
vn -0.0286 -0.1555 -0.9874
vn -0.1739 -0.2299 -0.9575
vn -0.1765 -0.1616 -0.9709
vn 0.3724 -0.3533 -0.8582
vn 0.3717 -0.3526 -0.8588
vn 0.3446 -0.3244 -0.8809
vn 0.3449 -0.3247 -0.8807
vn -0.0534 -0.0161 -0.9984
vn -0.0093 -0.0112 -0.9999
vn -0.0024 -0.0776 -0.9970
vn 0.9989 -0.0408 -0.0251
vn 0.4922 -0.8591 -0.1404
vn 0.5882 -0.7303 -0.3475
vn 0.5282 -0.8112 -0.2507
vn 0.0509 -0.3099 -0.9494
vn -0.3713 -0.3034 -0.8775
vn -0.0472 -0.3247 -0.9446
vn 0.0027 -0.0151 -0.9999
vn 0.0971 -0.0979 -0.9905
vn 0.1092 -0.1695 -0.9795
vn 0.0160 -0.0878 -0.9960
vn -0.0043 0.0168 -0.9999
vn -0.0043 0.0152 -0.9999
vn 0.0055 -0.1521 -0.9883
vn -0.5488 -0.3848 -0.7421
vn -0.5961 -0.3897 -0.7021
vn -0.2045 0.1551 -0.9665
vn -0.0386 0.0454 -0.9982
vn 0.0270 -0.0206 -0.9994
vn -0.3016 0.2452 -0.9214
vn -0.8311 0.5560 -0.0125
vn -0.8804 0.4741 -0.0126
vn -0.1598 -0.0081 -0.9871
vn -0.1815 -0.0732 -0.9807
vn -0.4008 -0.1560 -0.9028
vn -0.5576 -0.4221 -0.7148
vn 0.7804 -0.6240 -0.0402
vn -0.0135 0.0185 -0.9997
vn -0.0046 0.0145 -0.9999
vn -0.6022 -0.4177 -0.6804
vn -0.1037 0.0143 -0.9945
vn 0.0458 -0.1774 -0.9831
vn 0.1145 -0.2327 -0.9658
vn 0.2765 -0.2471 -0.9287
vn 0.2448 -0.2185 -0.9446
vn 0.0322 -0.0399 -0.9987
vn 0.0100 -0.2429 -0.9700
vn 0.0586 -0.2702 -0.9610
vn -0.6278 -0.3894 -0.6740
vn -0.6403 -0.4135 -0.6474
vn -0.6705 -0.2917 -0.6821
vn -0.6546 -0.3770 -0.6553
vn -0.6556 -0.3683 -0.6592
vn -0.0993 0.0118 -0.9950
vn -0.6750 -0.3936 -0.6241
vn -0.6469 -0.3783 -0.6621
vn -0.3646 -0.9270 -0.0876
vn -0.5809 -0.8098 -0.0827
vn -0.7733 -0.6301 -0.0707
vn -0.6848 -0.7267 -0.0545
vn -0.7833 -0.6204 -0.0392
vn -0.6942 -0.7192 -0.0286
vn 0.3041 -0.9522 -0.0281
vn -0.6808 -0.3891 -0.6205
vn -0.6667 -0.4045 -0.6260
vn -0.1659 -0.3035 -0.9383
vn 0.0853 -0.2927 -0.9524
vn -0.0395 -0.2480 -0.9680
vn -0.7663 -0.6394 -0.0634
vn -0.5991 -0.2352 -0.7654
vn -0.3526 -0.2379 -0.9050
vn -0.2808 -0.2860 -0.9162
vn -0.1560 -0.2840 -0.9460
vn 0.2161 0.5712 -0.7919
vn 0.2187 0.5686 -0.7930
vn 0.1592 0.6247 -0.7644
vn 0.1560 0.6275 -0.7628
vn -0.0075 0.7493 -0.6622
vn -0.0074 0.7493 -0.6622
vn -0.0744 0.7482 -0.6593
vn -0.0743 0.7482 -0.6593
vn 0.0470 -0.0479 -0.9977
vn 0.2696 0.5137 -0.8145
vn 0.2714 0.5116 -0.8153
vn 0.3138 0.4577 -0.8319
vn 0.3150 0.4559 -0.8324
vn -0.6564 0.3568 -0.6647
vn -0.6561 0.3574 -0.6647
vn -0.6897 0.2859 -0.6652
vn -0.6896 0.2861 -0.6652
vn 0.3476 0.4041 -0.8461
vn 0.3484 0.4026 -0.8465
vn 0.3748 0.3508 -0.8582
vn 0.3754 0.3495 -0.8584
vn -0.5794 0.4746 -0.6626
vn -0.6202 0.4187 -0.6634
vn -0.6204 0.4183 -0.6634
vn 0.3977 0.2974 -0.8680
vn 0.3981 0.2965 -0.8681
vn -0.5328 0.5265 -0.6625
vn 0.4144 0.2472 -0.8759
vn 0.4145 0.2466 -0.8760
vn -0.4875 0.5663 -0.6645
vn 0.4274 0.1978 -0.8821
vn 0.4275 0.1975 -0.8822
vn -0.4339 0.6012 -0.6710
vn -0.4339 0.6013 -0.6710
vn 0.4387 0.1499 -0.8860
vn 0.4388 0.1495 -0.8860
vn -0.3522 0.6479 -0.6754
vn 0.4478 0.1055 -0.8879
vn 0.4479 0.1052 -0.8879
vn 0.0167 0.7388 -0.6737
vn 0.0166 0.7386 -0.6740
vn -0.2668 0.6936 -0.6692
vn -0.2670 0.6935 -0.6692
vn 0.4535 0.0622 -0.8891
vn 0.4535 0.0623 -0.8891
vn 0.0466 0.7133 -0.6993
vn 0.0483 0.7123 -0.7002
vn 0.0611 0.2560 -0.9647
vn 0.0205 0.5246 -0.8511
vn -0.1373 0.7856 -0.6033
vn 0.0519 0.3301 -0.9425
vn 0.1030 0.6745 -0.7310
vn 0.1048 0.6729 -0.7323
vn -0.1559 0.7364 -0.6584
vn -0.1560 0.7363 -0.6584
vn -0.2138 0.7197 -0.6605
vn -0.2137 0.7198 -0.6605
vn -0.7457 0.0724 -0.6623
vn -0.0314 0.9212 -0.3879
vn -0.0404 0.9578 -0.2845
vn -0.1879 0.9294 -0.3177
vn -0.1600 0.8759 -0.4553
vn -0.1002 0.9589 -0.2654
vn -0.0925 0.9595 -0.2661
vn -0.1839 0.9430 -0.2774
vn -0.1880 0.9417 -0.2792
vn -0.1323 0.9187 -0.3722
vn -0.1469 0.9211 -0.3604
vn -0.1770 0.8277 -0.5326
vn -0.1836 0.8759 -0.4461
vn -0.1770 0.8812 -0.4384
vn -0.0875 0.9134 -0.3976
vn -0.0981 0.9127 -0.3967
vn -0.0277 0.8835 -0.4676
vn -0.1263 0.7482 -0.6514
vn 0.1940 0.8464 -0.4959
vn 0.1798 0.8511 -0.4932
vn 0.0087 0.0110 -0.9999
vn 0.3450 0.7037 -0.6211
vn 0.5221 0.6766 -0.5192
vn 0.5279 0.6724 -0.5187
vn 0.4832 0.6616 -0.5734
vn -0.0295 0.7377 -0.6744
vn -0.0087 0.7386 -0.6741
vn -0.3411 0.6619 -0.6675
vn -0.3323 0.6664 -0.6675
vn -0.0733 0.0690 -0.9949
vn -0.0734 0.0689 -0.9949
vn -0.0787 0.0676 -0.9946
vn -0.0785 0.0677 -0.9946
vn -0.0617 0.0360 -0.9974
vn -0.0825 0.0689 -0.9942
vn -0.0827 0.0687 -0.9942
vn -0.0677 0.0852 -0.9941
vn 0.8061 -0.5905 -0.0392
vn -0.4652 0.5937 -0.6566
vn -0.4728 0.5897 -0.6548
vn 0.3364 -0.2905 -0.8958
vn 0.8186 -0.5732 -0.0348
vn 0.8270 -0.5614 -0.0312
vn -0.4994 0.5867 -0.6375
vn -0.4990 0.5853 -0.6390
vn -0.5090 0.5937 -0.6233
vn -0.5098 0.5935 -0.6228
vn -0.5318 0.5856 -0.6117
vn -0.5324 0.5854 -0.6115
vn -0.5689 0.5510 -0.6106
vn -0.5686 0.5514 -0.6105
vn -0.6097 0.4877 -0.6248
vn -0.6122 0.4831 -0.6260
vn 0.2428 -0.2715 -0.9313
vn -0.9825 0.1859 -0.0132
vn -0.9599 0.2799 -0.0138
vn -0.0650 0.8345 -0.5472
vn -0.0664 0.8345 -0.5470
vn -0.9237 0.3830 -0.0135
vn 0.0618 0.0041 -0.9981
vn -0.0521 -0.0012 -0.9986
vn -0.5713 0.4045 -0.7141
vn -0.5817 0.4119 -0.7014
vn -0.4118 0.8527 -0.3215
vn -0.4203 0.8488 -0.3208
vn -0.6274 0.7089 -0.3222
vn -0.5632 0.7657 -0.3107
vn -0.5653 0.7641 -0.3106
vn -0.6273 0.7091 -0.3220
vn -0.6172 0.7050 -0.3494
vn -0.6156 0.7057 -0.3507
vn -0.5301 0.7490 -0.3975
vn -0.4949 0.7645 -0.4131
vn -0.3132 0.8110 -0.4941
vn -0.3094 0.8114 -0.4959
vn 0.2966 0.7380 -0.6061
vn 0.0295 0.8083 -0.5881
vn -0.0242 0.8145 -0.5796
vn 0.2672 0.7493 -0.6059
vn -0.1992 0.4821 -0.8532
vn -0.1283 0.1340 -0.9826
vn -0.1247 0.1350 -0.9830
vn -0.1100 0.1478 -0.9829
vn -0.1103 0.1472 -0.9829
vn -0.0758 0.1525 -0.9854
vn -0.0724 0.1517 -0.9858
vn -0.0340 0.1444 -0.9889
vn -0.0325 0.1445 -0.9890
vn 0.4233 0.6935 -0.5830
vn 0.4246 0.6949 -0.5804
vn 0.3911 0.6951 -0.6032
vn 0.3905 0.6954 -0.6032
vn -0.0177 0.1372 -0.9904
vn -0.0160 0.1355 -0.9906
vn 0.4345 0.7115 -0.5523
vn 0.4348 0.7157 -0.5466
vn -0.0101 0.1214 -0.9925
vn -0.0105 0.1195 -0.9928
vn 0.4264 0.7278 -0.5371
vn 0.4268 0.7275 -0.5371
vn -0.0177 0.1035 -0.9945
vn -0.0184 0.1025 -0.9946
vn 0.4121 0.7318 -0.5427
vn 0.4123 0.7319 -0.5425
vn -0.0217 0.0790 -0.9966
vn -0.0216 0.0781 -0.9967
vn -0.0523 0.0086 -0.9986
vn -0.3872 0.9213 -0.0366
vn -0.2955 0.9544 -0.0434
vn -0.0121 0.0117 -0.9999
vn 0.3934 0.7240 -0.5666
vn 0.3926 0.7237 -0.5676
vn 0.0104 0.0098 -0.9999
vn 0.0105 0.0216 -0.9997
vn 0.0101 0.0207 -0.9997
vn 0.0120 0.0189 -0.9998
vn 0.0066 0.0227 -0.9997
vn 0.0102 0.0199 -0.9997
vn 0.0040 0.0210 -0.9998
vn -0.0212 0.0444 -0.9988
vn -0.0147 -0.0227 -0.9996
vn -0.0065 0.0153 -0.9999
vn -0.0053 0.0166 -0.9998
vn -0.0341 0.0905 -0.9953
vn 0.3679 0.7141 -0.5956
vn 0.3587 0.7114 -0.6044
vn -0.0275 0.0993 -0.9947
vn -0.0330 0.1000 -0.9944
vn -0.0506 0.0905 -0.9946
vn 0.3349 0.7164 -0.6121
vn 0.3283 0.7208 -0.6105
vn -0.6617 0.6072 -0.4399
vn -0.2182 0.1954 -0.9561
vn -0.1337 0.1197 -0.9838
vn -0.0997 0.0256 -0.9947
vn 0.3053 0.7344 -0.6062
vn 0.3027 0.7357 -0.6059
vn 0.2828 0.7455 -0.6035
vn 0.2831 0.7454 -0.6036
vn -0.0182 0.1007 -0.9947
vn -0.0198 0.0999 -0.9948
vn -0.0205 0.1022 -0.9946
vn -0.0204 0.1022 -0.9946
vn 0.2540 0.7583 -0.6004
vn 0.2573 0.7569 -0.6007
vn -0.0227 0.1017 -0.9946
vn -0.0225 0.1016 -0.9946
vn 0.2106 0.7599 -0.6150
vn 0.2071 0.7591 -0.6171
vn 0.1701 0.7616 -0.6254
vn 0.1681 0.7632 -0.6239
vn -0.0175 0.1027 -0.9946
vn -0.0174 0.1028 -0.9946
vn -0.0244 0.1074 -0.9939
vn -0.0254 0.1076 -0.9939
vn 0.1348 0.7906 -0.5973
vn 0.1325 0.7925 -0.5953
vn -0.0302 0.1085 -0.9936
vn -0.0298 0.1083 -0.9937
vn 0.0957 0.8117 -0.5762
vn 0.0948 0.8117 -0.5763
vn -0.0314 0.1057 -0.9939
vn -0.0313 0.1057 -0.9939
vn 0.0632 0.8142 -0.5772
vn 0.0603 0.8144 -0.5771
vn 0.0212 0.8201 -0.5718
vn 0.0199 0.8204 -0.5715
vn -0.0351 0.1052 -0.9938
vn -0.0350 0.1053 -0.9938
vn -0.0359 0.1079 -0.9935
vn -0.0360 0.1080 -0.9935
vn -0.0222 0.8293 -0.5584
vn -0.0230 0.8295 -0.5581
vn -0.0301 0.0011 -0.9995
vn -0.0316 0.0011 -0.9995
vn 0.0706 0.9195 -0.3866
vn 0.0678 0.9196 -0.3870
vn -0.0273 0.0010 -0.9996
vn -0.0288 0.0011 -0.9996
vn 0.2168 0.9089 -0.3561
vn 0.2136 0.9094 -0.3570
vn -0.0258 0.0009 -0.9997
vn 0.3114 0.8891 -0.3354
vn 0.3088 0.8901 -0.3354
vn 0.3476 0.8754 -0.3361
vn 0.3462 0.8759 -0.3360
vn -0.0045 0.0837 -0.9965
vn -0.0051 0.0834 -0.9965
vn 0.3970 0.8508 -0.3442
vn 0.3931 0.8530 -0.3434
vn 0.0001 0.0769 -0.9970
vn 0.0018 0.0760 -0.9971
vn 0.4473 0.8229 -0.3504
vn 0.4428 0.8253 -0.3504
vn 0.0013 0.0705 -0.9975
vn -0.0009 0.0699 -0.9976
vn -0.0017 0.0649 -0.9979
vn 0.0002 0.0636 -0.9980
vn -0.0011 0.0577 -0.9983
vn 0.0076 0.0576 -0.9983
vn 0.1130 0.7972 -0.5930
vn 0.1129 0.7974 -0.5928
vn 0.1093 0.7890 -0.6045
vn 0.1092 0.7884 -0.6053
vn -0.0092 0.0297 -0.9995
vn -0.0121 0.0300 -0.9995
vn 0.1028 0.7606 -0.6410
vn 0.1025 0.7595 -0.6424
vn -0.0049 0.0544 -0.9985
vn 0.0051 0.0559 -0.9984
vn -0.0118 0.0311 -0.9994
vn 0.0972 0.7293 -0.6773
vn 0.0973 0.7295 -0.6771
vn -0.0090 0.0334 -0.9994
vn -0.0071 0.0363 -0.9993
vn -0.0034 0.0394 -0.9992
vn -0.0860 -0.3580 -0.9298
vn 0.0040 0.0481 -0.9988
vn 0.0054 0.0618 -0.9981
vn 0.1519 0.7960 -0.5859
vn 0.1520 0.7963 -0.5855
vn 0.0023 0.0683 -0.9977
vn 0.1857 0.8148 -0.5491
vn 0.1875 0.8151 -0.5482
vn 0.0279 0.0696 -0.9972
vn 0.2478 0.8153 -0.5233
vn 0.2484 0.8153 -0.5231
vn 0.0829 0.0781 -0.9935
vn 0.3061 0.8044 -0.5091
vn 0.3072 0.8041 -0.5089
vn 0.0207 0.0433 -0.9988
vn -0.0010 0.0408 -0.9992
vn 0.3580 0.7872 -0.5022
vn 0.3564 0.7879 -0.5022
vn 0.7324 0.3606 -0.5775
vn 0.7144 0.4008 -0.5735
vn 0.8039 0.1733 -0.5689
vn 0.8063 0.1667 -0.5676
vn 0.6710 0.6826 -0.2895
vn 0.6244 0.7243 -0.2923
vn 0.6273 0.7220 -0.2919
vn 0.6719 0.6817 -0.2896
vn 0.5501 0.7764 -0.3074
vn 0.4876 0.8077 -0.3314
vn 0.4811 0.8096 -0.3364
vn 0.5512 0.7757 -0.3072
vn -0.0236 0.0006 -0.9997
vn -0.0216 0.0009 -0.9998
vn -0.0248 0.0007 -0.9997
vn -0.0348 0.9301 -0.3657
vn -0.0334 0.9298 -0.3666
vn 0.0020 0.9265 -0.3762
vn 0.0033 0.9265 -0.3764
vn 0.0374 0.9254 -0.3770
vn 0.0400 0.9256 -0.3765
vn 0.0778 0.9235 -0.3756
vn 0.0793 0.9233 -0.3757
vn 0.1194 0.9169 -0.3809
vn 0.1226 0.9160 -0.3820
vn 0.1495 0.9112 -0.3838
vn 0.1553 0.9107 -0.3828
vn 0.1980 0.9008 -0.3865
vn 0.2076 0.8977 -0.3887
vn 0.2515 0.8808 -0.4012
vn 0.2590 0.8773 -0.4041
vn 0.2427 0.8715 -0.4261
vn 0.2358 0.8718 -0.4293
vn 0.0669 0.8874 -0.4561
vn 0.0620 0.8876 -0.4564
vn -0.0772 0.8850 -0.4592
vn -0.8681 0.0339 -0.4951
vn -0.8662 -0.0685 -0.4950
vn -0.8669 -0.0556 -0.4953
vn -0.8562 -0.1769 -0.4855
vn -0.8592 -0.1975 -0.4720
vn -0.8588 -0.1971 -0.4729
vn -0.8563 -0.1741 -0.4862
vn -0.8754 -0.1779 -0.4495
vn -0.8739 -0.1807 -0.4513
vn -0.8940 -0.1376 -0.4264
vn -0.9072 -0.0935 -0.4101
vn -0.9071 -0.0942 -0.4103
vn -0.8934 -0.1392 -0.4272
vn -0.9193 -0.0515 -0.3901
vn -0.9193 -0.0516 -0.3902
vn -0.0138 0.0038 -0.9999
vn -0.0330 0.0011 -0.9995
vn -0.0343 0.0011 -0.9994
vn -0.0356 0.0011 -0.9994
vn -0.0371 0.0012 -0.9993
vn -0.0389 0.0013 -0.9992
vn -0.0415 0.0014 -0.9991
vn -0.0448 0.0016 -0.9990
vn -0.0490 0.0018 -0.9988
vn -0.0875 -0.0011 -0.9962
vn -0.1332 0.1008 -0.9860
vn -0.2350 0.2104 -0.9489
vn -0.2024 0.2596 -0.9443
vn 0.3803 0.9229 -0.0606
vn 0.2874 0.9561 -0.0568
vn 0.0034 0.9989 -0.0475
vn -0.0982 0.9939 -0.0504
vn 0.4684 0.8814 -0.0616
vn 0.5526 0.8312 -0.0608
vn 0.6341 0.7709 -0.0598
vn -0.7359 0.1363 -0.6632
vn -0.7360 0.1360 -0.6632
vn 0.7080 0.7038 -0.0586
vn -0.7733 0.6339 -0.0137
vn 0.7734 0.6313 -0.0567
vn -0.7095 0.7045 -0.0162
vn 0.8312 0.5532 -0.0551
vn -0.6371 0.7706 -0.0204
vn 0.8807 0.4705 -0.0546
vn -0.5574 0.8298 -0.0256
vn 0.9221 0.3832 -0.0547
vn -0.4742 0.8799 -0.0309
vn 0.9545 0.2928 -0.0556
vn 0.9774 0.2034 -0.0582
vn 0.1010 0.9938 -0.0468
vn 0.9923 0.1076 -0.0619
vn -0.9951 0.0982 -0.0126
vn -0.7180 0.2069 -0.6646
vn -0.7178 0.2076 -0.6646
vn 0.1950 0.9795 -0.0510
vn -0.1994 0.9787 -0.0493
vn 0.0233 0.0186 -0.9996
vn 0.0045 0.0247 -0.9997
vn -0.0466 0.0296 -0.9985
vn -0.0486 0.0164 -0.9987
vn -0.0256 0.1025 -0.9944
vn -0.0059 0.1156 -0.9933
vn -0.0041 0.0224 -0.9997
vn 0.0354 0.0135 -0.9993
vn 0.0320 0.0075 -0.9995
vn -0.0067 0.0037 -1.0000
vn 0.2927 -0.2988 -0.9083
vn 0.3193 -0.2844 -0.9040
vn -0.1869 -0.4239 -0.8862
vn -0.2339 0.3439 -0.9094
vn 0.2392 0.0435 -0.9700
vn 0.3638 0.0414 -0.9305
vn 0.0062 0.0116 -0.9999
vn 0.0886 -0.0605 -0.9942
vn 0.2248 -0.9725 -0.0616
vn 0.0685 -0.2767 -0.9585
vn -0.2461 -0.3817 -0.8909
vn -0.2576 -0.4252 -0.8676
vn -0.0592 -0.3568 -0.9323
vn 0.2138 0.0403 -0.9760
vn 0.1940 0.0874 -0.9771
vn 0.0651 0.0057 -0.9979
vn 0.0352 0.0203 -0.9992
vn -0.1450 -0.4387 -0.8869
vn -0.1762 -0.4255 -0.8876
vn -0.0371 -0.1211 -0.9919
vn -0.1139 -0.1709 -0.9787
vn -0.0081 -0.2607 -0.9654
vn 0.0394 -0.4065 -0.9128
vn -0.1924 -0.3379 -0.9213
vn -0.1903 -0.3523 -0.9163
vn 0.0252 -0.0769 -0.9967
vn -0.1116 -0.2041 -0.9726
vn -0.2126 -0.2612 -0.9416
vn -0.0318 -0.3339 -0.9421
vn 0.0106 -0.3618 -0.9322
vn 0.0226 -0.3848 -0.9227
vn 0.8888 0.3158 -0.3320
vn 0.8895 0.3134 -0.3325
vn 0.8249 0.4695 -0.3149
vn 0.8143 0.4884 -0.3137
vn 0.0803 0.1126 -0.9904
vn 0.1254 0.1454 -0.9814
vn 0.0644 0.0231 -0.9977
vn 0.0561 0.0333 -0.9979
vn 0.1153 0.1754 -0.9777
vn 0.1939 0.2397 -0.9513
vn 0.0248 0.0707 -0.9972
vn 0.0459 0.1226 -0.9914
vn 0.3168 0.1824 -0.9308
vn 0.4051 0.1415 -0.9032
vn 0.3463 0.2880 -0.8928
vn 0.4905 0.3084 -0.8151
vn -0.0408 0.0342 -0.9986
vn -0.0703 0.0231 -0.9973
vn -0.0326 0.0653 -0.9973
vn -0.0570 0.0481 -0.9972
vn -0.0374 0.0389 -0.9985
vn -0.0297 0.0753 -0.9967
vn -0.0342 0.0433 -0.9985
vn -0.0268 0.0843 -0.9961
vn -0.0363 0.0447 -0.9983
vn -0.0317 0.0881 -0.9956
vn -0.0343 0.0433 -0.9985
vn -0.0326 0.0861 -0.9957
vn -0.0336 0.0437 -0.9985
vn -0.0304 0.0861 -0.9958
vn -0.0342 0.0428 -0.9985
vn -0.0345 0.0851 -0.9958
vn -0.0313 0.0445 -0.9985
vn -0.0294 0.0878 -0.9957
vn -0.0320 0.0475 -0.9984
vn -0.0319 0.0935 -0.9951
vn 0.0003 0.0548 -0.9985
vn 0.0184 0.1067 -0.9941
vn -0.0332 0.0474 -0.9983
vn -0.0254 0.0467 -0.9986
vn -0.0360 0.0917 -0.9951
vn -0.0239 0.0893 -0.9957
vn -0.0131 0.0520 -0.9986
vn -0.0101 0.0525 -0.9986
vn -0.0010 0.1014 -0.9948
vn 0.0031 0.1027 -0.9947
vn -0.0059 0.0541 -0.9985
vn 0.0097 0.1045 -0.9945
vn 0.9217 0.1690 -0.3490
vn 0.9226 0.1639 -0.3493
vn -0.0157 0.0508 -0.9986
vn -0.0058 0.0950 -0.9955
vn -0.1212 -0.0020 -0.9926
vn -0.1101 -0.0106 -0.9939
vn -0.1289 -0.0041 -0.9916
vn -0.1307 -0.0002 -0.9914
vn -0.1251 0.0089 -0.9921
vn -0.0792 0.0151 -0.9967
vn -0.1055 -0.0163 -0.9943
vn -0.0544 0.0114 -0.9985
vn -0.0675 0.0312 -0.9972
vn 0.2422 0.2695 -0.9321
vn 0.1787 0.1615 -0.9706
vn 0.0786 0.0296 -0.9965
vn 0.7232 0.6225 -0.2991
vn 0.7243 0.6211 -0.2994
vn -0.5177 -0.3342 -0.7876
vn -0.5692 -0.2826 -0.7721
vn -0.0237 0.0078 -0.9997
vn 0.8937 0.4482 -0.0208
vn 0.0597 0.0103 -0.9982
vn 0.0507 0.0149 -0.9986
vn 0.6570 0.7533 -0.0289
vn 0.8644 0.5020 -0.0279
vn 0.6098 -0.7907 -0.0549
vn 0.8534 -0.5211 -0.0126
vn 0.8659 -0.5002 -0.0068
vn 0.6384 -0.7692 -0.0289
vn 0.9781 -0.2072 -0.0176
vn 0.9808 -0.1948 -0.0091
vn 0.5431 0.8391 -0.0308
vn 0.9999 0.0100 -0.0123
vn 0.7871 0.6155 -0.0396
vn 0.6642 0.7467 -0.0363
vn 0.1749 0.0123 -0.9845
vn 0.1622 0.0222 -0.9865
vn 0.9764 0.2114 -0.0446
vn 0.1196 0.0145 -0.9927
vn 0.0888 0.0139 -0.9960
vn 0.0425 0.0148 -0.9990
vn 0.1420 0.0239 -0.9896
vn 0.9996 0.0148 -0.0242
vn 0.0040 0.0036 -1.0000
vn -0.0509 0.0319 -0.9982
vn 0.0419 0.0186 -0.9989
vn 0.0595 0.0265 -0.9979
vn 0.0488 0.0326 -0.9983
vn 0.0131 0.0124 -0.9998
vn 0.1800 0.0337 -0.9831
vn -0.9774 -0.2113 0.0000
vn -0.9961 -0.0888 0.0000
vn -0.9819 -0.0875 0.1679
vn -0.9635 -0.2084 0.1679
vn -0.7252 0.0000 0.6886
vn -0.7209 -0.0645 0.6900
vn -0.7209 -0.0651 0.6900
vn 0.7289 0.0000 0.6847
vn 0.7275 0.0656 0.6830
vn 0.7275 0.0662 0.6829
vn 0.9647 0.2084 0.1613
vn 0.9830 0.0870 0.1616
vn 0.9961 0.0881 -0.0000
vn 0.9775 0.2112 -0.0000
vn -0.9397 -0.3421 -0.0000
vn -0.9263 -0.3372 0.1680
vn -0.7053 -0.1516 0.6925
vn -0.7053 -0.1517 0.6925
vn 0.7167 0.1544 0.6801
vn 0.9274 0.3375 0.1612
vn 0.9397 0.3420 -0.0000
vn -0.8829 -0.4696 -0.0000
vn -0.8704 -0.4629 0.1679
vn -0.6770 -0.2464 0.6935
vn 0.6898 0.2511 0.6791
vn 0.8714 0.4633 0.1612
vn 0.8829 0.4695 -0.0000
vn -0.8090 -0.5878 0.0000
vn -0.7975 -0.5795 0.1679
vn -0.6361 -0.3382 0.6936
vn 0.6481 0.3446 0.6791
vn 0.7984 0.5801 0.1612
vn 0.8090 0.5878 0.0000
vn -0.7193 -0.6947 -0.0000
vn -0.7091 -0.6848 0.1679
vn -0.5828 -0.4234 0.6936
vn -0.5828 -0.4235 0.6936
vn 0.5939 0.4315 0.6791
vn 0.7099 0.6856 0.1612
vn 0.7193 0.6947 0.0000
vn -0.6157 -0.7880 -0.0000
vn -0.6069 -0.7768 0.1679
vn -0.5182 -0.5005 0.6935
vn -0.5182 -0.5004 0.6935
vn 0.5281 0.5099 0.6791
vn 0.6076 0.7777 0.1612
vn 0.6157 0.7880 0.0000
vn -0.5001 -0.8660 -0.0000
vn -0.4929 -0.8537 0.1679
vn -0.4435 -0.5677 0.6936
vn -0.4435 -0.5676 0.6936
vn 0.4519 0.5785 0.6791
vn 0.4935 0.8547 0.1612
vn 0.5000 0.8660 0.0000
vn -0.3747 -0.9271 0.0000
vn -0.3694 -0.9140 0.1679
vn -0.3602 -0.6239 0.6936
vn 0.3670 0.6357 0.6791
vn 0.3717 0.9142 0.1617
vn 0.3766 0.9264 0.0000
vn -0.2420 -0.9703 0.0000
vn -0.2385 -0.9565 0.1679
vn -0.2698 -0.6679 0.6936
vn -0.2699 -0.6679 0.6936
vn 0.2751 0.6804 0.6792
vn 0.2544 0.9528 0.1658
vn 0.2576 0.9662 0.0000
vn -0.1045 -0.9945 0.0000
vn -0.1030 -0.9804 0.1679
vn -0.1743 -0.6990 0.6936
vn -0.1742 -0.6990 0.6936
vn 0.1786 0.7104 0.6807
vn 0.1787 0.7104 0.6807
vn 0.1464 0.9728 0.1797
vn 0.1480 0.9890 0.0000
vn 0.0350 -0.9994 -0.0000
vn 0.0345 -0.9852 0.1679
vn -0.0753 -0.7165 0.6935
vn 0.0799 0.7235 0.6857
vn 0.0802 0.7235 0.6857
vn 0.0358 0.9778 0.2064
vn 0.0350 0.9994 -0.0000
vn 0.1755 -0.9845 -0.0000
vn 0.1731 -0.9706 0.1676
vn 0.0251 -0.7199 0.6936
vn 0.0250 -0.7199 0.6936
vn -0.0189 0.7196 0.6941
vn -0.0184 0.7197 0.6940
vn -0.1294 0.8676 0.4801
vn -0.1153 0.9933 -0.0000
vn 0.3195 -0.9476 -0.0000
vn 0.3154 -0.9345 0.1648
vn 0.1217 -0.7055 0.6982
vn 0.1222 -0.7054 0.6982
vn -0.1423 0.7024 0.6974
vn -0.3854 0.7762 0.4989
vn -0.3412 0.8877 0.3091
vn 0.4557 -0.8901 -0.0000
vn 0.4508 -0.8785 0.1581
vn 0.2326 -0.6769 0.6984
vn 0.2464 -0.6732 0.6972
vn -0.4155 0.6464 0.6399
vn -0.5562 0.7125 0.4278
vn -0.5328 0.7725 0.3453
vn 0.5690 -0.8224 -0.0000
vn 0.5650 -0.8112 0.1511
vn 0.3622 -0.6448 0.6731
vn 0.3762 -0.6423 0.6678
vn -0.5598 0.6184 0.5515
vn -0.5491 0.6888 0.4733
vn -0.5947 0.7193 0.3591
vn 0.6661 -0.7459 0.0000
vn 0.6629 -0.7336 0.1497
vn 0.4604 -0.5934 0.6602
vn 0.4622 -0.5913 0.6608
vn -0.4912 0.6451 0.5853
vn -0.5030 0.6769 0.5375
vn -0.5770 0.7307 0.3648
vn 0.7571 -0.6533 0.0000
vn 0.7522 -0.6408 0.1537
vn 0.4972 -0.4605 0.7354
vn 0.4974 -0.4703 0.7290
vn -0.4110 0.5970 0.6890
vn -0.4542 0.6758 0.5805
vn -0.5473 0.7494 0.3727
vn 0.8365 -0.5479 0.0000
vn 0.8280 -0.5371 0.1610
vn 0.4756 -0.3066 0.8245
vn 0.4790 -0.3196 0.8176
vn -0.3362 0.5631 0.7549
vn -0.4697 0.6244 0.6241
vn -0.5822 0.7138 0.3892
vn 0.9075 -0.4200 0.0000
vn 0.8929 -0.4179 0.1678
vn 0.4531 -0.2269 0.8621
vn 0.4549 -0.2330 0.8595
vn -0.3159 0.4948 0.8096
vn -0.7936 0.4909 0.3595
vn -0.7607 0.5333 0.3700
vn 0.9595 -0.2817 0.0000
vn 0.9438 -0.2825 0.1714
vn 0.4408 -0.2615 0.8587
vn 0.4413 -0.2580 0.8595
vn -0.3412 0.1795 0.9227
vn -0.3394 0.2352 0.9108
vn -0.9217 0.2393 0.3053
vn -0.9235 0.2333 0.3046
vn 0.9895 -0.1442 0.0000
vn 0.9744 -0.1426 0.1737
vn 0.4770 -0.2272 0.8491
vn 0.4783 -0.2245 0.8490
vn -0.2945 0.0179 0.9555
vn -0.2948 0.0178 0.9554
vn -0.9547 0.0882 0.2840
vn -0.9548 0.0879 0.2840
vn 1.0000 -0.0001 -0.0000
vn 0.9846 -0.0001 0.1747
vn 0.5235 -0.0905 0.8472
vn 0.5235 -0.0903 0.8472
vn -0.2372 0.0236 0.9712
vn -0.9612 -0.0000 0.2759
vn 0.9868 -0.0000 0.1617
vn 0.5287 -0.0000 0.8488
vn 0.5287 -0.0001 0.8488
vn -0.2241 0.0000 0.9746
vn -0.9858 -0.0000 0.1677
vn -0.9774 0.2114 -0.0000
vn -0.9635 0.2084 0.1679
vn -0.9819 0.0875 0.1679
vn -0.9961 0.0888 -0.0000
vn -0.7209 0.0651 0.6900
vn -0.7209 0.0645 0.6900
vn 0.7275 -0.0662 0.6829
vn 0.7275 -0.0656 0.6830
vn 0.9647 -0.2084 0.1613
vn 0.9775 -0.2112 0.0000
vn 0.9961 -0.0881 0.0000
vn 0.9830 -0.0869 0.1616
vn -0.9397 0.3421 0.0000
vn -0.9263 0.3372 0.1679
vn -0.7053 0.1517 0.6925
vn -0.7053 0.1516 0.6925
vn 0.7167 -0.1544 0.6801
vn 0.9274 -0.3375 0.1612
vn 0.9397 -0.3420 -0.0000
vn -0.8829 0.4695 -0.0000
vn -0.8704 0.4628 0.1679
vn -0.6770 0.2465 0.6935
vn -0.6770 0.2464 0.6935
vn 0.6898 -0.2511 0.6791
vn 0.8714 -0.4633 0.1612
vn 0.8829 -0.4695 0.0000
vn -0.8090 0.5878 -0.0000
vn -0.7975 0.5795 0.1679
vn -0.6361 0.3382 0.6936
vn 0.6481 -0.3446 0.6791
vn 0.7984 -0.5801 0.1612
vn 0.8090 -0.5878 0.0000
vn -0.7193 0.6947 0.0000
vn -0.7091 0.6848 0.1679
vn -0.5828 0.4234 0.6936
vn 0.5939 -0.4315 0.6791
vn 0.7099 -0.6856 0.1612
vn 0.7193 -0.6947 -0.0000
vn -0.6157 0.7880 0.0000
vn -0.6069 0.7768 0.1679
vn -0.5182 0.5005 0.6935
vn -0.5182 0.5004 0.6935
vn 0.5281 -0.5099 0.6791
vn 0.6076 -0.7777 0.1612
vn 0.6157 -0.7880 -0.0000
vn -0.5000 0.8660 0.0000
vn -0.4930 0.8537 0.1679
vn -0.4436 0.5677 0.6935
vn -0.4435 0.5677 0.6935
vn 0.4519 -0.5785 0.6791
vn 0.4935 -0.8547 0.1612
vn 0.5000 -0.8660 -0.0000
vn -0.3747 0.9272 -0.0000
vn -0.3694 0.9140 0.1679
vn -0.3603 0.6239 0.6936
vn -0.3602 0.6239 0.6936
vn 0.3670 -0.6357 0.6791
vn 0.3717 -0.9142 0.1617
vn 0.3766 -0.9264 -0.0000
vn -0.2420 0.9703 -0.0000
vn -0.2386 0.9565 0.1679
vn -0.2699 0.6679 0.6936
vn 0.2751 -0.6804 0.6792
vn 0.2543 -0.9528 0.1658
vn 0.2576 -0.9662 -0.0000
vn -0.1046 0.9945 -0.0000
vn -0.1031 0.9804 0.1679
vn -0.1743 0.6990 0.6936
vn 0.1787 -0.7104 0.6807
vn 0.1786 -0.7104 0.6807
vn 0.1464 -0.9728 0.1797
vn 0.1480 -0.9890 -0.0000
vn 0.0349 0.9994 0.0000
vn 0.0344 0.9852 0.1679
vn -0.0753 0.7164 0.6936
vn 0.0802 -0.7235 0.6857
vn 0.0799 -0.7235 0.6857
vn 0.0358 -0.9778 0.2064
vn 0.1754 0.9845 0.0000
vn 0.1730 0.9706 0.1676
vn 0.0251 0.7199 0.6936
vn -0.0184 -0.7197 0.6940
vn -0.0189 -0.7196 0.6941
vn -0.1294 -0.8676 0.4801
vn -0.1153 -0.9933 0.0000
vn 0.3194 0.9476 0.0000
vn 0.3154 0.9345 0.1648
vn 0.1222 0.7054 0.6982
vn 0.1217 0.7055 0.6982
vn -0.1423 -0.7024 0.6975
vn -0.3854 -0.7762 0.4989
vn -0.3412 -0.8877 0.3091
vn 0.4557 0.8902 0.0000
vn 0.4508 0.8785 0.1581
vn 0.2464 0.6732 0.6972
vn 0.2326 0.6769 0.6984
vn -0.4155 -0.6464 0.6399
vn -0.5562 -0.7125 0.4278
vn -0.5328 -0.7725 0.3454
vn 0.5689 0.8224 0.0000
vn 0.5649 0.8112 0.1511
vn 0.3762 0.6423 0.6678
vn 0.3622 0.6448 0.6731
vn -0.5598 -0.6184 0.5515
vn -0.5491 -0.6888 0.4733
vn -0.5947 -0.7193 0.3591
vn 0.6661 0.7459 -0.0000
vn 0.6629 0.7336 0.1497
vn 0.4622 0.5913 0.6608
vn 0.4604 0.5934 0.6602
vn -0.4912 -0.6451 0.5853
vn -0.5030 -0.6769 0.5375
vn -0.5770 -0.7307 0.3648
vn 0.7571 0.6533 -0.0000
vn 0.7522 0.6408 0.1537
vn 0.4974 0.4703 0.7290
vn 0.4972 0.4605 0.7354
vn -0.4110 -0.5970 0.6890
vn -0.4542 -0.6758 0.5805
vn -0.5473 -0.7494 0.3727
vn 0.8365 0.5479 -0.0000
vn 0.8280 0.5372 0.1610
vn 0.4790 0.3195 0.8176
vn 0.4756 0.3066 0.8245
vn -0.3362 -0.5632 0.7549
vn -0.4697 -0.6244 0.6241
vn -0.5822 -0.7138 0.3892
vn 0.9075 0.4201 0.0000
vn 0.8929 0.4179 0.1678
vn 0.4549 0.2330 0.8595
vn 0.4531 0.2269 0.8621
vn -0.3159 -0.4948 0.8096
vn -0.7936 -0.4909 0.3595
vn -0.7607 -0.5333 0.3700
vn 0.9595 0.2817 -0.0000
vn 0.9439 0.2824 0.1714
vn 0.4413 0.2580 0.8595
vn 0.4408 0.2615 0.8587
vn -0.3394 -0.2352 0.9108
vn -0.3412 -0.1795 0.9227
vn -0.9217 -0.2393 0.3053
vn -0.9235 -0.2333 0.3046
vn 0.9896 0.1441 -0.0000
vn 0.9745 0.1424 0.1737
vn 0.4783 0.2245 0.8490
vn 0.4769 0.2271 0.8491
vn -0.2948 -0.0178 0.9554
vn -0.2945 -0.0179 0.9555
vn -0.9547 -0.0882 0.2840
vn -0.9548 -0.0879 0.2840
vn 0.5235 0.0902 0.8473
vn 0.5234 0.0905 0.8472
vn -0.2372 -0.0236 0.9712
vn -0.9635 -0.2084 -0.1679
vn -0.9819 -0.0875 -0.1679
vn -0.7252 -0.0000 -0.6886
vn -0.7209 -0.0651 -0.6900
vn -0.7209 -0.0645 -0.6900
vn 0.7289 0.0000 -0.6847
vn 0.7275 0.0662 -0.6829
vn 0.7275 0.0656 -0.6830
vn 0.9647 0.2084 -0.1613
vn 0.9830 0.0870 -0.1616
vn -0.9263 -0.3372 -0.1680
vn -0.7053 -0.1517 -0.6925
vn -0.7053 -0.1516 -0.6925
vn 0.7167 0.1544 -0.6801
vn 0.9274 0.3375 -0.1612
vn -0.8704 -0.4628 -0.1679
vn -0.6770 -0.2464 -0.6935
vn 0.6898 0.2511 -0.6791
vn 0.8714 0.4633 -0.1612
vn -0.7975 -0.5794 -0.1679
vn -0.6361 -0.3382 -0.6936
vn 0.6481 0.3446 -0.6791
vn 0.7984 0.5801 -0.1612
vn -0.7091 -0.6848 -0.1679
vn -0.5828 -0.4235 -0.6936
vn -0.5828 -0.4234 -0.6936
vn 0.5939 0.4315 -0.6791
vn 0.7099 0.6856 -0.1612
vn -0.6069 -0.7768 -0.1679
vn -0.5182 -0.5005 -0.6935
vn -0.5182 -0.5004 -0.6935
vn 0.5280 0.5099 -0.6791
vn 0.6076 0.7777 -0.1612
vn -0.4930 -0.8537 -0.1679
vn -0.4436 -0.5677 -0.6935
vn -0.4435 -0.5677 -0.6935
vn 0.4519 0.5785 -0.6791
vn 0.4935 0.8547 -0.1612
vn -0.3694 -0.9140 -0.1679
vn -0.3603 -0.6239 -0.6936
vn -0.3602 -0.6239 -0.6936
vn 0.3670 0.6357 -0.6791
vn 0.3717 0.9142 -0.1617
vn -0.2385 -0.9565 -0.1679
vn -0.2699 -0.6679 -0.6936
vn 0.2751 0.6804 -0.6792
vn 0.2543 0.9528 -0.1658
vn -0.1030 -0.9804 -0.1679
vn -0.1743 -0.6990 -0.6936
vn 0.1787 0.7104 -0.6807
vn 0.1786 0.7104 -0.6807
vn 0.1464 0.9728 -0.1797
vn 0.0345 -0.9852 -0.1679
vn -0.0753 -0.7164 -0.6936
vn 0.0802 0.7235 -0.6857
vn 0.0799 0.7235 -0.6857
vn 0.0358 0.9778 -0.2064
vn 0.1731 -0.9705 -0.1676
vn 0.0251 -0.7199 -0.6936
vn -0.0184 0.7197 -0.6940
vn -0.0189 0.7196 -0.6941
vn -0.1294 0.8676 -0.4801
vn 0.3154 -0.9345 -0.1648
vn 0.1222 -0.7054 -0.6982
vn 0.1217 -0.7055 -0.6982
vn -0.1423 0.7024 -0.6975
vn -0.3854 0.7762 -0.4989
vn -0.3412 0.8877 -0.3091
vn 0.4508 -0.8785 -0.1581
vn 0.2464 -0.6732 -0.6972
vn 0.2326 -0.6769 -0.6984
vn -0.4156 0.6464 -0.6399
vn -0.5562 0.7125 -0.4278
vn -0.5328 0.7725 -0.3454
vn 0.5650 -0.8112 -0.1511
vn 0.3762 -0.6423 -0.6678
vn 0.3622 -0.6448 -0.6731
vn -0.5598 0.6184 -0.5515
vn -0.5491 0.6888 -0.4733
vn -0.5947 0.7193 -0.3591
vn 0.6629 -0.7336 -0.1497
vn 0.4622 -0.5913 -0.6608
vn 0.4604 -0.5934 -0.6602
vn -0.4912 0.6451 -0.5853
vn -0.5030 0.6769 -0.5375
vn -0.5770 0.7307 -0.3648
vn 0.7522 -0.6408 -0.1537
vn 0.4974 -0.4703 -0.7290
vn 0.4972 -0.4605 -0.7354
vn -0.4110 0.5970 -0.6890
vn -0.4542 0.6758 -0.5805
vn -0.5473 0.7494 -0.3727
vn 0.8280 -0.5372 -0.1610
vn 0.4790 -0.3196 -0.8176
vn 0.4756 -0.3066 -0.8245
vn -0.3362 0.5631 -0.7549
vn -0.4697 0.6244 -0.6241
vn -0.5822 0.7138 -0.3892
vn 0.8929 -0.4179 -0.1678
vn 0.4549 -0.2331 -0.8595
vn 0.4531 -0.2269 -0.8621
vn -0.3159 0.4948 -0.8096
vn -0.7936 0.4909 -0.3595
vn -0.7607 0.5333 -0.3700
vn 0.9439 -0.2825 -0.1713
vn 0.4413 -0.2580 -0.8595
vn 0.4408 -0.2615 -0.8587
vn -0.3394 0.2352 -0.9108
vn -0.3412 0.1795 -0.9227
vn -0.9217 0.2393 -0.3053
vn -0.9235 0.2333 -0.3046
vn 0.9744 -0.1425 -0.1737
vn 0.4783 -0.2245 -0.8490
vn 0.4769 -0.2271 -0.8491
vn -0.2948 0.0178 -0.9554
vn -0.2945 0.0179 -0.9555
vn -0.9547 0.0882 -0.2840
vn -0.9548 0.0879 -0.2840
vn 0.9846 -0.0001 -0.1747
vn 0.5235 -0.0902 -0.8472
vn 0.5235 -0.0906 -0.8472
vn -0.2372 0.0236 -0.9712
vn -0.9612 -0.0000 -0.2759
vn 0.9868 0.0000 -0.1617
vn 0.5287 -0.0000 -0.8488
vn -0.2241 -0.0000 -0.9746
vn -0.9858 0.0000 -0.1677
vn -0.9819 0.0876 -0.1679
vn -0.9635 0.2084 -0.1679
vn -0.7209 0.0645 -0.6900
vn -0.7209 0.0651 -0.6900
vn 0.7275 -0.0656 -0.6830
vn 0.7275 -0.0662 -0.6830
vn 0.9647 -0.2084 -0.1613
vn 0.9830 -0.0870 -0.1616
vn -0.9263 0.3373 -0.1679
vn -0.7053 0.1516 -0.6925
vn -0.7053 0.1517 -0.6925
vn 0.7167 -0.1544 -0.6801
vn 0.9274 -0.3375 -0.1612
vn -0.8704 0.4628 -0.1679
vn -0.6770 0.2464 -0.6935
vn 0.6898 -0.2511 -0.6791
vn 0.8714 -0.4633 -0.1612
vn -0.7975 0.5795 -0.1679
vn -0.6361 0.3382 -0.6936
vn 0.6481 -0.3446 -0.6791
vn 0.7984 -0.5801 -0.1612
vn -0.7091 0.6848 -0.1679
vn -0.5828 0.4234 -0.6936
vn 0.5939 -0.4315 -0.6791
vn 0.7099 -0.6856 -0.1612
vn -0.6069 0.7768 -0.1679
vn -0.5182 0.5005 -0.6935
vn -0.5182 0.5004 -0.6935
vn 0.5281 -0.5099 -0.6791
vn 0.6076 -0.7777 -0.1612
vn -0.4929 0.8537 -0.1679
vn -0.4435 0.5677 -0.6936
vn -0.4435 0.5676 -0.6936
vn 0.4519 -0.5785 -0.6791
vn 0.4935 -0.8547 -0.1612
vn -0.3693 0.9140 -0.1679
vn -0.3602 0.6239 -0.6936
vn 0.3670 -0.6357 -0.6791
vn 0.3717 -0.9142 -0.1617
vn -0.2385 0.9565 -0.1679
vn -0.2698 0.6679 -0.6936
vn -0.2699 0.6679 -0.6936
vn 0.2751 -0.6804 -0.6792
vn 0.2544 -0.9528 -0.1658
vn -0.1031 0.9804 -0.1679
vn -0.1743 0.6990 -0.6936
vn -0.1742 0.6990 -0.6936
vn 0.1786 -0.7104 -0.6807
vn 0.1787 -0.7104 -0.6807
vn 0.1464 -0.9728 -0.1797
vn 0.0344 0.9852 -0.1679
vn -0.0753 0.7165 -0.6935
vn 0.0799 -0.7235 -0.6857
vn 0.0802 -0.7235 -0.6857
vn 0.0358 -0.9778 -0.2064
vn 0.1730 0.9706 -0.1676
vn 0.0251 0.7199 -0.6936
vn 0.0250 0.7199 -0.6936
vn -0.0189 -0.7196 -0.6941
vn -0.0184 -0.7197 -0.6940
vn -0.1294 -0.8676 -0.4801
vn 0.3154 0.9345 -0.1648
vn 0.1217 0.7055 -0.6982
vn 0.1222 0.7054 -0.6982
vn -0.1423 -0.7024 -0.6974
vn -0.3854 -0.7762 -0.4989
vn -0.3412 -0.8877 -0.3091
vn 0.4508 0.8785 -0.1581
vn 0.2326 0.6769 -0.6984
vn 0.2464 0.6732 -0.6972
vn -0.4156 -0.6464 -0.6399
vn -0.5562 -0.7125 -0.4278
vn -0.5328 -0.7725 -0.3453
vn 0.5649 0.8112 -0.1511
vn 0.3622 0.6448 -0.6731
vn 0.3762 0.6423 -0.6678
vn -0.5598 -0.6184 -0.5515
vn -0.5491 -0.6888 -0.4733
vn -0.5947 -0.7193 -0.3591
vn 0.6629 0.7336 -0.1497
vn 0.4604 0.5934 -0.6602
vn 0.4622 0.5913 -0.6608
vn -0.4912 -0.6451 -0.5853
vn -0.5030 -0.6769 -0.5375
vn -0.5770 -0.7307 -0.3648
vn 0.7522 0.6407 -0.1537
vn 0.4972 0.4605 -0.7354
vn 0.4974 0.4703 -0.7290
vn -0.4110 -0.5970 -0.6890
vn -0.4542 -0.6758 -0.5805
vn -0.5473 -0.7494 -0.3727
vn 0.8280 0.5372 -0.1610
vn 0.4756 0.3066 -0.8245
vn 0.4790 0.3196 -0.8176
vn -0.3362 -0.5632 -0.7549
vn -0.4697 -0.6245 -0.6241
vn -0.5822 -0.7138 -0.3892
vn 0.8928 0.4179 -0.1678
vn 0.4531 0.2269 -0.8621
vn 0.4549 0.2331 -0.8595
vn -0.3159 -0.4948 -0.8096
vn -0.7936 -0.4909 -0.3595
vn -0.7607 -0.5333 -0.3700
vn 0.9438 0.2825 -0.1714
vn 0.4408 0.2615 -0.8587
vn 0.4413 0.2580 -0.8595
vn -0.3412 -0.1795 -0.9227
vn -0.3394 -0.2352 -0.9108
vn -0.9217 -0.2393 -0.3053
vn -0.9235 -0.2333 -0.3046
vn 0.9744 0.1425 -0.1737
vn 0.4770 0.2272 -0.8491
vn 0.4783 0.2245 -0.8490
vn -0.2945 -0.0179 -0.9555
vn -0.2948 -0.0178 -0.9554
vn -0.9547 -0.0882 -0.2840
vn -0.9548 -0.0879 -0.2840
vn 0.5235 0.0905 -0.8472
vn 0.5235 0.0903 -0.8472
vn -0.2372 -0.0236 -0.9712
vn 0.0000 0.9795 0.2016
vn 0.0000 1.0000 0.0000
vn 0.4058 -0.0000 0.9140
vn 0.4061 0.1726 0.8974
vn 0.1879 0.1856 0.9645
vn 0.1877 0.0000 0.9822
vn 0.4072 0.3396 0.8478
vn 0.1886 0.3604 0.9136
vn 0.4088 0.4953 0.7665
vn 0.1895 0.5181 0.8341
vn 0.4107 0.6338 0.6554
vn 0.1906 0.6623 0.7246
vn 0.4127 0.7494 0.5178
vn 0.1919 0.7978 0.5716
vn 0.4143 0.8366 0.3583
vn 0.1931 0.9006 0.3894
vn 0.4155 0.8910 0.1833
vn 0.1938 0.9609 0.1976
vn 0.4159 0.9094 0.0000
vn 0.1941 0.9810 0.0000
vn -0.4604 0.4817 0.7456
vn -0.4587 0.3304 0.8249
vn -0.2662 0.3537 0.8967
vn -0.2675 0.5191 0.8117
vn -0.4681 0.8837 0.0000
vn -0.4677 0.8658 0.1781
vn -0.2733 0.9416 0.1969
vn -0.2737 0.9618 -0.0000
vn -0.4625 0.6163 0.6374
vn -0.2692 0.6660 0.6957
vn -0.4646 0.7285 0.5034
vn -0.2708 0.7877 0.5534
vn -0.4575 0.1679 0.8732
vn -0.4571 0.0000 0.8894
vn -0.2650 0.0000 0.9643
vn -0.2653 0.1796 0.9473
vn -0.4665 0.8131 0.3483
vn -0.2723 0.8814 0.3859
vn 0.0000 0.8226 0.5687
vn 0.0000 0.9191 0.3939
vn 0.0000 0.1888 0.9820
vn 0.0000 0.3716 0.9284
vn 0.0000 0.5425 0.8401
vn 0.0000 0.6949 0.7191
vn -0.6513 0.7431 0.1534
vn -0.6499 0.6983 0.3002
vn -0.6406 0.2847 0.7132
vn -0.6392 0.1448 0.7553
vn -0.6477 0.6261 0.4342
vn -0.6387 0.0000 0.7694
vn -0.6452 0.5302 0.5502
vn -0.6427 0.4148 0.6442
vn -0.6518 0.7584 0.0000
vn 0.6117 -0.0000 0.7911
vn 0.6122 0.1489 0.7766
vn 0.6136 0.2928 0.7334
vn 0.6157 0.4266 0.6625
vn 0.6182 0.5455 0.5660
vn 0.6208 0.6443 0.4467
vn 0.6230 0.7187 0.3089
vn 0.6245 0.7649 0.1579
vn 0.6250 0.7806 -0.0000
vn 0.0000 0.9795 -0.2016
vn 0.4058 -0.0000 -0.9140
vn 0.1877 -0.0000 -0.9822
vn 0.1879 0.1856 -0.9645
vn 0.4061 0.1726 -0.8974
vn 0.1886 0.3604 -0.9136
vn 0.4072 0.3396 -0.8478
vn 0.1895 0.5181 -0.8341
vn 0.4088 0.4953 -0.7665
vn 0.1906 0.6623 -0.7246
vn 0.4107 0.6338 -0.6554
vn 0.1919 0.7978 -0.5716
vn 0.4127 0.7494 -0.5178
vn 0.1931 0.9006 -0.3894
vn 0.4143 0.8366 -0.3583
vn 0.1938 0.9609 -0.1976
vn 0.4155 0.8910 -0.1833
vn -0.4604 0.4817 -0.7456
vn -0.2675 0.5191 -0.8117
vn -0.2662 0.3537 -0.8967
vn -0.4587 0.3304 -0.8249
vn -0.2733 0.9416 -0.1969
vn -0.4677 0.8658 -0.1781
vn -0.4625 0.6163 -0.6374
vn -0.2692 0.6660 -0.6957
vn -0.4646 0.7285 -0.5034
vn -0.2708 0.7877 -0.5534
vn -0.4575 0.1679 -0.8732
vn -0.2653 0.1796 -0.9473
vn -0.2650 -0.0000 -0.9643
vn -0.4571 -0.0000 -0.8894
vn -0.4665 0.8131 -0.3483
vn -0.2723 0.8814 -0.3859
vn 0.0000 0.8226 -0.5687
vn 0.0000 0.9191 -0.3939
vn 0.0000 0.1888 -0.9820
vn 0.0000 0.3716 -0.9284
vn 0.0000 0.5425 -0.8401
vn 0.0000 0.6949 -0.7191
vn -0.6513 0.7432 -0.1534
vn -0.6499 0.6982 -0.3002
vn -0.6406 0.2847 -0.7132
vn -0.6392 0.1448 -0.7553
vn -0.6477 0.6261 -0.4341
vn -0.6387 -0.0000 -0.7694
vn -0.6452 0.5302 -0.5502
vn -0.6427 0.4148 -0.6442
vn 0.6117 0.0000 -0.7911
vn 0.6122 0.1489 -0.7766
vn 0.6136 0.2928 -0.7334
vn 0.6157 0.4266 -0.6625
vn 0.6182 0.5455 -0.5660
vn 0.6208 0.6443 -0.4467
vn 0.6230 0.7187 -0.3089
vn 0.6245 0.7649 -0.1579
vn 0.0000 -0.9795 0.2016
vn 0.0000 -1.0000 0.0000
vn 0.1879 -0.1856 0.9645
vn 0.4061 -0.1726 0.8974
vn 0.1886 -0.3604 0.9136
vn 0.4072 -0.3396 0.8478
vn 0.1895 -0.5181 0.8341
vn 0.4088 -0.4953 0.7665
vn 0.1906 -0.6623 0.7246
vn 0.4107 -0.6338 0.6554
vn 0.1919 -0.7978 0.5716
vn 0.4127 -0.7494 0.5178
vn 0.1931 -0.9006 0.3894
vn 0.4143 -0.8366 0.3583
vn 0.1938 -0.9609 0.1976
vn 0.4155 -0.8910 0.1833
vn 0.1941 -0.9810 0.0000
vn 0.4159 -0.9094 -0.0000
vn -0.4604 -0.4817 0.7456
vn -0.2675 -0.5191 0.8117
vn -0.2662 -0.3537 0.8967
vn -0.4587 -0.3304 0.8249
vn -0.4681 -0.8837 0.0000
vn -0.2737 -0.9618 -0.0000
vn -0.2733 -0.9416 0.1969
vn -0.4677 -0.8658 0.1781
vn -0.4625 -0.6163 0.6374
vn -0.2692 -0.6660 0.6957
vn -0.4646 -0.7285 0.5034
vn -0.2708 -0.7877 0.5534
vn -0.4575 -0.1679 0.8732
vn -0.2653 -0.1796 0.9473
vn -0.4665 -0.8131 0.3483
vn -0.2723 -0.8814 0.3860
vn 0.0000 -0.8226 0.5687
vn 0.0000 -0.9191 0.3939
vn 0.0000 -0.1888 0.9820
vn 0.0000 -0.3716 0.9284
vn 0.0000 -0.5425 0.8401
vn 0.0000 -0.6949 0.7191
vn -0.6513 -0.7431 0.1534
vn -0.6499 -0.6983 0.3002
vn -0.6406 -0.2847 0.7132
vn -0.6392 -0.1448 0.7553
vn -0.6477 -0.6261 0.4342
vn -0.6452 -0.5301 0.5502
vn -0.6427 -0.4148 0.6442
vn -0.6518 -0.7584 0.0000
vn 0.6122 -0.1489 0.7766
vn 0.6136 -0.2928 0.7334
vn 0.6157 -0.4266 0.6625
vn 0.6182 -0.5455 0.5660
vn 0.6208 -0.6443 0.4467
vn 0.6230 -0.7187 0.3089
vn 0.6245 -0.7649 0.1579
vn 0.6250 -0.7806 -0.0000
vn 0.0000 -0.9795 -0.2016
vn 0.4061 -0.1726 -0.8974
vn 0.1879 -0.1856 -0.9645
vn 0.4072 -0.3396 -0.8478
vn 0.1886 -0.3604 -0.9136
vn 0.4088 -0.4953 -0.7665
vn 0.1895 -0.5181 -0.8341
vn 0.4107 -0.6338 -0.6554
vn 0.1906 -0.6623 -0.7246
vn 0.4127 -0.7494 -0.5178
vn 0.1919 -0.7978 -0.5716
vn 0.4143 -0.8366 -0.3583
vn 0.1931 -0.9006 -0.3894
vn 0.4155 -0.8910 -0.1833
vn 0.1938 -0.9609 -0.1976
vn -0.4604 -0.4817 -0.7456
vn -0.4587 -0.3304 -0.8249
vn -0.2662 -0.3537 -0.8967
vn -0.2675 -0.5191 -0.8117
vn -0.4677 -0.8658 -0.1781
vn -0.2733 -0.9416 -0.1969
vn -0.4625 -0.6163 -0.6374
vn -0.2692 -0.6660 -0.6957
vn -0.4646 -0.7285 -0.5034
vn -0.2708 -0.7877 -0.5534
vn -0.4575 -0.1679 -0.8732
vn -0.2653 -0.1796 -0.9473
vn -0.4665 -0.8131 -0.3483
vn -0.2723 -0.8814 -0.3859
vn 0.0000 -0.8226 -0.5687
vn 0.0000 -0.9191 -0.3939
vn 0.0000 -0.1888 -0.9820
vn 0.0000 -0.3716 -0.9284
vn 0.0000 -0.5425 -0.8401
vn 0.0000 -0.6949 -0.7191
vn -0.6513 -0.7432 -0.1534
vn -0.6499 -0.6983 -0.3002
vn -0.6406 -0.2847 -0.7132
vn -0.6392 -0.1448 -0.7553
vn -0.6477 -0.6261 -0.4341
vn -0.6451 -0.5302 -0.5502
vn -0.6427 -0.4148 -0.6442
vn 0.6122 -0.1489 -0.7766
vn 0.6136 -0.2928 -0.7334
vn 0.6157 -0.4266 -0.6625
vn 0.6182 -0.5455 -0.5660
vn 0.6208 -0.6443 -0.4467
vn 0.6230 -0.7187 -0.3089
vn 0.6245 -0.7649 -0.1579
usemtl None
s 1
f 57/1/1 44/2/1 43/3/1 56/4/1
f 56/4/1 43/3/1 42/5/1 55/6/1
f 31/7/1 4/8/1 44/2/1 57/1/1
f 42/5/1 14/9/1 9/10/1 55/6/1
f 64/11/1 61/12/1 60/13/1 63/14/1
f 63/14/1 60/13/1 59/15/1 62/16/1
f 11/17/1 10/18/1 61/12/1 64/11/1
f 59/15/1 1/19/1 8/20/1 62/16/1
f 70/21/1 67/22/1 66/23/1 69/24/1
f 69/24/1 66/23/1 65/25/1 68/26/1
f 13/27/1 12/28/1 67/22/1 70/21/1
f 65/25/1 3/29/1 7/30/1 68/26/1
f 53/31/1 41/32/1 40/33/1 52/34/1
f 52/34/1 40/33/1 39/35/1 51/36/1
f 7/30/1 3/29/1 41/32/1 53/31/1
f 39/35/1 10/18/1 11/17/1 51/36/1
f 71/37/1 35/38/1 58/39/1 54/40/1
f 35/38/1 12/28/1 13/27/1 58/39/1
f 9/10/1 14/9/1 71/37/1 54/40/1
f 97/41/1 96/42/1 83/43/1 84/44/1
f 24/45/1 29/46/1 82/47/1 95/48/1
f 96/42/1 95/48/1 82/47/1 83/43/1
f 84/44/1 19/49/1 31/7/1 97/41/1
f 37/50/1 77/51/1 78/52/1 38/53/1
f 36/54/1 5/55/1 20/56/1 76/57/1
f 36/54/1 76/57/1 77/51/1 37/50/1
f 78/52/1 30/58/1 15/59/1 38/53/1
f 90/60/1 50/61/1 49/62/1 89/63/1
f 89/63/1 49/62/1 48/64/1 88/65/1
f 6/66/1 50/61/1 90/60/1 21/67/1
f 31/7/1 19/49/1 88/65/1
f 87/68/1 47/69/1 46/70/1 86/71/1
f 86/71/1 46/70/1 45/72/1 85/73/1
f 2/74/1 47/69/1 87/68/1 17/75/1
f 6/66/1 21/67/1 85/73/1 45/72/1
f 104/76/1 103/77/1 100/78/1 101/79/1
f 23/80/1 16/81/1 99/82/1 102/83/1
f 103/77/1 102/83/1 99/82/1 100/78/1
f 101/79/1 25/84/1 26/85/1 104/76/1
f 110/86/1 109/87/1 106/88/1 107/89/1
f 22/90/1 18/91/1 105/92/1 108/93/1
f 109/87/1 108/93/1 105/92/1 106/88/1
f 107/89/1 27/94/1 28/95/1 110/86/1
f 13/27/1 121/96/1 122/97/1 58/39/1
f 93/98/1 92/99/1 80/100/1 81/101/1
f 26/85/1 25/84/1 79/102/1 91/103/1
f 92/99/1 91/103/1 79/102/1 80/100/1
f 81/101/1 18/91/1 22/90/1 93/98/1
f 94/104/1 98/105/1 75/106/1 111/107/1
f 28/95/1 27/94/1 75/106/1 98/105/1
f 111/107/1 29/46/1 24/45/1 94/104/1
f 74/108/1 34/109/1 33/110/1 73/111/1
f 73/111/1 33/110/1 32/112/1 72/113/1
f 5/55/1 34/109/1 74/108/1 20/56/1
f 2/74/1 17/75/1 72/113/1 32/112/1
f 4/8/1 31/7/1 88/65/1 48/64/1
f 70/21/1 127/114/1 121/96/1 13/27/1
f 109/87/1 110/86/1 137/115/1 133/116/1
f 108/93/1 109/87/1 133/116/1 130/117/1
f 22/90/1 108/93/1 130/117/1 134/118/1
f 93/98/1 22/90/1 134/118/1 131/119/1
f 92/99/1 93/98/1 131/119/1 136/120/1
f 91/103/1 92/99/1 136/120/1 129/121/1
f 54/40/1 58/39/1 122/97/1 132/122/1 98/105/1 94/104/1
f 9/10/1 54/40/1 94/104/1 24/45/1
f 55/6/1 9/10/1 24/45/1 95/48/1
f 56/4/1 55/6/1 95/48/1 96/42/1
f 57/1/1 56/4/1 96/42/1 97/41/1
f 31/7/1 57/1/1 97/41/1
f 15/59/1 30/58/1 117/123/1 114/124/1
f 114/124/1 117/123/1 118/125/1 115/126/1
f 115/126/1 118/125/1 119/127/1 116/128/1
f 113/129/1 116/128/1 119/127/1
f 123/130/1 125/131/1 69/24/1 68/26/1
f 120/132/1 124/133/1 52/34/1 51/36/1
f 128/134/1 123/130/1 68/26/1 7/30/1
f 11/17/1 120/132/1 51/36/1
f 125/131/1 127/114/1 70/21/1 69/24/1
f 126/135/1 128/134/1 7/30/1 53/31/1
f 124/133/1 126/135/1 53/31/1 52/34/1
f 129/121/1 26/85/1 91/103/1
f 132/122/1 135/136/1 28/95/1 98/105/1
f 135/136/1 137/115/1 110/86/1 28/95/1
f 194/137/2 193/138/2 180/139/2 181/140/2
f 193/138/2 192/141/2 179/142/2 180/139/2
f 168/143/2 194/137/2 181/140/2 141/144/2
f 179/142/2 192/141/2 146/145/2 151/146/2
f 201/147/2 200/148/2 197/149/2 198/150/2
f 200/148/2 199/151/2 196/152/2 197/149/2
f 148/153/2 201/147/2 198/150/2 147/154/2
f 196/152/2 199/151/2 145/155/2 138/156/2
f 207/157/2 206/158/2 203/159/2 204/160/2
f 206/158/2 205/161/2 202/162/2 203/159/2
f 150/163/2 207/157/2 204/160/2 149/164/2
f 202/162/2 205/161/2 144/165/2 140/166/2
f 190/167/2 189/168/2 177/169/2 178/170/2
f 189/168/2 188/171/2 176/172/2 177/169/2
f 144/165/2 190/167/2 178/170/2 140/166/2
f 176/172/2 188/171/2 148/153/2 147/154/2
f 208/173/2 191/174/2 195/175/2 172/176/2
f 172/176/2 195/175/2 150/163/2 149/164/2
f 146/145/2 191/174/2 208/173/2 151/146/2
f 234/177/2 221/178/2 220/179/2 233/180/2
f 161/181/2 232/182/2 219/183/2 166/184/2
f 233/180/2 220/179/2 219/183/2 232/182/2
f 221/178/2 234/177/2 168/143/2 156/185/2
f 174/186/2 175/187/2 215/188/2 214/189/2
f 173/190/2 213/191/2 157/192/2 142/193/2
f 173/190/2 174/186/2 214/189/2 213/191/2
f 215/188/2 175/187/2 152/194/2 167/195/2
f 227/196/2 226/197/2 186/198/2 187/199/2
f 226/197/2 225/200/2 185/201/2 186/198/2
f 143/202/2 158/203/2 227/196/2 187/199/2
f 168/143/2 225/200/2 156/185/2
f 224/204/2 223/205/2 183/206/2 184/207/2
f 223/205/2 222/208/2 182/209/2 183/206/2
f 139/210/2 154/211/2 224/204/2 184/207/2
f 143/202/2 182/209/2 222/208/2 158/203/2
f 241/212/2 238/213/2 237/214/2 240/215/2
f 160/216/2 239/217/2 236/218/2 153/219/2
f 240/215/2 237/214/2 236/218/2 239/217/2
f 238/213/2 241/212/2 163/220/2 162/221/2
f 247/222/2 244/223/2 243/224/2 246/225/2
f 159/226/2 245/227/2 242/228/2 155/229/2
f 246/225/2 243/224/2 242/228/2 245/227/2
f 244/223/2 247/222/2 165/230/2 164/231/2
f 150/163/2 195/175/2 259/232/2 258/233/2
f 230/234/2 218/235/2 217/236/2 229/237/2
f 163/220/2 228/238/2 216/239/2 162/221/2
f 229/237/2 217/236/2 216/239/2 228/238/2
f 218/235/2 230/234/2 159/226/2 155/229/2
f 231/240/2 248/241/2 212/242/2 235/243/2
f 165/230/2 235/243/2 212/242/2 164/231/2
f 248/241/2 231/240/2 161/181/2 166/184/2
f 211/244/2 210/245/2 170/246/2 171/247/2
f 210/245/2 209/248/2 169/249/2 170/246/2
f 142/193/2 157/192/2 211/244/2 171/247/2
f 139/210/2 169/249/2 209/248/2 154/211/2
f 141/144/2 185/201/2 225/200/2 168/143/2
f 207/157/2 150/163/2 258/233/2 264/250/2
f 246/225/2 270/251/2 274/252/2 247/222/2
f 245/227/2 267/253/2 270/251/2 246/225/2
f 159/226/2 271/254/2 267/253/2 245/227/2
f 230/234/2 268/255/2 271/254/2 159/226/2
f 229/237/2 273/256/2 268/255/2 230/234/2
f 228/238/2 266/257/2 273/256/2 229/237/2
f 191/174/2 231/240/2 235/243/2 269/258/2 259/232/2 195/175/2
f 146/145/2 161/181/2 231/240/2 191/174/2
f 192/141/2 232/182/2 161/181/2 146/145/2
f 193/138/2 233/180/2 232/182/2 192/141/2
f 194/137/2 234/177/2 233/180/2 193/138/2
f 168/143/2 234/177/2 194/137/2
f 152/194/2 251/259/2 254/260/2 167/195/2
f 251/259/2 252/261/2 255/262/2 254/260/2
f 252/261/2 253/263/2 256/264/2 255/262/2
f 250/265/2 256/264/2 253/263/2
f 260/266/2 205/161/2 206/158/2 262/267/2
f 257/268/2 188/171/2 189/168/2 261/269/2
f 265/270/2 144/165/2 205/161/2 260/266/2
f 148/153/2 188/171/2 257/268/2
f 262/267/2 206/158/2 207/157/2 264/250/2
f 263/271/2 190/167/2 144/165/2 265/270/2
f 261/269/2 189/168/2 190/167/2 263/271/2
f 266/257/2 228/238/2 163/220/2
f 269/258/2 235/243/2 165/230/2 272/272/2
f 272/272/2 165/230/2 247/222/2 274/252/2
f 2/74/3 32/112/4 169/249/4 139/210/3
f 32/112/4 33/110/5 170/246/5 169/249/4
f 33/110/5 34/109/6 171/247/6 170/246/5
f 34/109/6 5/55/7 142/193/7 171/247/6
f 12/28/8 35/38/9 172/176/9 149/164/8
f 5/55/7 36/54/10 173/190/10 142/193/7
f 36/54/10 37/50/11 174/186/11 173/190/10
f 37/50/11 38/53/12 175/187/12 174/186/11
f 38/53/12 15/59/13 152/194/13 175/187/12
f 10/18/14 39/35/15 176/172/15 147/154/14
f 39/35/15 40/33/16 177/169/16 176/172/15
f 40/33/16 41/32/17 178/170/17 177/169/16
f 41/32/17 3/29/18 140/166/18 178/170/17
f 14/9/19 42/5/20 179/142/20 151/146/19
f 42/5/20 43/3/21 180/139/21 179/142/20
f 43/3/21 44/2/22 181/140/22 180/139/21
f 44/2/22 4/8/23 141/144/23 181/140/22
f 6/66/24 45/72/25 182/209/25 143/202/24
f 45/72/25 46/70/26 183/206/26 182/209/25
f 46/70/26 47/69/27 184/207/27 183/206/26
f 47/69/27 2/74/3 139/210/3 184/207/27
f 4/8/23 48/64/28 185/201/28 141/144/23
f 48/64/28 49/62/29 186/198/29 185/201/28
f 49/62/29 50/61/30 187/199/30 186/198/29
f 50/61/30 6/66/24 143/202/24 187/199/30
f 1/19/31 59/15/32 196/152/32 138/156/31
f 59/15/32 60/13/33 197/149/33 196/152/32
f 60/13/33 61/12/34 198/150/34 197/149/33
f 61/12/34 10/18/14 147/154/14 198/150/34
f 62/16/35 8/20/36 145/155/36 199/151/35
f 63/14/37 62/16/35 199/151/35 200/148/37
f 64/11/38 63/14/37 200/148/37 201/147/38
f 11/17/39 64/11/38 201/147/38 148/153/39
f 3/29/18 65/25/40 202/162/40 140/166/18
f 65/25/40 66/23/41 203/159/41 202/162/40
f 66/23/41 67/22/42 204/160/42 203/159/41
f 67/22/42 12/28/8 149/164/8 204/160/42
f 35/38/9 71/37/43 208/173/43 172/176/9
f 71/37/43 14/9/19 151/146/19 208/173/43
f 8/20/36 1/19/44 138/156/44 145/155/36
f 72/113/45 17/75/46 154/211/46 209/248/45
f 73/111/47 72/113/45 209/248/45 210/245/47
f 74/108/48 73/111/47 210/245/47 211/244/48
f 20/56/49 74/108/48 211/244/48 157/192/49
f 75/106/50 27/94/51 164/231/51 212/242/50
f 76/57/52 20/56/49 157/192/49 213/191/52
f 77/51/53 76/57/52 213/191/52 214/189/53
f 78/52/54 77/51/53 214/189/53 215/188/54
f 30/58/55 78/52/54 215/188/54 167/195/55
f 79/102/56 25/84/57 162/221/57 216/239/56
f 80/100/58 79/102/56 216/239/56 217/236/58
f 81/101/59 80/100/58 217/236/58 218/235/59
f 18/91/60 81/101/59 218/235/59 155/229/60
f 82/47/61 29/46/62 166/184/62 219/183/61
f 83/43/63 82/47/61 219/183/61 220/179/63
f 84/44/64 83/43/63 220/179/63 221/178/64
f 19/49/65 84/44/64 221/178/64 156/185/65
f 85/73/66 21/67/67 158/203/67 222/208/66
f 86/71/68 85/73/66 222/208/66 223/205/68
f 87/68/69 86/71/68 223/205/68 224/204/69
f 17/75/46 87/68/69 224/204/69 154/211/46
f 88/65/70 19/49/65 156/185/65 225/200/70
f 89/63/71 88/65/70 225/200/70 226/197/71
f 90/60/72 89/63/71 226/197/71 227/196/72
f 21/67/67 90/60/72 227/196/72 158/203/67
f 99/82/73 16/81/74 153/219/74 236/218/73
f 100/78/75 99/82/73 236/218/73 237/214/75
f 101/79/76 100/78/75 237/214/75 238/213/76
f 25/84/57 101/79/76 238/213/76 162/221/57
f 23/80/77 102/83/78 239/217/78 160/216/77
f 102/83/78 103/77/79 240/215/79 239/217/78
f 103/77/79 104/76/80 241/212/80 240/215/79
f 104/76/80 26/85/81 163/220/81 241/212/80
f 105/92/82 18/91/60 155/229/60 242/228/82
f 106/88/83 105/92/82 242/228/82 243/224/83
f 107/89/84 106/88/83 243/224/83 244/223/84
f 27/94/51 107/89/84 244/223/84 164/231/51
f 111/107/85 75/106/50 212/242/50 248/241/85
f 29/46/62 111/107/85 248/241/85 166/184/62
f 16/81/86 23/80/77 160/216/77 153/219/86
f 117/123/87 30/58/55 167/195/55 254/260/87
f 15/59/13 114/124/88 251/259/88 152/194/13
f 114/124/88 115/126/89 252/261/89 251/259/88
f 115/126/89 116/128/90 253/263/90 252/261/89
f 116/128/90 113/129/91 250/265/91 253/263/90
f 118/125/92 117/123/87 254/260/87 255/262/92
f 119/127/93 118/125/92 255/262/92 256/264/93
f 113/129/94 119/127/93 256/264/93 250/265/94
f 125/131/95 123/130/95 260/266/95 262/267/95
f 124/133/96 120/132/96 257/268/96 261/269/96
f 123/130/95 128/134/95 265/270/95 260/266/95
f 121/96/95 127/114/95 264/250/95 258/233/95
f 120/132/96 11/17/96 148/153/96 257/268/96
f 122/97/96 121/96/95 258/233/95 259/232/96
f 127/114/95 125/131/95 262/267/95 264/250/95
f 128/134/95 126/135/96 263/271/96 265/270/95
f 126/135/96 124/133/96 261/269/96 263/271/96
f 132/122/97 122/97/97 259/232/97 269/258/97
f 130/117/98 133/116/98 270/251/98 267/253/98
f 136/120/98 131/119/98 268/255/98 273/256/98
f 129/121/98 136/120/98 273/256/98 266/257/98
f 134/118/98 130/117/98 267/253/98 271/254/98
f 26/85/81 129/121/98 266/257/98 163/220/81
f 131/119/98 134/118/98 271/254/98 268/255/98
f 135/136/98 132/122/98 269/258/98 272/272/98
f 133/116/98 137/115/98 274/252/98 270/251/98
f 137/115/98 135/136/98 272/272/98 274/252/98
f 879/273/99 2105/274/100 1455/275/101 279/276/102
f 881/277/103 876/278/104 278/279/105 281/280/106
f 876/278/104 877/281/107 277/282/108 278/279/105
f 667/283/109 665/284/110 353/285/111 352/286/112
f 878/287/113 879/273/99 279/276/102 275/288/114
f 960/289/115 880/290/116 280/291/117 360/292/118
f 880/290/116 881/277/103 281/280/106 280/291/117
f 894/293/119 882/294/120 282/295/121 294/296/122
f 893/297/123 883/298/124 283/299/125 293/300/126
f 947/301/127 884/302/128 284/303/129 347/304/130
f 884/302/128 893/297/123 293/300/126 284/303/129
f 895/305/131 894/293/119 294/296/122 295/306/132
f 896/307/133 895/305/131 295/306/132 296/308/134
f 883/298/124 896/307/133 296/308/134 283/299/125
f 875/309/135 947/301/127 347/304/130 276/310/136
f 1085/311/137 480/312/138 349/313/139 949/314/140
f 307/315/141 701/316/142 703/317/143 343/318/144
f 287/319/145 346/320/146 946/321/147 887/322/148
f 289/323/149 345/324/150 945/325/151 889/326/152
f 297/327/153 344/328/154 944/329/155 897/330/156
f 307/331/157 343/332/158 943/333/159 907/334/160
f 309/335/161 342/336/162 942/337/163 909/338/164
f 342/336/162 341/339/165 941/340/166 942/337/163
f 335/341/167 340/342/168 940/343/169 935/344/170
f 453/345/171 310/346/172 340/347/173
f 338/348/174 579/349/175 1764/350/176 1491/351/177
f 337/352/178 336/353/179 936/354/180 937/355/181
f 342/356/182 449/357/183 450/358/184 341/359/185
f 701/316/142 307/315/141 350/360/186 702/361/187
f 333/362/188 348/363/189 948/364/190 932/365/191
f 592/366/192 332/367/193 931/368/194 1208/369/195
f 332/367/193 331/370/196 930/371/197 931/368/194
f 315/372/198 330/373/199 929/374/200 914/375/201
f 607/376/202 329/377/203 928/378/204 1224/379/205
f 614/380/206 328/381/207 927/382/208 1232/383/209
f 302/384/210 327/385/211 926/386/212 902/387/213
f 327/385/211 326/388/214 925/389/215 926/386/212
f 303/390/216 325/391/217 924/392/218 903/393/219
f 325/391/217 324/394/220 923/395/221 924/392/218
f 322/396/222 323/397/223 922/398/224 921/399/225
f 298/400/226 322/396/222 921/399/225 898/401/227
f 320/402/228 321/403/229 920/404/230 919/405/231
f 299/406/232 320/402/228 919/405/231 899/407/233
f 285/408/234 319/409/235 918/410/236 885/411/237
f 292/412/238 318/413/239 917/414/240 892/415/241
f 301/416/242 317/417/243 916/418/244 901/419/245
f 319/409/235 316/420/246 915/421/247 918/410/236
f 329/377/203 315/372/198 914/375/201 928/378/204
f 934/422/248 1089/423/249 482/424/250 334/425/251
f 310/346/172 453/345/171 454/426/252 339/427/253
f 780/428/254 312/429/255 912/430/256 1434/431/257
f 778/432/258 311/433/259 911/434/260 1431/435/261
f 708/436/262 705/437/263 401/438/264 468/439/265
f 512/440/266 565/441/267 566/442/268 513/443/269
f 340/342/168 310/444/270 910/445/271 940/343/169
f 576/446/272 309/335/161 909/338/164 1188/447/273
f 343/332/158 308/448/274 908/449/275 943/333/159
f 350/450/276 307/331/157 907/334/160 858/451/277
f 517/452/278 562/453/279 697/454/280
f 330/373/199 306/455/281 906/456/282 929/374/200
f 326/388/214 305/457/283 905/458/284 925/389/215
f 328/381/207 304/459/285 904/460/286 927/382/208
f 323/397/223 303/390/216 903/393/219 922/398/224
f 381/461/287 302/384/210 902/387/213 982/462/288
f 316/420/246 301/416/242 901/419/245 915/421/247
f 344/328/154 300/463/289 900/464/290 944/329/155
f 300/463/289 299/406/232 899/407/233 900/464/290
f 321/403/229 298/400/226 898/401/227 920/404/230
f 317/417/243 297/327/153 897/330/156 916/418/244
f 290/465/291 292/412/238 892/415/241 890/466/292
f 346/320/146 291/467/293 891/468/294 946/321/147
f 291/467/293 290/465/291 890/466/292 891/468/294
f 288/469/295 289/323/149 889/326/152 888/470/296
f 345/324/150 287/319/145 887/322/148 945/325/151
f 276/310/136 286/471/297 886/472/298 875/309/135
f 318/413/239 285/408/299 885/411/300 917/414/240
f 279/473/301 1455/474/302 1588/475/303 405/476/304
f 275/477/305 279/473/301 405/476/304 404/478/306
f 877/281/107 878/287/113 275/288/114 277/282/108
f 277/479/307 275/477/305 404/478/306 406/480/308
f 352/481/309 404/478/306 405/476/304 351/482/310
f 782/483/311 351/482/310 405/476/304 1588/475/303
f 356/484/312 409/485/313 408/486/314 355/487/315
f 281/488/316 278/489/317 407/490/318 408/486/314
f 278/489/317 277/479/307 406/480/308 407/490/318
f 355/487/315 408/486/314 407/490/318 354/491/319
f 361/492/320 357/493/321 410/494/322 411/495/323
f 360/496/324 280/497/325 409/485/313 411/495/323
f 356/484/312 361/492/320 411/495/323 409/485/313
f 281/488/316 408/486/314 409/485/313 280/497/325
f 282/498/326 360/496/324 411/495/323 410/494/322
f 594/499/327 593/500/328 393/501/329 444/502/330
f 882/294/120 960/289/115 360/292/118 282/295/121
f 457/503/331 707/504/332 706/505/333 471/506/334
f 365/507/335 366/508/336 418/509/337 417/510/338
f 354/491/319 407/490/318 406/480/308 353/511/339
f 357/493/321 358/512/340 412/513/341 410/494/322
f 358/514/342 659/515/343 658/516/344 359/517/345
f 415/518/346 414/519/347 362/520/348 363/521/349
f 358/512/340 359/522/350 413/523/351 412/513/341
f 283/524/352 296/525/353 413/523/351
f 359/517/345 658/516/344 657/526/354 362/527/355
f 362/527/355 657/526/354 656/528/356 363/529/356
f 276/530/357 347/531/358 415/518/346 416/532/359
f 416/532/359 415/518/346 363/521/349 364/533/360
f 286/534/361 276/530/357 416/532/359 417/510/338
f 353/511/339 406/480/308 404/478/306 352/481/309
f 417/510/338 416/532/359 364/533/360 365/507/335
f 289/535/362 288/536/363 418/509/337 419/537/364
f 366/508/336 367/538/365 419/537/364 418/509/337
f 345/539/366 289/535/362 419/537/364 420/540/367
f 367/538/365 368/541/368 420/540/367 419/537/364
f 368/541/368 369/542/369 421/543/370 420/540/367
f 368/544/371 646/545/372 644/546/373 369/547/373
f 290/548/374 291/549/375 421/543/370 422/550/376
f 369/547/373 644/546/373 642/551/377 370/552/378
f 319/553/379 285/554/380 423/555/381 424/556/382
f 370/557/383 371/558/384 423/555/381 422/550/376
f 370/552/378 642/551/377 640/559/385 371/560/386
f 371/560/386 640/559/385 638/561/387 372/562/387
f 638/563/388 640/564/389 641/565/390 639/566/391
f 301/567/392 316/568/393 424/556/382
f 372/562/387 638/561/387 637/569/394 373/570/395
f 637/571/396 638/563/388 639/566/391 636/572/397
f 344/573/398 297/574/399 425/575/400 426/576/401
f 373/570/395 637/569/394 635/577/402 374/578/403
f 374/578/403 635/577/402 582/579/404 375/580/405
f 684/581/406 683/582/407 583/583/408 634/584/409
f 582/585/410 635/586/411 634/587/412 583/588/413
f 323/589/414 322/590/415 428/591/416 429/592/417
f 375/593/418 376/594/419 429/592/417 428/591/416
f 303/595/420 323/589/414 429/592/417 430/596/421
f 376/594/419 377/597/422 430/596/421 429/592/417
f 325/598/423 303/595/420 430/596/421 431/599/424
f 377/597/422 378/600/425 431/599/424 430/596/421
f 381/601/426 324/602/427 432/603/428 434/604/429
f 378/600/425 379/605/430 432/603/428 431/599/424
f 302/606/431 381/601/426 434/604/429 433/607/432
f 324/602/427 325/598/423 431/599/424 432/603/428
f 382/608/433 380/609/434 433/607/432 434/604/429
f 324/394/220 381/461/287 982/462/288 923/395/221
f 379/605/430 382/608/433 434/604/429 432/603/428
f 327/610/435 302/606/431 433/607/432 435/611/436
f 327/610/435 435/611/436 436/612/437 326/613/438
f 380/609/434 383/614/439 435/611/436 433/607/432
f 384/615/440 436/612/437 435/611/436 383/614/439
f 436/612/437 437/616/441 305/617/442 326/613/438
f 384/615/440 385/618/443 437/616/441 436/612/437
f 385/618/443 615/619/444 616/620/445 437/616/441
f 615/619/444 386/621/446 438/622/447 616/620/445
f 438/622/447 386/621/446 388/623/448 439/624/449
f 609/625/450 607/626/451 304/627/452 439/624/449
f 388/623/448 608/628/453 609/625/450 439/624/449
f 315/629/454 329/630/455 440/631/456 441/632/457
f 441/632/457 440/631/456 389/633/458 390/634/459
f 330/635/460 315/629/454 441/632/457 442/636/461
f 391/637/462 442/636/461 441/632/457 390/634/459
f 306/638/463 330/635/460 442/636/461 443/639/464
f 609/625/450 608/628/453 389/633/458 440/631/456
f 391/637/462 392/640/465 443/639/464 442/636/461
f 592/641/466 306/638/463 443/639/464 594/499/327
f 392/640/465 593/500/328 594/499/327 443/639/464
f 764/642/467 444/502/330 393/501/329
f 331/370/196 402/643/468 1004/644/469 930/371/197
f 444/502/330 445/645/470 331/646/471 332/647/472
f 614/648/473 616/620/445 438/622/447 328/649/474
f 328/649/474 438/622/447 439/624/449 304/627/452
f 453/345/171 340/347/173 335/650/475
f 341/359/185 450/358/184 453/345/171 335/650/475
f 449/357/183 342/356/182 309/651/476 448/652/477
f 575/653/478 448/652/477 309/651/476 576/654/479
f 337/655/480 339/427/253 454/426/252 455/656/480
f 348/363/189 447/657/481 1050/658/482 948/364/190
f 312/429/255 778/432/258 1431/435/261 912/430/256
f 466/659/483 474/660/484 472/661/485 467/662/486
f 573/663/487 574/664/488 572/665/489 571/666/490
f 466/659/483 458/667/491 459/668/492 465/669/493
f 339/670/494 939/671/495 910/445/271 310/444/270
f 336/353/496 337/352/497 455/672/497 456/673/498
f 704/674/499 490/675/500 491/676/501
f 460/677/502 461/678/503 463/679/504 464/680/505
f 459/668/492 460/677/502 464/680/505 465/669/493
f 554/681/506 460/677/502 459/668/492 400/682/507
f 474/660/484 466/659/483 465/669/493 475/683/508
f 446/684/509 705/437/263 708/436/262 469/685/510
f 564/686/511 563/687/512 455/688/513 454/689/514
f 542/690/515 1333/691/516 1332/692/517 541/693/518
f 395/694/519 462/695/520 401/438/264 394/696/521
f 458/667/491 466/659/483 467/662/486 462/695/520
f 1004/644/469 402/643/468 333/362/188 932/365/191
f 445/645/470 446/684/509 402/697/522 331/646/471
f 908/449/275 308/448/274 451/698/523 1055/699/524
f 460/677/502 399/700/525 768/701/526
f 401/438/264 462/695/520 467/662/486 468/439/265
f 471/506/334 706/505/333 708/436/262 468/439/265
f 446/684/509 469/685/510 333/702/527 402/697/522
f 458/667/491 462/695/520 395/694/519 403/703/528
f 476/704/529 464/680/505 463/679/504 477/705/530
f 475/683/508 465/669/493 464/680/505 476/704/529
f 700/706/531 452/707/532 699/708/533
f 484/709/534 483/710/535 491/676/501
f 470/711/536 348/712/537 333/702/527 469/685/510
f 489/713/538 349/714/539 486/715/540 490/675/500
f 472/661/485 471/506/334 468/439/265 467/662/486
f 458/667/491 403/703/528 585/716/541
f 447/717/542 348/712/537 470/711/536 473/718/543
f 1099/719/544 489/720/545 314/721/546 913/722/547
f 934/422/248 334/425/251 350/450/276 858/451/277
f 1083/723/548 479/724/549 480/725/550 1085/726/551
f 478/727/552 481/728/553 1087/729/554 1091/730/555
f 481/728/556 482/424/250 1089/423/249 1087/729/557
f 575/653/478 576/654/479 574/664/488 573/663/487
f 479/731/558 486/715/540 349/714/539 480/732/559
f 457/503/331 487/733/560 491/676/501
f 397/734/561 483/710/535 476/704/529 477/705/530
f 484/709/534 475/683/508 476/704/529 483/710/535
f 485/735/562 474/660/484 475/683/508 484/709/534
f 487/733/560 472/661/485 474/660/484 485/735/562
f 457/503/331 471/506/334 472/661/485 487/733/560
f 314/721/546 488/736/563 1098/737/564 913/722/547
f 479/731/558 447/717/542 473/718/543 486/715/540
f 314/738/565 489/713/538 490/675/500
f 314/738/565 490/675/500 488/739/566
f 478/740/567 488/739/566 490/675/500 482/741/568
f 1050/658/482 447/657/481 479/724/549 1083/723/548
f 490/675/500 707/504/332 457/503/331
f 487/733/560 485/735/562 491/676/501
f 484/709/534 491/676/501 485/735/562
f 483/710/535 397/734/561 491/676/501
f 497/742/569 527/743/570 526/744/571 496/745/572
f 492/746/573 522/747/574 551/748/575 521/749/576
f 456/750/577 455/688/513 563/687/512
f 498/751/578 528/752/579 527/743/570 497/742/569
f 499/753/580 529/754/581 528/752/579 498/751/578
f 511/755/582 541/756/583 540/757/584 510/758/585
f 500/759/586 530/760/587 529/754/581 499/753/580
f 501/761/588 531/762/589 530/760/587 500/759/586
f 513/763/590 543/764/590 542/765/591 512/766/592
f 502/767/593 532/768/594 531/762/589 501/761/588
f 514/769/595 544/770/595 543/764/590 513/763/590
f 503/771/596 533/772/597 532/768/594 502/767/593
f 515/773/598 545/774/598 544/770/595 514/769/595
f 504/775/599 534/776/600 533/772/597 503/771/596
f 516/777/601 546/778/602 545/774/598 515/773/598
f 505/779/603 535/780/604 534/776/600 504/775/599
f 517/781/605 547/782/606 546/778/602 516/777/601
f 506/783/607 536/784/608 535/780/604 505/779/603
f 493/785/609 523/786/610 522/747/574 492/746/573
f 518/787/611 548/788/612 547/782/606 517/781/605
f 507/789/613 537/790/614 536/784/608 506/783/607
f 494/791/615 524/792/616 523/786/610 493/785/609
f 560/793/617 769/794/618 519/795/619 518/796/620
f 1691/797/621 1723/798/621 537/790/614 507/789/613
f 495/799/622 525/800/623 524/792/616 494/791/615
f 520/801/624 550/802/625 549/803/626 519/804/627
f 496/745/572 526/744/571 525/800/623 495/799/622
f 521/749/576 551/748/575 550/802/625 520/801/624
f 508/805/628 538/806/629 1724/807/630 1692/808/630
f 556/809/631 553/810/632 552/811/633 555/812/634
f 557/813/635 400/814/636 553/810/632 556/809/631
f 558/815/637 554/816/638 400/814/636 557/813/635
f 559/817/639 399/818/640 554/816/638 558/815/637
f 519/795/619 559/819/641 558/820/642 520/821/643
f 520/821/643 558/820/642 557/822/644 521/823/645
f 521/823/645 557/822/644 556/824/631 492/825/646
f 492/825/646 556/824/631 555/826/634 493/827/647
f 768/828/648 399/818/640 559/817/639 769/829/649
f 398/830/650 461/678/503 460/677/502 768/701/526
f 396/831/651 398/832/652 560/833/653 561/834/654
f 519/795/619 769/794/618 559/819/641
f 699/835/655 698/836/656 697/837/657 700/838/658
f 514/839/659 567/840/660 568/841/661 515/842/662
f 513/443/269 566/442/268 567/840/660 514/839/659
f 565/441/267 512/440/266 511/843/663 564/686/511
f 519/804/627 549/803/626 548/788/612 518/787/611
f 515/842/662 568/841/661 569/844/664 516/845/665
f 570/846/666 517/452/278 516/845/665 569/844/664
f 451/698/523 581/847/667 1195/848/668 1055/699/524
f 700/838/658 697/837/657 562/849/669 571/850/670
f 572/665/489 581/851/671 700/706/531 571/666/490
f 572/852/672 574/853/673 1185/854/674 1182/855/675
f 570/856/676 573/857/677 571/850/670 562/849/669
f 574/853/673 576/446/272 1188/447/273 1185/854/674
f 569/858/678 575/859/679 573/857/677 570/856/676
f 448/860/680 575/859/679 569/858/678 568/861/681
f 449/862/682 448/860/680 568/861/681 567/863/683
f 450/864/684 449/862/682 567/863/683 566/865/685
f 2142/866/97 938/867/686 338/348/174 1491/351/177
f 463/679/504 461/678/503 452/707/532 313/868/687
f 1330/869/688 1345/870/689 696/871/690 539/872/691
f 376/873/692 375/580/405 582/579/404 633/874/693
f 563/687/512 564/686/511 511/843/663
f 540/875/694 1331/876/695 1330/869/688 539/872/691
f 1692/877/696 2012/878/697 789/879/698 508/880/699
f 339/670/494 337/352/178 937/355/181 939/671/495
f 453/881/700 450/864/684 566/865/685 565/882/701
f 767/883/702 555/812/634 552/811/633 766/884/703
f 584/885/704 586/886/705 585/887/706 403/888/707
f 587/889/708 584/885/704 403/888/707 395/890/709
f 588/891/710 587/889/708 395/890/709 394/892/711
f 763/893/712 588/891/710 394/892/711 762/894/713
f 765/895/714 589/896/715 387/897/716 764/898/717
f 493/827/647 555/826/634 767/899/718
f 495/900/719 590/901/720 591/902/721 496/903/722
f 496/903/722 591/902/721 595/904/723 497/905/724
f 497/905/724 595/904/723 596/906/725 498/907/726
f 332/647/472 592/641/466 594/499/327 444/502/330
f 306/455/281 592/366/192 1208/369/195 906/456/282
f 593/908/727 591/909/728 590/910/729 393/911/730
f 498/907/726 596/906/725 597/912/731 499/913/732
f 392/914/733 595/915/734 591/909/728 593/908/727
f 499/913/732 597/912/731 598/916/735 500/917/736
f 391/918/737 596/919/738 595/915/734 392/914/733
f 604/920/739 501/921/740 500/917/736 598/916/735
f 390/922/741 597/923/742 596/919/738 391/918/737
f 501/921/740 604/920/739 610/924/743 502/925/744
f 458/667/491 585/716/541 766/926/745
f 1339/927/746 548/928/747 549/929/748 1340/930/749
f 400/682/507 459/668/492 553/931/750
f 399/700/525 460/677/502 554/681/506
f 389/932/751 598/933/752 597/923/742 390/922/741
f 1691/934/753 797/935/754 1787/936/755
f 506/937/756 600/938/757 795/939/758
f 505/940/759 601/941/760 600/938/757 506/937/756
f 505/940/759 793/942/761 601/941/760
f 503/943/762 603/944/763 602/945/764 504/946/765
f 440/631/456 329/630/455 607/626/451 609/625/450
f 286/471/297 288/469/295 888/470/296 886/472/298
f 304/459/285 607/376/202 1224/379/205 904/460/286
f 502/925/744 610/924/743 611/947/766 503/943/762
f 608/948/767 604/949/768 598/933/752 389/932/751
f 611/947/766 617/950/769 606/951/770 605/952/771
f 388/953/772 610/954/773 604/949/768 608/948/767
f 673/955/774 672/956/774 603/957/774 605/958/774
f 587/959/775 588/960/776 763/961/776 589/962/777
f 386/963/778 611/964/779 610/954/773 388/953/772
f 305/617/442 437/616/441 616/620/445 614/648/473
f 305/457/283 614/380/206 1232/383/209 905/458/284
f 615/965/780 617/966/781 611/964/779 386/963/778
f 613/967/782 612/968/783 606/951/770 617/950/769
f 613/967/782 619/969/784 618/970/785 612/968/783
f 613/971/786 617/966/781 615/965/780 385/972/787
f 619/969/784 621/973/788 620/974/789 618/970/785
f 384/975/790 619/976/791 613/971/786 385/972/787
f 383/977/792 621/978/793 619/976/791 384/975/790
f 621/973/788 623/979/794 622/980/795 620/974/789
f 623/979/794 625/981/796 624/982/797 622/980/795
f 380/983/798 623/984/799 621/978/793 383/977/792
f 625/981/796 627/985/800 626/986/801 624/982/797
f 382/987/802 625/988/803 623/984/799 380/983/798
f 627/985/800 629/989/804 628/990/805 626/986/801
f 379/991/806 627/992/807 625/988/803 382/987/802
f 379/991/806 378/993/808 629/994/809 627/992/807
f 629/989/804 631/995/810 630/996/811 628/990/805
f 631/995/810 633/997/812 632/998/813 630/996/811
f 377/999/814 631/1000/815 629/994/809 378/993/808
f 730/1001/816 1907/1002/817 1908/1003/818 732/1004/819
f 376/873/692 633/874/693 631/1000/815 377/999/814
f 685/1005/820 684/581/406 634/584/409 636/1006/821
f 636/572/397 634/587/412 635/586/411 637/571/396
f 726/1007/822 1905/1008/823 1906/1009/824 728/1010/825
f 686/1011/826 685/1005/820 636/1006/821 639/1012/827
f 724/1013/828 1904/1014/829 1905/1008/823 726/1007/822
f 687/1015/830 686/1011/826 639/1012/827 641/1016/831
f 688/1017/832 687/1015/830 641/1016/831 643/1018/833
f 640/564/389 642/1019/834 643/1020/835 641/565/390
f 689/1021/836 688/1017/832 643/1018/833 645/1022/837
f 642/1019/834 644/1023/838 645/1024/839 643/1020/835
f 690/1025/840 689/1021/836 645/1022/837 647/1026/841
f 644/1023/838 646/1027/842 647/1028/843 645/1024/839
f 646/1027/842 649/1029/844 648/1030/845 647/1028/843
f 649/1029/844 650/1031/846 651/1032/847 648/1030/845
f 367/1033/848 649/1034/849 646/545/372 368/544/371
f 366/1035/850 650/1036/851 649/1034/849 367/1033/848
f 1847/1037/852 655/1038/853 656/1039/854 1848/1040/855
f 366/1035/850 365/1041/856 652/1042/857 650/1036/851
f 760/1043/858 653/1044/859 650/1031/846
f 1851/1045/860 1848/1040/855 656/1039/854 657/1046/861
f 364/1047/862 655/1048/863 652/1042/857 365/1041/856
f 364/1047/862 363/529/356 656/528/356 655/1048/863
f 1853/1049/864 1851/1045/860 657/1046/861 658/1050/865
f 1855/1051/866 1853/1049/864 658/1050/865 659/1052/867
f 1855/1051/866 659/1052/867 660/1053/868 1857/1054/869
f 293/1055/870 283/524/352 413/523/351 414/519/347
f 1857/1054/869 660/1053/868 661/1056/871 1859/1057/872
f 1859/1057/872 661/1056/871 662/1058/873 1861/1059/874
f 357/1060/875 660/1061/876 659/515/343 358/514/342
f 1861/1059/874 662/1058/873 663/1062/877 1863/1063/878
f 361/1064/879 661/1065/880 660/1061/876 357/1060/875
f 1863/1063/878 663/1062/877 664/1066/881 1865/1067/882
f 356/1068/883 662/1069/884 661/1065/880 361/1064/879
f 665/1070/885 1932/1071/886 1865/1067/882 664/1066/881
f 355/1072/887 663/1073/888 662/1069/884 356/1068/883
f 754/1074/889 760/1043/858 650/1031/846 652/1075/890
f 354/1076/891 664/1077/892 663/1073/888 355/1072/887
f 353/285/111 665/284/110 664/1077/892 354/1076/891
f 667/283/109 352/286/112 351/1078/893 666/1079/894
f 783/1080/895 782/1081/896 1532/1082/897 1867/1083/897
f 761/1084/898 693/1085/899 653/1086/900 760/1087/901
f 692/1088/902 691/1089/903 648/1090/904 651/1091/905
f 691/1089/903 690/1025/840 647/1026/841 648/1090/904
f 720/1092/906 718/1093/907 1901/1094/908 1902/1095/909
f 722/1096/910 720/1092/906 1902/1095/909 1903/1097/911
f 724/1013/828 722/1096/910 1903/1097/911 1904/1014/829
f 730/1001/816 728/1010/825 1906/1009/824 1907/1002/817
f 683/582/407 682/1098/912 632/1099/913 583/583/408
f 682/1098/912 681/1100/914 630/1101/915 632/1099/913
f 681/1100/914 680/1102/916 628/1103/917 630/1101/915
f 680/1102/916 679/1104/918 626/1105/919 628/1103/917
f 679/1104/918 678/1106/920 624/1107/921 626/1105/919
f 678/1106/920 677/1108/922 622/1109/923 624/1107/921
f 677/1108/922 676/1110/924 620/1111/925 622/1109/923
f 676/1110/924 675/1112/926 618/1113/927 620/1111/925
f 675/1112/926 674/1114/928 612/1115/929 618/1113/927
f 674/1114/928 753/1116/930 606/1117/931 612/1115/929
f 753/1116/930 673/955/932 605/958/932 606/1117/931
f 672/956/933 671/1118/934 602/1119/935 603/957/933
f 794/1120/936 670/1121/937 601/1122/938 793/1123/939
f 670/1121/937 669/1124/940 600/1125/941 601/1122/938
f 796/1126/942 668/1127/943 599/1128/944 795/1129/945
f 798/1130/946 1870/1131/947 1787/1132/947 797/1133/948
f 718/1093/907 715/1134/949 1900/1135/950 1901/1094/908
f 693/1085/899 692/1088/902 651/1091/905 653/1086/900
f 732/1004/819 1908/1003/818 1909/1136/951 734/1137/952
f 734/1137/952 1909/1136/951 1910/1138/953 736/1139/954
f 738/1140/955 736/1139/954 1910/1138/953 1911/1141/956
f 738/1140/955 1911/1141/956 1912/1142/957 740/1143/958
f 740/1143/958 1912/1142/957 1913/1144/959 742/1145/960
f 742/1145/960 1913/1144/959 1914/1146/961 744/1147/962
f 744/1147/962 1914/1146/961 1915/1148/963 746/1149/964
f 748/1150/965 746/1149/964 1915/1148/963 1916/1151/966
f 748/1150/965 1916/1151/966 1917/1152/967 750/1153/968
f 587/959/775 589/962/777 765/1154/969
f 584/1155/970 587/959/775 765/1154/969 494/1156/971
f 503/943/762 611/947/766 605/952/771
f 583/588/413 632/998/813 633/997/812 582/585/410
f 526/1157/972 1317/1158/973 1316/1159/974 525/1160/975
f 522/1161/976 1313/1162/977 1342/1163/978 551/1164/979
f 527/1165/980 1318/1166/981 1317/1158/973 526/1157/972
f 528/1167/982 1319/1168/983 1318/1166/981 527/1165/980
f 541/693/518 1332/692/517 1331/876/695 540/875/694
f 529/1169/984 1320/1170/985 1319/1168/983 528/1167/982
f 538/806/629 508/805/628 695/1171/986 696/1172/987
f 453/881/700 565/882/701 564/1173/511 454/1174/514
f 530/1175/988 1321/1176/989 1320/1170/985 529/1169/984
f 543/1177/990 1334/1178/991 1333/691/516 542/690/515
f 531/1179/992 1322/1180/993 1321/1176/989 530/1175/988
f 544/1181/994 1335/1182/995 1334/1178/991 543/1177/990
f 532/1183/996 1323/1184/997 1322/1180/993 531/1179/992
f 545/1185/998 1336/1186/999 1335/1182/995 544/1181/994
f 533/1187/1000 1324/1188/1001 1323/1184/997 532/1183/996
f 546/1189/1002 1337/1190/1003 1336/1186/999 545/1185/998
f 534/1191/1004 1325/1192/1005 1324/1188/1001 533/1187/1000
f 547/1193/1006 1338/1194/1007 1337/1190/1003 546/1189/1002
f 535/1195/1008 1326/1196/1009 1325/1192/1005 534/1191/1004
f 548/928/747 1339/927/746 1338/1194/1007 547/1193/1006
f 536/1197/1010 1327/1198/1011 1326/1196/1009 535/1195/1008
f 523/1199/1012 1314/1200/1013 1313/1162/977 522/1161/976
f 537/1201/1014 1328/1202/1015 1327/1198/1011 536/1197/1010
f 538/1203/1016 1329/1204/1017 2604/1205/100 1724/1206/1018
f 539/1207/1019 696/1172/987 695/1171/986 509/1208/1020
f 524/1209/1021 1315/1210/1022 1314/1200/1013 523/1199/1012
f 550/1211/1023 1341/1212/1024 1340/930/749 549/929/748
f 1723/1213/1025 2603/1214/97 1328/1202/1015 537/1201/1014
f 525/1160/975 1316/1159/974 1315/1210/1022 524/1209/1021
f 551/1164/979 1342/1163/978 1341/1212/1024 550/1211/1023
f 542/765/591 541/756/583 511/755/582 512/766/592
f 341/339/165 335/341/167 935/344/170 941/340/166
f 1329/1204/1017 538/1203/1016 696/871/690 1345/870/689
f 792/1215/1026 788/1216/1027 509/1217/1028 695/1218/1029
f 517/452/278 697/454/280 698/1219/1030 561/1220/1031
f 539/1207/1019 509/1208/1020 510/758/585 540/757/584
f 509/1217/1028 788/1216/1027 785/1221/1032
f 773/1222/1033 777/1223/1034 786/1224/1035 785/1221/1032
f 308/1225/1036 313/868/687 452/707/532 451/1226/1037
f 481/1227/1038 478/740/567 482/741/568
f 584/1155/970 494/1156/971 586/1228/1039
f 757/1229/1040 712/1230/1041 1898/1231/1042 1981/1232/1043
f 715/1134/949 713/1233/1044 1899/1234/1045 1900/1135/950
f 359/522/350 362/520/348 414/519/347 413/523/351
f 708/436/262 706/505/333 470/711/536 469/685/510
f 396/831/651 561/834/654 698/836/656 699/835/655
f 581/847/667 572/852/672 1182/855/675 1195/848/668
f 699/708/533 452/707/532 461/678/503 396/1235/1046
f 396/1235/1046 461/678/503 398/830/650
f 581/851/671 451/1226/1037 452/707/532 700/706/531
f 349/313/139 489/720/1047 1099/719/1048 949/314/140
f 488/736/563 478/727/552 1091/730/555 1098/737/564
f 334/1236/1049 704/674/499 702/361/187 350/360/186
f 490/675/500 457/503/331 491/676/501
f 482/741/568 490/675/500 704/674/499 334/1236/1049
f 308/1225/1036 343/318/144 703/317/143 313/868/687
f 703/317/143 701/316/142 397/734/561 477/705/530
f 313/868/687 703/317/143 477/705/530 463/679/504
f 702/361/187 704/674/499 491/676/501
f 397/734/561 701/316/142 702/361/187 491/676/501
f 707/504/332 490/675/500 486/715/540 473/718/543
f 706/505/333 707/504/332 473/718/543 470/711/536
f 296/525/353 295/1237/1050 413/523/351
f 413/523/351 295/1237/1050 294/1238/1051 412/513/341
f 412/513/341 294/1238/1051 282/498/326 410/494/322
f 284/1239/1052 293/1055/870 414/519/347
f 347/531/358 284/1239/1052 414/519/347 415/518/346
f 1842/1240/1053 652/1075/890 655/1038/853 1847/1037/852
f 286/534/361 417/510/338 418/509/337 288/536/363
f 666/1241/1054 783/1242/1055 1867/1243/1056 1932/1071/886
f 1844/1244/1057 710/1245/1058 1842/1240/1053
f 713/1233/1044 752/1246/1059 1933/1247/1060 1899/1234/1045
f 287/1248/1061 345/539/366 420/540/367
f 346/1249/1062 287/1248/1061 420/540/367 421/543/370
f 321/1250/1063 320/1251/1064 427/1252/1065
f 369/542/369 370/557/383 422/550/376 421/543/370
f 291/549/375 346/1249/1062 421/543/370
f 424/556/382 316/568/393 319/553/379
f 297/574/399 317/1253/1066 425/575/400
f 423/555/381 318/1254/1067 292/1255/1068
f 422/550/376 423/555/381 292/1255/1068 290/548/374
f 298/1256/1069 321/1250/1063 427/1252/1065
f 322/590/415 298/1256/1069 427/1252/1065 428/591/416
f 299/1257/1070 300/1258/1071 426/576/401
f 424/556/382 423/555/381 371/558/384 372/1259/1072
f 285/554/380 318/1254/1067 423/555/381
f 373/1260/1073 426/576/401 425/575/400
f 374/1261/1074 375/593/418 428/591/416 427/1252/1065
f 320/1251/1064 299/1257/1070 426/576/401 427/1252/1065
f 300/1258/1071 344/573/398 426/576/401
f 372/1259/1072 373/1260/1073 425/575/400 424/556/382
f 317/1253/1066 301/567/392 424/556/382 425/575/400
f 709/1262/1075 711/1263/1076 694/1264/1077 654/1265/1078
f 714/1266/1079 751/1267/1080 752/1246/1059 713/1233/1044
f 709/1268/1081 654/1269/1082 652/1075/890 1842/1240/1053
f 692/1270/1083 693/1271/1084 751/1267/1080 714/1266/1079
f 716/1272/1085 714/1266/1079 713/1233/1044 715/1134/949
f 691/1273/1086 692/1270/1083 714/1266/1079 716/1272/1085
f 756/1274/1087 711/1275/1088 712/1230/1041 757/1229/1040
f 755/1276/1089 694/1277/1090 711/1275/1088 756/1274/1087
f 747/1278/1091 748/1150/965 750/1153/968 749/1279/1092
f 675/1280/1093 747/1278/1091 749/1279/1092 674/1281/1094
f 747/1278/1091 745/1282/1095 746/1149/964 748/1150/965
f 675/1280/1093 676/1283/1096 745/1282/1095 747/1278/1091
f 743/1284/1097 744/1147/962 746/1149/964 745/1282/1095
f 677/1285/1098 743/1284/1097 745/1282/1095 676/1283/1096
f 741/1286/1099 742/1145/960 744/1147/962 743/1284/1097
f 678/1287/1100 741/1286/1099 743/1284/1097 677/1285/1098
f 739/1288/1101 740/1143/958 742/1145/960 741/1286/1099
f 679/1289/1102 739/1288/1101 741/1286/1099 678/1287/1100
f 737/1290/1103 738/1140/955 740/1143/958 739/1288/1101
f 680/1291/1104 737/1290/1103 739/1288/1101 679/1289/1102
f 737/1290/1103 735/1292/1105 736/1139/954 738/1140/955
f 680/1291/1104 681/1293/1106 735/1292/1105 737/1290/1103
f 733/1294/1107 734/1137/952 736/1139/954 735/1292/1105
f 682/1295/1108 733/1294/1107 735/1292/1105 681/1293/1106
f 731/1296/1109 732/1004/819 734/1137/952 733/1294/1107
f 683/1297/1110 731/1296/1109 733/1294/1107 682/1295/1108
f 717/1298/1111 716/1272/1085 715/1134/949 718/1093/907
f 690/1299/1112 691/1273/1086 716/1272/1085 717/1298/1111
f 729/1300/1113 727/1301/1114 728/1010/825 730/1001/816
f 684/1302/1115 685/1303/1116 727/1301/1114 729/1300/1113
f 723/1304/1117 721/1305/1118 722/1096/910 724/1013/828
f 687/1306/1119 688/1307/1120 721/1305/1118 723/1304/1117
f 721/1305/1118 719/1308/1121 720/1092/906 722/1096/910
f 688/1307/1120 689/1309/1122 719/1308/1121 721/1305/1118
f 719/1308/1121 717/1298/1111 718/1093/907 720/1092/906
f 1844/1310/1123 1898/1311/1123 712/1312/1124 710/1313/1125
f 710/1313/1125 712/1312/1124 711/1263/1076 709/1262/1075
f 689/1309/1122 690/1299/1112 717/1298/1111 719/1308/1121
f 723/1304/1117 724/1013/828 726/1007/822 725/1314/1126
f 687/1306/1119 723/1304/1117 725/1314/1126 686/1315/1127
f 725/1314/1126 726/1007/822 728/1010/825 727/1301/1114
f 686/1315/1127 725/1314/1126 727/1301/1114 685/1303/1116
f 729/1300/1113 730/1001/816 732/1004/819 731/1296/1109
f 710/1245/1058 709/1268/1081 1842/1240/1053
f 669/1316/1128 670/1317/1129 749/1279/1092 750/1153/968
f 668/1318/1130 796/1319/1131 669/1316/1128 750/1153/968
f 798/1320/1132 668/1318/1130 750/1153/968 1917/1152/967
f 671/1321/1133 749/1279/1092 670/1317/1129 794/1322/1134
f 684/1302/1115 729/1300/1113 731/1296/1109 683/1297/1110
f 673/1323/1135 753/1324/1136 671/1321/1133 672/1325/1135
f 753/1324/1136 674/1281/1094 749/1279/1092 671/1321/1133
f 761/1326/1137 755/1276/1089 756/1274/1087 758/1327/1138
f 758/1327/1138 756/1274/1087 757/1229/1040 759/1328/1139
f 759/1328/1139 757/1229/1040 1981/1232/1043 1988/1329/1140
f 694/1264/1077 755/1330/1141 754/1331/1142 654/1265/1078
f 752/1246/1059 759/1328/1139 1988/1329/1140 1933/1247/1060
f 751/1267/1080 758/1327/1138 759/1328/1139 752/1246/1059
f 693/1271/1084 761/1326/1137 758/1327/1138 751/1267/1080
f 755/1330/1141 761/1084/898 760/1087/901 754/1331/1142
f 654/1269/1082 754/1074/889 652/1075/890
f 650/1031/846 653/1044/859 651/1032/847
f 374/1261/1074 427/1252/1065 426/576/401 373/1260/1073
f 517/452/278 570/846/666 562/453/279
f 518/796/620 517/452/278 561/1220/1031 560/793/617
f 589/896/715 763/893/712 762/894/713 387/897/716
f 590/910/729 765/895/714 764/898/717 393/911/730
f 387/1332/1143 445/645/470 444/502/330 764/642/467
f 446/684/509 445/645/470 387/1332/1143
f 401/438/264 705/437/263 762/1333/1144 394/696/521
f 705/437/263 446/684/509 387/1332/1143 762/1333/1144
f 586/886/705 767/883/702 766/884/703 585/887/706
f 553/931/750 459/668/492 552/1334/1145
f 459/668/492 458/667/491 766/926/745 552/1334/1145
f 494/1156/971 493/827/647 767/899/718 586/1228/1039
f 494/1156/971 765/1154/969 590/901/720 495/900/719
f 338/348/174 938/867/686 1421/1335/1146 770/1336/1147
f 784/1337/1148 787/1338/1149 695/1218/1029 508/880/699
f 311/433/259 770/1336/1147 1421/1335/1150 911/434/260
f 577/1339/1151 771/1340/1152 770/1336/1147 311/433/259
f 777/1341/1153 773/1342/1154 772/1343/1155 776/1344/1156
f 776/1344/1156 772/1343/1155 1423/1345/1157 1429/1346/1158
f 773/1342/1154 774/1347/1159 775/1348/1160 772/1343/1155
f 772/1343/1155 775/1348/1160 1425/1349/1161 1423/1345/1157
f 311/433/259 778/432/258 779/1350/1162 577/1339/1151
f 1425/1349/1161 775/1348/1160 780/428/1163 1434/431/1164
f 312/429/255 780/428/254 781/1351/1165 580/1352/1166
f 579/1353/1167 578/1354/1168 784/1337/1148 789/879/698
f 578/1355/1169 579/349/175 338/348/174 770/1336/1147
f 312/429/255 580/1352/1166 779/1350/1162 778/432/258
f 577/1356/1170 779/1357/1171 792/1215/1026 790/1358/1172
f 771/1359/1173 577/1356/1170 790/1358/1172 787/1338/1149
f 776/1344/1156 336/353/496 456/673/498 777/1341/1153
f 603/944/763 503/943/762 605/952/771
f 776/1344/1156 1429/1346/1158 936/354/1174 336/353/496
f 780/428/1163 775/1348/1160 774/1347/1159 781/1351/1175
f 666/1079/894 351/1078/893 782/1081/896 783/1080/895
f 1532/1360/1176 782/483/311 1588/475/303
f 456/750/577 563/687/512 791/1361/1177
f 398/832/652 768/828/648 769/829/649 560/833/653
f 510/1362/1178 786/1224/1035 791/1361/1177
f 785/1221/1032 786/1224/1035 510/1362/1178 509/1217/1028
f 789/879/698 2012/878/697 1764/1363/1179 579/1353/1167
f 787/1338/1149 784/1337/1148 578/1354/1168 771/1359/1173
f 790/1358/1172 792/1215/1026 695/1218/1029
f 791/1361/1177 563/687/512 511/843/663 510/1362/1178
f 791/1361/1177 786/1224/1035 777/1223/1034 456/750/577
f 785/1221/1032 788/1216/1027 774/1364/1180 773/1222/1033
f 789/879/698 784/1337/1148 508/880/699
f 580/1365/1181 781/1366/1182 774/1364/1180 788/1216/1027
f 787/1338/1149 790/1358/1172 695/1218/1029
f 671/1118/934 794/1120/936 793/1123/939 602/1119/935
f 669/1124/940 796/1126/942 795/1129/945 600/1125/941
f 668/1127/943 798/1130/946 797/1133/948 599/1128/944
f 507/1367/1183 506/937/756 795/939/758 599/1368/1183
f 504/946/765 602/945/764 793/942/761 505/940/759
f 1870/1369/1184 798/1320/1132 1917/1152/967
f 507/1367/1183 599/1368/1183 797/935/754 1691/934/753
f 779/1357/1171 580/1365/1181 788/1216/1027 792/1215/1026
f 771/1340/1152 578/1355/1169 770/1336/1147
f 665/1070/885 667/1370/1185 1932/1071/886
f 667/1370/1185 666/1241/1054 1932/1071/886
f 879/273/99 803/1371/1186 2028/1372/1187 2105/274/100
f 881/277/103 805/1373/1188 802/1374/1189 876/278/104
f 876/278/104 802/1374/1189 801/1375/1190 877/281/107
f 1285/1376/1191 951/1377/1192 952/1378/1193 1283/1379/1194
f 878/287/113 799/1380/1195 803/1371/1186 879/273/99
f 960/289/115 959/1381/1196 804/1382/1197 880/290/116
f 880/290/116 804/1382/1197 805/1373/1188 881/277/103
f 894/293/119 818/1383/1198 806/1384/1199 882/294/120
f 893/297/123 817/1385/1200 807/1386/1201 883/298/124
f 947/301/127 872/1387/1202 808/1388/1203 884/302/128
f 884/302/128 808/1388/1203 817/1385/1200 893/297/123
f 895/305/131 819/1389/1204 818/1383/1198 894/293/119
f 896/307/133 820/1390/1205 819/1389/1204 895/305/131
f 883/298/124 807/1386/1201 820/1390/1205 896/307/133
f 875/309/135 800/1391/1206 872/1387/1202 947/301/127
f 1085/311/137 949/314/140 874/1392/1207 1086/1393/1208
f 831/1394/1209 868/1395/1210 1352/1396/1211 1350/1397/1212
f 811/1398/1213 887/322/148 946/321/147 871/1399/1214
f 813/1400/1215 889/326/152 945/325/151 870/1401/1216
f 821/1402/1217 897/330/156 944/329/155 869/1403/1218
f 831/1404/1219 907/334/160 943/333/159 868/1405/1220
f 833/1406/1221 909/338/164 942/337/163 867/1407/1222
f 867/1407/1222 942/337/163 941/340/166 866/1408/1223
f 860/1409/1224 935/344/170 940/343/169 865/1410/1225
f 1057/1411/1226 865/1412/1227 834/1413/1228
f 863/1414/1229 2064/1415/1230 2429/1416/1231 1193/1417/1232
f 862/1418/1233 937/355/181 936/354/180 861/1419/1234
f 867/1420/1235 866/1421/1236 1053/1422/1237 1052/1423/1238
f 1350/1397/1212 1351/1424/1239 933/1425/1240 831/1394/1209
f 857/1426/1241 932/365/191 948/364/190 873/1427/1242
f 1207/1428/1243 1208/369/195 931/368/194 856/1429/1244
f 856/1429/1244 931/368/194 930/371/197 855/1430/1245
f 839/1431/1246 914/375/201 929/374/200 854/1432/1247
f 1223/1433/1248 1224/379/205 928/378/204 853/1434/1249
f 1231/1435/1250 1232/383/209 927/382/208 852/1436/1251
f 826/1437/1252 902/387/213 926/386/212 851/1438/1253
f 851/1438/1253 926/386/212 925/389/215 850/1439/1254
f 827/1440/1255 903/393/219 924/392/218 849/1441/1256
f 849/1441/1256 924/392/218 923/395/221 848/1442/1257
f 846/1443/1258 921/399/225 922/398/224 847/1444/1259
f 822/1445/1260 898/401/227 921/399/225 846/1443/1258
f 844/1446/1261 919/405/231 920/404/230 845/1447/1262
f 823/1448/1263 899/407/233 919/405/231 844/1446/1261
f 809/1449/1264 885/411/237 918/410/236 843/1450/1265
f 816/1451/1266 892/415/241 917/414/240 842/1452/1267
f 825/1453/1268 901/419/245 916/418/244 841/1454/1269
f 843/1450/1265 918/410/236 915/421/247 840/1455/1270
f 853/1434/1249 928/378/204 914/375/201 839/1431/1246
f 934/422/248 859/1456/1271 1090/1457/1272 1089/423/249
f 834/1413/1228 864/1458/1273 1058/1459/1274 1057/1411/1226
f 1435/1460/1275 1434/431/257 912/430/256 836/1461/1276
f 1432/1462/1277 1431/435/261 911/434/260 835/1463/1278
f 1357/1464/1279 1072/1465/1280 1002/1466/1281 1354/1467/1282
f 1123/1468/1283 1124/1469/1284 1177/1470/1285 1176/1471/1286
f 865/1410/1225 940/343/169 910/445/271 834/1472/1287
f 1190/1473/1288 1188/447/273 909/338/164 833/1406/1221
f 868/1405/1220 943/333/159 908/449/275 832/1474/1289
f 933/1475/1290 858/451/277 907/334/160 831/1404/1219
f 1128/1476/1291 1346/1477/1292 1173/1478/1293
f 854/1432/1247 929/374/200 906/456/282 830/1479/1294
f 850/1439/1254 925/389/215 905/458/284 829/1480/1295
f 852/1436/1251 927/382/208 904/460/286 828/1481/1296
f 847/1444/1259 922/398/224 903/393/219 827/1440/1255
f 981/1482/1297 982/462/288 902/387/213 826/1437/1252
f 840/1455/1270 915/421/247 901/419/245 825/1453/1268
f 869/1403/1218 944/329/155 900/464/290 824/1483/1298
f 824/1483/1298 900/464/290 899/407/233 823/1448/1263
f 845/1447/1262 920/404/230 898/401/227 822/1445/1260
f 841/1454/1269 916/418/244 897/330/156 821/1402/1217
f 814/1484/1299 890/466/292 892/415/241 816/1451/1266
f 871/1399/1214 946/321/147 891/468/294 815/1485/1300
f 815/1485/1300 891/468/294 890/466/292 814/1484/1299
f 812/1486/1301 888/470/296 889/326/152 813/1400/1215
f 870/1401/1216 945/325/151 887/322/148 811/1398/1213
f 800/1391/1206 875/309/135 886/472/298 810/1487/1302
f 842/1452/1267 917/414/240 885/411/300 809/1449/1303
f 803/1488/1304 1007/1489/1305 2241/1490/1306 2028/1491/1307
f 799/1492/1308 1006/1493/1309 1007/1489/1305 803/1488/1304
f 877/281/107 801/1375/1190 799/1380/1195 878/287/113
f 801/1494/1310 1008/1495/1311 1006/1493/1309 799/1492/1308
f 951/1496/1312 950/1497/1313 1007/1489/1305 1006/1493/1309
f 1437/1498/1314 2241/1490/1306 1007/1489/1305 950/1497/1313
f 955/1499/1315 954/1500/1316 1010/1501/1317 1011/1502/1318
f 805/1503/1319 1010/1501/1317 1009/1504/1320 802/1505/1321
f 802/1505/1321 1009/1504/1320 1008/1495/1311 801/1494/1310
f 954/1500/1316 953/1506/1322 1009/1504/1320 1010/1501/1317
f 961/1507/1323 1013/1508/1324 1012/1509/1325 956/1510/1326
f 959/1511/1327 1013/1508/1324 1011/1502/1318 804/1512/1328
f 955/1499/1315 1011/1502/1318 1013/1508/1324 961/1507/1323
f 805/1503/1319 804/1512/1328 1011/1502/1318 1010/1501/1317
f 806/1513/1329 1012/1509/1325 1013/1508/1324 959/1511/1327
f 1210/1514/1330 1046/1515/1331 994/1516/1332 1209/1517/1333
f 882/294/120 806/1384/1199 959/1381/1196 960/289/115
f 1061/1518/1334 1075/1519/1335 1355/1520/1336 1356/1521/1337
f 965/1522/1338 1019/1523/1339 1020/1524/1340 966/1525/1341
f 953/1506/1322 952/1526/1342 1008/1495/1311 1009/1504/1320
f 956/1510/1326 1012/1509/1325 1014/1527/1343 957/1528/1344
f 957/1529/1345 958/1530/1346 1276/1531/1347 1277/1532/1348
f 1017/1533/1349 963/1534/1350 962/1535/1351 1016/1536/1352
f 957/1528/1344 1014/1527/1343 1015/1537/1353 958/1538/1354
f 807/1539/1355 1015/1537/1353 820/1540/1356
f 958/1530/1346 962/1541/1357 1275/1542/1358 1276/1531/1347
f 962/1541/1357 963/1543/1359 1274/1544/1359 1275/1542/1358
f 800/1545/1360 1018/1546/1361 1017/1533/1349 872/1547/1362
f 1018/1546/1361 964/1548/1363 963/1534/1350 1017/1533/1349
f 810/1549/1364 1019/1523/1339 1018/1546/1361 800/1545/1360
f 952/1526/1342 951/1496/1312 1006/1493/1309 1008/1495/1311
f 1019/1523/1339 965/1522/1338 964/1548/1363 1018/1546/1361
f 813/1550/1365 1021/1551/1366 1020/1524/1340 812/1552/1367
f 966/1525/1341 1020/1524/1340 1021/1551/1366 967/1553/1368
f 870/1554/1369 1022/1555/1370 1021/1551/1366 813/1550/1365
f 967/1553/1368 1021/1551/1366 1022/1555/1370 968/1556/1371
f 968/1556/1371 1022/1555/1370 1023/1557/1372 969/1558/1373
f 968/1559/1374 969/1560/1375 1262/1561/1375 1264/1562/1376
f 814/1563/1377 1024/1564/1378 1023/1557/1372 815/1565/1379
f 969/1560/1375 970/1566/1380 1260/1567/1381 1262/1561/1375
f 843/1568/1382 1026/1569/1383 1025/1570/1384 809/1571/1385
f 970/1572/1386 1024/1564/1378 1025/1570/1384 971/1573/1387
f 970/1566/1380 971/1574/1388 1258/1575/1389 1260/1567/1381
f 971/1574/1388 972/1576/1390 1256/1577/1390 1258/1575/1389
f 1256/1578/1391 1257/1579/1392 1259/1580/1393 1258/1581/1394
f 825/1582/1395 1026/1569/1383 840/1583/1396
f 972/1576/1390 973/1584/1397 1255/1585/1398 1256/1577/1390
f 1255/1586/1399 1254/1587/1400 1257/1579/1392 1256/1578/1391
f 869/1588/1401 1028/1589/1402 1027/1590/1403 821/1591/1404
f 973/1584/1397 974/1592/1405 1253/1593/1406 1255/1585/1398
f 974/1592/1405 975/1594/1407 1197/1595/1408 1253/1593/1406
f 1302/1596/1409 1252/1597/1410 1198/1598/1411 1301/1599/1412
f 1197/1600/1413 1198/1601/1414 1252/1602/1415 1253/1603/1416
f 847/1604/1417 1031/1605/1418 1030/1606/1419 846/1607/1420
f 975/1608/1421 1030/1606/1419 1031/1605/1418 976/1609/1422
f 827/1610/1423 1032/1611/1424 1031/1605/1418 847/1604/1417
f 976/1609/1422 1031/1605/1418 1032/1611/1424 977/1612/1425
f 849/1613/1426 1033/1614/1427 1032/1611/1424 827/1610/1423
f 977/1612/1425 1032/1611/1424 1033/1614/1427 978/1615/1428
f 981/1616/1429 1036/1617/1430 1034/1618/1431 848/1619/1432
f 978/1615/1428 1033/1614/1427 1034/1618/1431 979/1620/1433
f 826/1621/1434 1035/1622/1435 1036/1617/1430 981/1616/1429
f 848/1619/1432 1034/1618/1431 1033/1614/1427 849/1613/1426
f 983/1623/1436 1036/1617/1430 1035/1622/1435 980/1624/1437
f 848/1442/1257 923/395/221 982/462/288 981/1482/1297
f 979/1620/1433 1034/1618/1431 1036/1617/1430 983/1623/1436
f 851/1625/1438 1037/1626/1439 1035/1622/1435 826/1621/1434
f 851/1625/1438 850/1627/1440 1038/1628/1441 1037/1626/1439
f 980/1624/1437 1035/1622/1435 1037/1626/1439 984/1629/1442
f 985/1630/1443 984/1629/1442 1037/1626/1439 1038/1628/1441
f 1038/1628/1441 850/1627/1440 829/1631/1444 1039/1632/1445
f 985/1630/1443 1038/1628/1441 1039/1632/1445 986/1633/1446
f 986/1633/1446 1039/1632/1445 1234/1634/1447 1233/1635/1448
f 1233/1635/1448 1234/1634/1447 1040/1636/1449 987/1637/1450
f 1040/1636/1449 1041/1638/1451 989/1639/1452 987/1637/1450
f 1226/1640/1453 1041/1638/1451 828/1641/1454 1223/1642/1455
f 989/1639/1452 1041/1638/1451 1226/1640/1453 1225/1643/1456
f 839/1644/1457 1043/1645/1458 1042/1646/1459 853/1647/1460
f 1043/1645/1458 991/1648/1461 990/1649/1462 1042/1646/1459
f 854/1650/1463 1044/1651/1464 1043/1645/1458 839/1644/1457
f 992/1652/1465 991/1648/1461 1043/1645/1458 1044/1651/1464
f 830/1653/1466 1045/1654/1467 1044/1651/1464 854/1650/1463
f 1226/1640/1453 1042/1646/1459 990/1649/1462 1225/1643/1456
f 992/1652/1465 1044/1651/1464 1045/1654/1467 993/1655/1468
f 1207/1656/1469 1210/1514/1330 1045/1654/1467 830/1653/1466
f 993/1655/1468 1045/1654/1467 1210/1514/1330 1209/1517/1333
f 1413/1657/1470 994/1516/1332 1046/1515/1331
f 855/1430/1245 930/371/197 1004/644/469 1003/1658/1471
f 1046/1515/1331 856/1659/1472 855/1660/1473 1047/1661/1474
f 1231/1662/1475 852/1663/1476 1040/1636/1449 1234/1634/1447
f 852/1663/1476 828/1641/1454 1041/1638/1451 1040/1636/1449
f 1057/1411/1226 860/1664/1477 865/1412/1227
f 866/1421/1236 860/1664/1477 1057/1411/1226 1053/1422/1237
f 1052/1423/1238 1051/1665/1478 833/1666/1479 867/1420/1235
f 1189/1667/1480 1190/1668/1481 833/1666/1479 1051/1665/1478
f 862/1669/1482 1059/1670/1482 1058/1459/1274 864/1458/1273
f 873/1427/1242 948/364/190 1050/658/482 1049/1671/1483
f 836/1461/1276 912/430/256 1431/435/261 1432/1462/1277
f 1070/1672/1484 1071/1673/1485 1076/1674/1486 1078/1675/1487
f 1186/1676/1488 1183/1677/1489 1184/1678/1490 1187/1679/1491
f 1070/1672/1484 1069/1680/1492 1063/1681/1493 1062/1682/1494
f 864/1683/1495 834/1472/1287 910/445/271 939/671/495
f 861/1419/1496 1060/1684/1497 1059/1685/1498 862/1418/1498
f 1353/1686/1499 1102/1687/1500 1101/1688/1501
f 1064/1689/1502 1068/1690/1503 1067/1691/1504 1065/1692/1505
f 1063/1681/1493 1069/1680/1492 1068/1690/1503 1064/1689/1502
f 1165/1693/1506 1001/1694/1507 1063/1681/1493 1064/1689/1502
f 1078/1675/1487 1079/1695/1508 1069/1680/1492 1070/1672/1484
f 1048/1696/1509 1073/1697/1510 1357/1464/1279 1354/1467/1282
f 1175/1698/1511 1058/1699/1512 1059/1700/1513 1174/1701/1514
f 1153/1702/1515 1152/1703/1516 1332/692/517 1333/691/516
f 996/1704/1517 995/1705/1518 1002/1466/1281 1066/1706/1519
f 1062/1682/1494 1066/1706/1519 1071/1673/1485 1070/1672/1484
f 1004/644/469 932/365/191 857/1426/1241 1003/1658/1471
f 1047/1661/1474 855/1660/1473 1003/1707/1520 1048/1696/1509
f 908/449/275 1055/699/524 1054/1708/1521 832/1474/1289
f 1064/1689/1502 1417/1709/1522 1000/1710/1523
f 1002/1466/1281 1072/1465/1280 1071/1673/1485 1066/1706/1519
f 1075/1519/1335 1072/1465/1280 1357/1464/1279 1355/1520/1336
f 1048/1696/1509 1003/1707/1520 857/1711/1524 1073/1697/1510
f 1062/1682/1494 1005/1712/1525 996/1704/1517 1066/1706/1519
f 1080/1713/1526 1081/1714/1527 1067/1691/1504 1068/1690/1503
f 1079/1695/1508 1080/1713/1526 1068/1690/1503 1069/1680/1492
f 1349/1715/1528 1348/1716/1529 1056/1717/1530
f 1093/1718/1531 1102/1687/1500 1092/1719/1532
f 1074/1720/1533 1073/1697/1510 857/1711/1524 873/1721/1534
f 1100/1722/1535 1101/1688/1501 1095/1723/1536 874/1724/1537
f 1076/1674/1486 1071/1673/1485 1072/1465/1280 1075/1519/1335
f 1062/1682/1494 1200/1725/1538 1005/1712/1525
f 1049/1726/1539 1077/1727/1540 1074/1720/1533 873/1721/1534
f 1099/719/544 913/722/547 838/1728/1541 1100/1729/1542
f 934/422/248 858/451/277 933/1475/1290 859/1456/1271
f 1083/723/548 1085/726/551 1086/1730/1543 1084/1731/1544
f 1082/1732/1545 1091/730/555 1087/729/554 1088/1733/1546
f 1088/1733/1547 1087/729/557 1089/423/249 1090/1457/1272
f 1189/1667/1480 1186/1676/1488 1187/1679/1491 1190/1668/1481
f 1084/1734/1548 1086/1735/1549 874/1724/1537 1095/1723/1536
f 1061/1518/1334 1102/1687/1500 1096/1736/1550
f 998/1737/1551 1081/1714/1527 1080/1713/1526 1092/1719/1532
f 1093/1718/1531 1092/1719/1532 1080/1713/1526 1079/1695/1508
f 1094/1738/1552 1093/1718/1531 1079/1695/1508 1078/1675/1487
f 1096/1736/1550 1094/1738/1552 1078/1675/1487 1076/1674/1486
f 1061/1518/1334 1096/1736/1550 1076/1674/1486 1075/1519/1335
f 838/1728/1541 913/722/547 1098/737/564 1097/1739/1553
f 1084/1734/1548 1095/1723/1536 1077/1727/1540 1049/1726/1539
f 838/1740/1554 1101/1688/1501 1100/1722/1535
f 838/1740/1554 1097/1741/1555 1101/1688/1501
f 1082/1742/1556 1090/1743/1557 1101/1688/1501 1097/1741/1555
f 1050/658/482 1083/723/548 1084/1731/1544 1049/1671/1483
f 1101/1688/1501 1061/1518/1334 1356/1521/1337
f 1096/1736/1550 1102/1687/1500 1094/1738/1552
f 1093/1718/1531 1094/1738/1552 1102/1687/1500
f 1092/1719/1532 1102/1687/1500 998/1737/1551
f 1108/1744/1558 1107/1745/1559 1137/1746/1560 1138/1747/1561
f 1103/1748/1562 1132/1749/1563 1162/1750/1564 1133/1751/1565
f 1060/1752/1566 1174/1701/1514 1059/1700/1513
f 1109/1753/1567 1108/1744/1558 1138/1747/1561 1139/1754/1568
f 1110/1755/1569 1109/1753/1567 1139/1754/1568 1140/1756/1570
f 1122/1757/1571 1121/1758/1572 1151/1759/1573 1152/1760/1574
f 1111/1761/1575 1110/1755/1569 1140/1756/1570 1141/1762/1576
f 1112/1763/1577 1111/1761/1575 1141/1762/1576 1142/1764/1578
f 1124/1765/1579 1123/1766/1580 1153/1767/1581 1154/1768/1579
f 1113/1769/1582 1112/1763/1577 1142/1764/1578 1143/1770/1583
f 1125/1771/1584 1124/1765/1579 1154/1768/1579 1155/1772/1584
f 1114/1773/1585 1113/1769/1582 1143/1770/1583 1144/1774/1586
f 1126/1775/1587 1125/1771/1584 1155/1772/1584 1156/1776/1587
f 1115/1777/1588 1114/1773/1585 1144/1774/1586 1145/1778/1589
f 1127/1779/1590 1126/1775/1587 1156/1776/1587 1157/1780/1591
f 1116/1781/1592 1115/1777/1588 1145/1778/1589 1146/1782/1593
f 1128/1783/1594 1127/1779/1590 1157/1780/1591 1158/1784/1594
f 1117/1785/1595 1116/1781/1592 1146/1782/1593 1147/1786/1596
f 1104/1787/1597 1103/1748/1562 1133/1751/1565 1134/1788/1598
f 1129/1789/1599 1128/1783/1594 1158/1784/1594 1159/1790/1600
f 1118/1791/1601 1117/1785/1595 1147/1786/1596 1148/1792/1602
f 1105/1793/1603 1104/1787/1597 1134/1788/1598 1135/1794/1604
f 1171/1795/1605 1129/1796/1606 1130/1797/1607 1418/1798/1608
f 2353/1799/1609 1118/1791/1601 1148/1792/1602 2385/1800/1609
f 1106/1801/1610 1105/1793/1603 1135/1794/1604 1136/1802/1611
f 1131/1803/1612 1130/1804/1613 1160/1805/1614 1161/1806/1615
f 1107/1745/1559 1106/1801/1610 1136/1802/1611 1137/1746/1560
f 1132/1749/1563 1131/1803/1612 1161/1806/1615 1162/1750/1564
f 1119/1807/1616 2354/1808/1617 2386/1809/1617 1149/1810/1616
f 1167/1811/1618 1166/1812/1619 1163/1813/1620 1164/1814/1621
f 1168/1815/1622 1167/1811/1618 1164/1814/1621 1001/1816/1623
f 1169/1817/1624 1168/1815/1622 1001/1816/1623 1165/1818/1625
f 1170/1819/1626 1169/1817/1624 1165/1818/1625 1000/1820/1627
f 1130/1797/1607 1131/1821/1628 1169/1822/1629 1170/1823/1630
f 1131/1821/1628 1132/1824/1631 1168/1825/1632 1169/1822/1629
f 1132/1824/1631 1103/1826/1633 1167/1827/1618 1168/1825/1632
f 1103/1826/1633 1104/1828/1634 1166/1829/1619 1167/1827/1618
f 1417/1830/1635 1418/1831/1636 1170/1819/1626 1000/1820/1627
f 999/1832/1637 1417/1709/1522 1064/1689/1502 1065/1692/1505
f 997/1833/1638 1172/1834/1639 1171/1835/1640 999/1836/1641
f 1130/1797/1607 1170/1823/1630 1418/1798/1608
f 1348/1837/1642 1349/1838/1643 1346/1839/1644 1347/1840/1645
f 1125/1841/1646 1126/1842/1647 1179/1843/1648 1178/1844/1649
f 1124/1469/1284 1125/1841/1646 1178/1844/1649 1177/1470/1285
f 1176/1471/1286 1175/1698/1511 1122/1845/1650 1123/1468/1283
f 1130/1804/1613 1129/1789/1599 1159/1790/1600 1160/1805/1614
f 1126/1842/1647 1127/1846/1651 1180/1847/1652 1179/1843/1648
f 1181/1848/1653 1180/1847/1652 1127/1846/1651 1128/1476/1291
f 1054/1708/1521 1055/699/524 1195/848/668 1196/1849/1654
f 1349/1838/1643 1183/1850/1655 1173/1851/1656 1346/1839/1644
f 1184/1678/1490 1183/1677/1489 1349/1715/1528 1196/1852/1657
f 1184/1853/1658 1182/855/675 1185/854/674 1187/1854/1659
f 1181/1855/1660 1173/1851/1656 1183/1850/1655 1186/1856/1661
f 1187/1854/1659 1185/854/674 1188/447/273 1190/1473/1288
f 1180/1857/1662 1181/1855/1660 1186/1856/1661 1189/1858/1663
f 1051/1859/1664 1179/1860/1665 1180/1857/1662 1189/1858/1663
f 1052/1861/1666 1178/1862/1667 1179/1860/1665 1051/1859/1664
f 1053/1863/1668 1177/1864/1669 1178/1862/1667 1052/1861/1666
f 2142/866/97 2064/1415/1230 863/1414/1229 938/867/686
f 1067/1691/1504 837/1865/1670 1056/1717/1530 1065/1692/1505
f 1330/869/688 1150/1866/1671 1344/1867/1672 1345/870/689
f 976/1868/1673 1251/1869/1674 1197/1595/1408 975/1594/1407
f 1174/1701/1514 1122/1845/1650 1175/1698/1511
f 1151/1870/1675 1150/1866/1671 1330/869/688 1331/876/695
f 2354/1871/1676 1119/1872/1677 1444/1873/1678 2720/1874/1679
f 864/1683/1495 939/671/495 937/355/181 862/1418/1233
f 1057/1875/1680 1176/1876/1681 1177/1864/1669 1053/1863/1668
f 1416/1877/1682 1415/1878/1683 1163/1813/1620 1166/1812/1619
f 1199/1879/1684 1005/1880/1685 1200/1881/1686 1201/1882/1687
f 1202/1883/1688 996/1884/1689 1005/1880/1685 1199/1879/1684
f 1203/1885/1690 995/1886/1691 996/1884/1689 1202/1883/1688
f 1412/1887/1692 1411/1888/1693 995/1886/1691 1203/1885/1690
f 1414/1889/1694 1413/1890/1695 988/1891/1696 1204/1892/1697
f 1104/1828/1634 1416/1893/1698 1166/1829/1619
f 1106/1894/1699 1107/1895/1700 1206/1896/1701 1205/1897/1702
f 1107/1895/1700 1108/1898/1703 1211/1899/1704 1206/1896/1701
f 1108/1898/1703 1109/1900/1705 1212/1901/1706 1211/1899/1704
f 856/1659/1472 1046/1515/1331 1210/1514/1330 1207/1656/1469
f 830/1479/1294 906/456/282 1208/369/195 1207/1428/1243
f 1209/1902/1707 994/1903/1708 1205/1904/1709 1206/1905/1710
f 1109/1900/1705 1110/1906/1711 1213/1907/1712 1212/1901/1706
f 993/1908/1713 1209/1902/1707 1206/1905/1710 1211/1909/1714
f 1110/1906/1711 1111/1910/1715 1214/1911/1716 1213/1907/1712
f 992/1912/1717 993/1908/1713 1211/1909/1714 1212/1913/1718
f 1220/1914/1719 1214/1911/1716 1111/1910/1715 1112/1915/1720
f 991/1916/1721 992/1912/1717 1212/1913/1718 1213/1917/1722
f 1112/1915/1720 1113/1918/1723 1227/1919/1724 1220/1914/1719
f 1062/1682/1494 1415/1920/1725 1200/1725/1538
f 1339/927/746 1340/930/749 1160/1921/1726 1159/1922/1727
f 1001/1694/1507 1164/1923/1728 1063/1681/1493
f 1000/1710/1523 1165/1693/1506 1064/1689/1502
f 990/1924/1729 991/1916/1721 1213/1917/1722 1214/1925/1730
f 2353/1926/1731 2454/1927/1732 1452/1928/1733
f 1117/1929/1734 1450/1930/1735 1216/1931/1736
f 1116/1932/1737 1117/1929/1734 1216/1931/1736 1217/1933/1738
f 1116/1932/1737 1217/1933/1738 1448/1934/1739
f 1114/1935/1740 1115/1936/1741 1218/1937/1742 1219/1938/1743
f 1042/1646/1459 1226/1640/1453 1223/1642/1455 853/1647/1460
f 810/1487/1302 886/472/298 888/470/296 812/1486/1301
f 828/1481/1296 904/460/286 1224/379/205 1223/1433/1248
f 1113/1918/1723 1114/1935/1740 1228/1939/1744 1227/1919/1724
f 1225/1940/1745 990/1924/1729 1214/1925/1730 1220/1941/1746
f 1228/1939/1744 1221/1942/1747 1222/1943/1748 1235/1944/1749
f 989/1945/1750 1225/1940/1745 1220/1941/1746 1227/1946/1751
f 1291/1947/1752 1221/1948/1752 1219/1949/1752 1290/1950/1752
f 1202/1951/1753 1204/1952/1754 1412/1953/1755 1203/1954/1755
f 987/1955/1756 989/1945/1750 1227/1946/1751 1228/1956/1757
f 829/1631/1444 1231/1662/1475 1234/1634/1447 1039/1632/1445
f 829/1480/1295 905/458/284 1232/383/209 1231/1435/1250
f 1233/1957/1758 987/1955/1756 1228/1956/1757 1235/1958/1759
f 1230/1959/1760 1235/1944/1749 1222/1943/1748 1229/1960/1761
f 1230/1959/1760 1229/1960/1761 1236/1961/1762 1237/1962/1763
f 1230/1963/1764 986/1964/1765 1233/1957/1758 1235/1958/1759
f 1237/1962/1763 1236/1961/1762 1238/1965/1766 1239/1966/1767
f 985/1967/1768 986/1964/1765 1230/1963/1764 1237/1968/1769
f 984/1969/1770 985/1967/1768 1237/1968/1769 1239/1970/1771
f 1239/1966/1767 1238/1965/1766 1240/1971/1772 1241/1972/1773
f 1241/1972/1773 1240/1971/1772 1242/1973/1774 1243/1974/1775
f 980/1975/1776 984/1969/1770 1239/1970/1771 1241/1976/1777
f 1243/1974/1775 1242/1973/1774 1244/1977/1778 1245/1978/1779
f 983/1979/1780 980/1975/1776 1241/1976/1777 1243/1980/1781
f 1245/1978/1779 1244/1977/1778 1246/1981/1782 1247/1982/1783
f 979/1983/1784 983/1979/1780 1243/1980/1781 1245/1984/1785
f 979/1983/1784 1245/1984/1785 1247/1985/1786 978/1986/1787
f 1247/1982/1783 1246/1981/1782 1248/1987/1788 1249/1988/1789
f 1249/1988/1789 1248/1987/1788 1250/1989/1790 1251/1990/1791
f 977/1991/1792 978/1986/1787 1247/1985/1786 1249/1992/1793
f 1379/1993/1794 1381/1994/1795 2577/1995/1796 2576/1996/1797
f 976/1868/1673 977/1991/1792 1249/1992/1793 1251/1869/1674
f 1303/1997/1798 1254/1998/1799 1252/1597/1410 1302/1596/1409
f 1254/1587/1400 1255/1586/1399 1253/1603/1416 1252/1602/1415
f 1375/1999/1800 1377/2000/1801 2575/2001/1802 2574/2002/1803
f 1304/2003/1804 1257/2004/1805 1254/1998/1799 1303/1997/1798
f 1373/2005/1806 1375/1999/1800 2574/2002/1803 2573/2006/1807
f 1305/2007/1808 1259/2008/1809 1257/2004/1805 1304/2003/1804
f 1306/2009/1810 1261/2010/1811 1259/2008/1809 1305/2007/1808
f 1258/1581/1394 1259/1580/1393 1261/2011/1812 1260/2012/1813
f 1307/2013/1814 1263/2014/1815 1261/2010/1811 1306/2009/1810
f 1260/2012/1813 1261/2011/1812 1263/2015/1816 1262/2016/1817
f 1308/2017/1818 1265/2018/1819 1263/2014/1815 1307/2013/1814
f 1262/2016/1817 1263/2015/1816 1265/2019/1820 1264/2020/1821
f 1264/2020/1821 1265/2019/1820 1266/2021/1822 1267/2022/1823
f 1267/2022/1823 1266/2021/1822 1269/2023/1824 1268/2024/1825
f 967/2025/1826 968/1559/1374 1264/1562/1376 1267/2026/1827
f 966/2027/1828 967/2025/1826 1267/2026/1827 1268/2028/1829
f 2516/2029/1830 2517/2030/1831 1274/2031/1832 1273/2032/1833
f 966/2027/1828 1268/2028/1829 1270/2033/1834 965/2034/1835
f 1409/2035/1836 1268/2024/1825 1271/2036/1837
f 2520/2037/1838 1275/2038/1839 1274/2031/1832 2517/2030/1831
f 964/2039/1840 965/2034/1835 1270/2033/1834 1273/2040/1841
f 964/2039/1840 1273/2040/1841 1274/1544/1359 963/1543/1359
f 2522/2041/1842 1276/2042/1843 1275/2038/1839 2520/2037/1838
f 2524/2043/1844 1277/2044/1845 1276/2042/1843 2522/2041/1842
f 2524/2043/1844 2526/2045/1846 1278/2046/1847 1277/2044/1845
f 817/2047/1848 1016/1536/1352 1015/1537/1353 807/1539/1355
f 2526/2045/1846 2528/2048/1849 1279/2049/1850 1278/2046/1847
f 2528/2048/1849 2530/2050/1851 1280/2051/1852 1279/2049/1850
f 956/2052/1853 957/1529/1345 1277/1532/1348 1278/2053/1854
f 2530/2050/1851 2532/2054/1855 1281/2055/1856 1280/2051/1852
f 961/2056/1857 956/2052/1853 1278/2053/1854 1279/2057/1858
f 2532/2054/1855 2534/2058/1859 1282/2059/1860 1281/2055/1856
f 955/2060/1861 961/2056/1857 1279/2057/1858 1280/2061/1862
f 1283/2062/1863 1282/2059/1860 2534/2058/1859 2634/2063/1864
f 954/2064/1865 955/2060/1861 1280/2061/1862 1281/2065/1866
f 1403/2066/1867 1270/2067/1868 1268/2024/1825 1409/2035/1836
f 953/2068/1869 954/2064/1865 1281/2065/1866 1282/2069/1870
f 952/1378/1193 953/2068/1869 1282/2069/1870 1283/1379/1194
f 1285/1376/1191 1284/2070/1871 950/2071/1872 951/1377/1192
f 1438/2072/1873 2536/2073/1874 2182/2074/1874 1437/2075/1875
f 1410/2076/1876 1409/2077/1877 1271/2078/1878 1311/2079/1879
f 1310/2080/1880 1269/2081/1881 1266/2082/1882 1309/2083/1883
f 1309/2083/1883 1266/2082/1882 1265/2018/1819 1308/2017/1818
f 1369/2084/1884 2571/2085/1885 2570/2086/1886 1367/2087/1887
f 1371/2088/1888 2572/2089/1889 2571/2085/1885 1369/2084/1884
f 1373/2005/1806 2573/2006/1807 2572/2089/1889 1371/2088/1888
f 1379/1993/1794 2576/1996/1797 2575/2001/1802 1377/2000/1801
f 1301/1599/1412 1198/1598/1411 1250/2090/1890 1300/2091/1891
f 1300/2091/1891 1250/2090/1890 1248/2092/1892 1299/2093/1893
f 1299/2093/1893 1248/2092/1892 1246/2094/1894 1298/2095/1895
f 1298/2095/1895 1246/2094/1894 1244/2096/1896 1297/2097/1897
f 1297/2097/1897 1244/2096/1896 1242/2098/1898 1296/2099/1899
f 1296/2099/1899 1242/2098/1898 1240/2100/1900 1295/2101/1901
f 1295/2101/1901 1240/2100/1900 1238/2102/1902 1294/2103/1903
f 1294/2103/1903 1238/2102/1902 1236/2104/1904 1293/2105/1905
f 1293/2105/1905 1236/2104/1904 1229/2106/1906 1292/2107/1907
f 1292/2107/1907 1229/2106/1906 1222/2108/1908 1402/2109/1909
f 1402/2109/1909 1222/2108/1908 1221/1948/1910 1291/1947/1910
f 1290/1950/1911 1219/1949/1911 1218/2110/1912 1289/2111/1913
f 1449/2112/1914 1448/2113/1915 1217/2114/1916 1288/2115/1917
f 1288/2115/1917 1217/2114/1916 1216/2116/1918 1287/2117/1919
f 1451/2118/1920 1450/2119/1921 1215/2120/1922 1286/2121/1923
f 1453/2122/1924 1452/2123/1925 2454/2124/1926 2539/2125/1926
f 1367/2087/1887 2570/2086/1886 2569/2126/1927 1364/2127/1928
f 1311/2079/1879 1271/2078/1878 1269/2081/1881 1310/2080/1880
f 1381/1994/1795 1383/2128/1929 2578/2129/1930 2577/1995/1796
f 1383/2128/1929 1385/2130/1931 2579/2131/1932 2578/2129/1930
f 1387/2132/1933 2580/2133/1934 2579/2131/1932 1385/2130/1931
f 1387/2132/1933 1389/2134/1935 2581/2135/1936 2580/2133/1934
f 1389/2134/1935 1391/2136/1937 2582/2137/1938 2581/2135/1936
f 1391/2136/1937 1393/2138/1939 2583/2139/1940 2582/2137/1938
f 1393/2138/1939 1395/2140/1941 2584/2141/1942 2583/2139/1940
f 1397/2142/1943 2585/2143/1944 2584/2141/1942 1395/2140/1941
f 1397/2142/1943 1399/2144/1945 2586/2145/1946 2585/2143/1944
f 1202/1951/1753 1414/2146/1947 1204/1952/1754
f 1199/2147/1948 1105/2148/1949 1414/2146/1947 1202/1951/1753
f 1114/1935/1740 1221/1942/1747 1228/1939/1744
f 1198/1601/1414 1197/1600/1413 1251/1990/1791 1250/1989/1790
f 1137/2149/1950 1136/2150/1951 1316/1159/974 1317/1158/973
f 1133/2151/1952 1162/2152/1953 1342/1163/978 1313/1162/977
f 1138/2153/1954 1137/2149/1950 1317/1158/973 1318/1166/981
f 1139/2154/1955 1138/2153/1954 1318/1166/981 1319/1168/983
f 1152/1703/1516 1151/1870/1675 1331/876/695 1332/692/517
f 1140/2155/1956 1139/2154/1955 1319/1168/983 1320/1170/985
f 1149/1810/1616 1344/2156/1957 1343/2157/1958 1119/1807/1616
f 1057/1875/1680 1058/2158/1512 1175/2159/1511 1176/1876/1681
f 1141/2160/1959 1140/2155/1956 1320/1170/985 1321/1176/989
f 1154/2161/1960 1153/1702/1515 1333/691/516 1334/1178/991
f 1142/2162/1961 1141/2160/1959 1321/1176/989 1322/1180/993
f 1155/2163/1962 1154/2161/1960 1334/1178/991 1335/1182/995
f 1143/2164/1963 1142/2162/1961 1322/1180/993 1323/1184/997
f 1156/2165/1964 1155/2163/1962 1335/1182/995 1336/1186/999
f 1144/2166/1965 1143/2164/1963 1323/1184/997 1324/1188/1001
f 1157/2167/1966 1156/2165/1964 1336/1186/999 1337/1190/1003
f 1145/2168/1967 1144/2166/1965 1324/1188/1001 1325/1192/1005
f 1158/2169/1968 1157/2167/1966 1337/1190/1003 1338/1194/1007
f 1146/2170/1969 1145/2168/1967 1325/1192/1005 1326/1196/1009
f 1159/1922/1727 1158/2169/1968 1338/1194/1007 1339/927/746
f 1147/2171/1970 1146/2170/1969 1326/1196/1009 1327/1198/1011
f 1134/2172/1971 1133/2151/1952 1313/1162/977 1314/1200/1013
f 1148/2173/1972 1147/2171/1970 1327/1198/1011 1328/1202/1015
f 1149/2174/1973 2386/2175/1974 2604/1205/100 1329/1204/1017
f 1150/2176/1975 1120/2177/1976 1343/2157/1958 1344/2156/1957
f 1135/2178/1977 1134/2172/1971 1314/1200/1013 1315/1210/1022
f 1161/2179/1978 1160/1921/1726 1340/930/749 1341/1212/1024
f 2385/2180/1979 1148/2173/1972 1328/1202/1015 2603/1214/97
f 1136/2150/1951 1135/2178/1977 1315/1210/1022 1316/1159/974
f 1162/2152/1953 1161/2179/1978 1341/1212/1024 1342/1163/978
f 1153/1767/1581 1123/1766/1580 1122/1757/1571 1152/1760/1574
f 866/1408/1223 941/340/166 935/344/170 860/1409/1224
f 1329/1204/1017 1345/870/689 1344/1867/1672 1149/2174/1973
f 1447/2181/1980 1343/2182/1981 1120/2183/1982 1443/2184/1983
f 1128/1476/1291 1172/2185/1984 1347/2186/1985 1346/1477/1292
f 1150/2176/1975 1151/1759/1573 1121/1758/1572 1120/2177/1976
f 1120/2183/1982 1440/2187/1986 1443/2184/1983
f 1424/2188/1987 1440/2187/1986 1441/2189/1988 1430/2190/1989
f 832/2191/1990 1054/2192/1991 1056/1717/1530 837/1865/1670
f 1088/2193/1992 1090/1743/1557 1082/1742/1556
f 1199/2147/1948 1201/2194/1993 1105/2148/1949
f 1406/2195/1994 2683/2196/1995 2567/2197/1996 1361/2198/1997
f 1364/2127/1928 2569/2126/1927 2568/2199/1998 1362/2200/1999
f 958/1538/1354 1015/1537/1353 1016/1536/1352 962/1535/1351
f 1357/1464/1279 1073/1697/1510 1074/1720/1533 1355/1520/1336
f 997/1833/1638 1348/1837/1642 1347/1840/1645 1172/1834/1639
f 1196/1849/1654 1195/848/668 1182/855/675 1184/1853/1658
f 1348/1716/1529 997/2201/2000 1065/1692/1505 1056/1717/1530
f 997/2201/2000 999/1832/1637 1065/1692/1505
f 1196/1852/1657 1349/1715/1528 1056/1717/1530 1054/2192/1991
f 874/1392/1207 949/314/140 1099/719/1048 1100/1729/2001
f 1097/1739/1553 1098/737/564 1091/730/555 1082/1732/1545
f 859/2202/2002 933/1425/1240 1351/1424/1239 1353/1686/1499
f 1101/1688/1501 1102/1687/1500 1061/1518/1334
f 1090/1743/1557 859/2202/2002 1353/1686/1499 1101/1688/1501
f 832/2191/1990 837/1865/1670 1352/1396/1211 868/1395/1210
f 1352/1396/1211 1081/1714/1527 998/1737/1551 1350/1397/1212
f 837/1865/1670 1067/1691/1504 1081/1714/1527 1352/1396/1211
f 1351/1424/1239 1102/1687/1500 1353/1686/1499
f 998/1737/1551 1102/1687/1500 1351/1424/1239 1350/1397/1212
f 1356/1521/1337 1077/1727/1540 1095/1723/1536 1101/1688/1501
f 1355/1520/1336 1074/1720/1533 1077/1727/1540 1356/1521/1337
f 820/1540/1356 1015/1537/1353 819/2203/2003
f 1015/1537/1353 1014/1527/1343 818/2204/2004 819/2203/2003
f 1014/1527/1343 1012/1509/1325 806/1513/1329 818/2204/2004
f 808/2205/2005 1016/1536/1352 817/2047/1848
f 872/1547/1362 1017/1533/1349 1016/1536/1352 808/2205/2005
f 2511/2206/2006 2516/2029/1830 1273/2032/1833 1270/2067/1868
f 810/1549/1364 812/1552/1367 1020/1524/1340 1019/1523/1339
f 1284/2207/2007 2634/2063/1864 2536/2208/2008 1438/2209/2009
f 2513/2210/2010 2511/2206/2006 1359/2211/2011
f 1362/2200/1999 2568/2199/1998 2635/2212/2012 1401/2213/2013
f 811/2214/2014 1022/1555/1370 870/1554/1369
f 871/2215/2015 1023/1557/1372 1022/1555/1370 811/2214/2014
f 845/2216/2016 1029/2217/2017 844/2218/2018
f 969/1558/1373 1023/1557/1372 1024/1564/1378 970/1572/1386
f 815/1565/1379 1023/1557/1372 871/2215/2015
f 1026/1569/1383 843/1568/1382 840/1583/1396
f 821/1591/1404 1027/1590/1403 841/2219/2019
f 1025/1570/1384 816/2220/2020 842/2221/2021
f 1024/1564/1378 814/1563/1377 816/2220/2020 1025/1570/1384
f 822/2222/2022 1029/2217/2017 845/2216/2016
f 846/1607/1420 1030/1606/1419 1029/2217/2017 822/2222/2022
f 823/2223/2023 1028/1589/1402 824/2224/2024
f 1026/1569/1383 972/2225/2025 971/1573/1387 1025/1570/1384
f 809/1571/1385 1025/1570/1384 842/2221/2021
f 973/2226/2026 1027/1590/1403 1028/1589/1402
f 974/2227/2027 1029/2217/2017 1030/1606/1419 975/1608/1421
f 844/2218/2018 1029/2217/2017 1028/1589/1402 823/2223/2023
f 824/2224/2024 1028/1589/1402 869/1588/1401
f 972/2225/2025 1026/1569/1383 1027/1590/1403 973/2226/2026
f 841/2219/2019 1027/1590/1403 1026/1569/1383 825/1582/1395
f 1358/2228/2028 1272/2229/2029 1312/2230/2030 1360/2231/2031
f 1363/2232/2032 1362/2200/1999 1401/2213/2013 1400/2233/2033
f 1358/2234/2034 2511/2206/2006 1270/2067/1868 1272/2235/2035
f 1310/2236/2036 1363/2232/2032 1400/2233/2033 1311/2237/2037
f 1365/2238/2038 1364/2127/1928 1362/2200/1999 1363/2232/2032
f 1309/2239/2039 1365/2238/2038 1363/2232/2032 1310/2236/2036
f 1405/2240/2040 1406/2195/1994 1361/2198/1997 1360/2241/2041
f 1404/2242/2042 1405/2240/2040 1360/2241/2041 1312/2243/2043
f 1396/2244/2044 1398/2245/2045 1399/2144/1945 1397/2142/1943
f 1293/2246/2046 1292/2247/2047 1398/2245/2045 1396/2244/2044
f 1396/2244/2044 1397/2142/1943 1395/2140/1941 1394/2248/2048
f 1293/2246/2046 1396/2244/2044 1394/2248/2048 1294/2249/2049
f 1392/2250/2050 1394/2248/2048 1395/2140/1941 1393/2138/1939
f 1295/2251/2051 1294/2249/2049 1394/2248/2048 1392/2250/2050
f 1390/2252/2052 1392/2250/2050 1393/2138/1939 1391/2136/1937
f 1296/2253/2053 1295/2251/2051 1392/2250/2050 1390/2252/2052
f 1388/2254/2054 1390/2252/2052 1391/2136/1937 1389/2134/1935
f 1297/2255/2055 1296/2253/2053 1390/2252/2052 1388/2254/2054
f 1386/2256/2056 1388/2254/2054 1389/2134/1935 1387/2132/1933
f 1298/2257/2057 1297/2255/2055 1388/2254/2054 1386/2256/2056
f 1386/2256/2056 1387/2132/1933 1385/2130/1931 1384/2258/2058
f 1298/2257/2057 1386/2256/2056 1384/2258/2058 1299/2259/2059
f 1382/2260/2060 1384/2258/2058 1385/2130/1931 1383/2128/1929
f 1300/2261/2061 1299/2259/2059 1384/2258/2058 1382/2260/2060
f 1380/2262/2062 1382/2260/2060 1383/2128/1929 1381/1994/1795
f 1301/2263/2063 1300/2261/2061 1382/2260/2060 1380/2262/2062
f 1366/2264/2064 1367/2087/1887 1364/2127/1928 1365/2238/2038
f 1308/2265/2065 1366/2264/2064 1365/2238/2038 1309/2239/2039
f 1378/2266/2066 1379/1993/1794 1377/2000/1801 1376/2267/2067
f 1302/2268/2068 1378/2266/2066 1376/2267/2067 1303/2269/2069
f 1372/2270/2070 1373/2005/1806 1371/2088/1888 1370/2271/2071
f 1305/2272/2072 1372/2270/2070 1370/2271/2071 1306/2273/2073
f 1370/2271/2071 1371/2088/1888 1369/2084/1884 1368/2274/2074
f 1306/2273/2073 1370/2271/2071 1368/2274/2074 1307/2275/2075
f 1368/2274/2074 1369/2084/1884 1367/2087/1887 1366/2264/2064
f 2513/2276/2076 1359/2277/2077 1361/2278/2078 2567/2279/2076
f 1359/2277/2077 1358/2228/2028 1360/2231/2031 1361/2278/2078
f 1307/2275/2075 1368/2274/2074 1366/2264/2064 1308/2265/2065
f 1372/2270/2070 1374/2280/2079 1375/1999/1800 1373/2005/1806
f 1305/2272/2072 1304/2281/2080 1374/2280/2079 1372/2270/2070
f 1374/2280/2079 1376/2267/2067 1377/2000/1801 1375/1999/1800
f 1304/2281/2080 1303/2269/2069 1376/2267/2067 1374/2280/2079
f 1378/2266/2066 1380/2262/2062 1381/1994/1795 1379/1993/1794
f 1359/2211/2011 2511/2206/2006 1358/2234/2034
f 1287/2282/2081 1399/2144/1945 1398/2245/2045 1288/2283/2082
f 1286/2284/2083 1399/2144/1945 1287/2282/2081 1451/2285/2084
f 1453/2286/2085 2586/2145/1946 1399/2144/1945 1286/2284/2083
f 1289/2287/2086 1449/2288/2087 1288/2283/2082 1398/2245/2045
f 1302/2268/2068 1301/2263/2063 1380/2262/2062 1378/2266/2066
f 1291/2289/2088 1290/2290/2088 1289/2287/2086 1402/2291/2089
f 1402/2291/2089 1289/2287/2086 1398/2245/2045 1292/2247/2047
f 1410/2292/2090 1407/2293/2091 1405/2240/2040 1404/2242/2042
f 1407/2293/2091 1408/2294/2092 1406/2195/1994 1405/2240/2040
f 1408/2294/2092 2690/2295/2093 2683/2196/1995 1406/2195/1994
f 1312/2230/2030 1272/2229/2029 1403/2296/2094 1404/2297/2095
f 1401/2213/2013 2635/2212/2012 2690/2295/2093 1408/2294/2092
f 1400/2233/2033 1401/2213/2013 1408/2294/2092 1407/2293/2091
f 1311/2237/2037 1400/2233/2033 1407/2293/2091 1410/2292/2090
f 1404/2297/2095 1403/2296/2094 1409/2077/1877 1410/2076/1876
f 1272/2235/2035 1270/2067/1868 1403/2066/1867
f 1268/2024/1825 1269/2023/1824 1271/2036/1837
f 974/2227/2027 973/2226/2026 1028/1589/1402 1029/2217/2017
f 1128/1476/1291 1173/1478/1293 1181/1848/1653
f 1129/1796/1606 1171/1795/1605 1172/2185/1984 1128/1476/1291
f 1204/1892/1697 988/1891/1696 1411/1888/1693 1412/1887/1692
f 1205/1904/1709 994/1903/1708 1413/1890/1695 1414/1889/1694
f 988/2298/2096 1413/1657/1470 1046/1515/1331 1047/1661/1474
f 1048/1696/1509 988/2298/2096 1047/1661/1474
f 1002/1466/1281 995/1705/1518 1411/2299/2097 1354/1467/1282
f 1354/1467/1282 1411/2299/2097 988/2298/2096 1048/1696/1509
f 1201/1882/1687 1200/1881/1686 1415/1878/1683 1416/1877/1682
f 1164/1923/1728 1163/2300/2098 1063/1681/1493
f 1063/1681/1493 1163/2300/2098 1415/1920/1725 1062/1682/1494
f 1105/2148/1949 1201/2194/1993 1416/1893/1698 1104/1828/1634
f 1105/2148/1949 1106/1894/1699 1205/1897/1702 1414/2146/1947
f 863/1414/1229 1419/2301/2099 1421/1335/1146 938/867/686
f 1439/2302/2100 1119/1872/1677 1343/2182/1981 1442/2303/2101
f 835/1463/1278 911/434/260 1421/1335/1150 1419/2301/2099
f 1191/2304/2102 835/1463/1278 1419/2301/2099 1420/2305/2103
f 1430/2306/2104 1428/2307/2105 1422/2308/2106 1424/2309/2107
f 1428/2307/2105 1429/1346/1158 1423/1345/1157 1422/2308/2106
f 1424/2309/2107 1422/2308/2106 1427/2310/2108 1426/2311/2109
f 1422/2308/2106 1423/1345/1157 1425/1349/1161 1427/2310/2108
f 835/1463/1278 1191/2304/2102 1433/2312/2110 1432/1462/1277
f 1425/1349/1161 1434/431/1164 1435/1460/2111 1427/2310/2108
f 836/1461/1276 1194/2313/2112 1436/2314/2113 1435/1460/1275
f 1193/2315/2114 1444/1873/1678 1439/2302/2100 1192/2316/2115
f 1192/2317/2116 1419/2301/2099 863/1414/1229 1193/1417/1232
f 836/1461/1276 1432/1462/1277 1433/2312/2110 1194/2313/2112
f 1191/2318/2117 1445/2319/2118 1447/2181/1980 1433/2320/2119
f 1420/2321/2120 1442/2303/2101 1445/2319/2118 1191/2318/2117
f 1428/2307/2105 1430/2306/2104 1060/1684/1497 861/1419/1496
f 1219/1938/1743 1221/1942/1747 1114/1935/1740
f 1428/2307/2105 861/1419/1496 936/354/1174 1429/1346/1158
f 1435/1460/2111 1436/2314/2121 1426/2311/2109 1427/2310/2108
f 1284/2070/1871 1438/2072/1873 1437/2075/1875 950/2071/1872
f 2182/2322/2122 2241/1490/1306 1437/1498/1314
f 1060/1752/1566 1446/2323/2123 1174/1701/1514
f 999/1836/1641 1171/1835/1640 1418/1831/1636 1417/1830/1635
f 1121/2324/2124 1446/2323/2123 1441/2189/1988
f 1440/2187/1986 1120/2183/1982 1121/2324/2124 1441/2189/1988
f 1444/1873/1678 1193/2315/2114 2429/2325/2125 2720/1874/1679
f 1442/2303/2101 1420/2321/2120 1192/2316/2115 1439/2302/2100
f 1445/2319/2118 1343/2182/1981 1447/2181/1980
f 1446/2323/2123 1121/2324/2124 1122/1845/1650 1174/1701/1514
f 1446/2323/2123 1060/1752/1566 1430/2190/1989 1441/2189/1988
f 1440/2187/1986 1424/2188/1987 1426/2326/2126 1443/2184/1983
f 1444/1873/1678 1119/1872/1677 1439/2302/2100
f 1194/2327/2127 1443/2184/1983 1426/2326/2126 1436/2328/2128
f 1442/2303/2101 1343/2182/1981 1445/2319/2118
f 1289/2111/1913 1218/2110/1912 1448/2113/1915 1449/2112/1914
f 1287/2117/1919 1216/2116/1918 1450/2119/1921 1451/2118/1920
f 1286/2121/1923 1215/2120/1922 1452/2123/1925 1453/2122/1924
f 1118/2329/2129 1215/2330/2129 1450/1930/1735 1117/1929/1734
f 1115/1936/1741 1116/1932/1737 1448/1934/1739 1218/1937/1742
f 2539/2331/2130 2586/2145/1946 1453/2286/2085
f 1118/2329/2129 2353/1926/1731 1452/1928/1733 1215/2330/2129
f 1433/2320/2119 1447/2181/1980 1443/2184/1983 1194/2327/2127
f 1420/2305/2103 1419/2301/2099 1192/2317/2116
f 1283/2062/1863 2634/2063/1864 1285/2332/2131
f 1285/2332/2131 2634/2063/1864 1284/2207/2007
f 2110/2333/2132 1459/2334/2133 1455/275/101 2105/274/100
f 2112/2335/2134 1461/2336/2135 1458/2337/2136 2107/2338/2137
f 2107/2338/2137 1458/2337/2136 1457/2339/2138 2108/2340/2139
f 1869/2341/2140 1534/2342/2141 1535/2343/2142 1866/2344/2143
f 2109/2345/2144 1454/2346/2145 1459/2334/2133 2110/2333/2132
f 2193/2347/2146 1542/2348/2147 1460/2349/2148 2111/2350/2149
f 2111/2350/2149 1460/2349/2148 1461/2336/2135 2112/2335/2134
f 2125/2351/2150 1474/2352/2151 1462/2353/2152 2113/2354/2153
f 2124/2355/2154 1473/2356/2155 1463/2357/2156 2114/2358/2157
f 2179/2359/2158 1528/2360/2159 1464/2361/2160 2115/2362/2161
f 2115/2362/2161 1464/2361/2160 1473/2356/2155 2124/2355/2154
f 2126/2363/2162 1475/2364/2163 1474/2352/2151 2125/2351/2150
f 2127/2365/2164 1476/2366/2165 1475/2364/2163 2126/2363/2162
f 2114/2358/2157 1463/2357/2156 1476/2366/2165 2127/2365/2164
f 2106/2367/2166 1456/2368/2167 1528/2360/2159 2179/2359/2158
f 2319/2369/2168 2181/2370/2169 1530/2371/2170 1663/2372/2171
f 1487/2373/2172 1524/2374/2173 1926/2375/2174 1924/2376/2175
f 1467/2377/2176 2118/2378/2177 2178/2379/2178 1527/2380/2179
f 1469/2381/2180 2120/2382/2181 2177/2383/2182 1526/2384/2183
f 1477/2385/2184 2128/2386/2185 2176/2387/2186 1525/2388/2187
f 1487/2389/2188 2138/2390/2189 2175/2391/2190 1524/2392/2191
f 1489/2393/2192 2140/2394/2193 2174/2395/2194 1523/2396/2195
f 1523/2396/2195 2174/2395/2194 2173/2397/2196 1522/2398/2197
f 1516/2399/2198 2167/2400/2199 2172/2401/2200 1521/2402/2201
f 1636/2403/2202 1521/2404/2203 1490/2405/2204
f 1519/2406/2205 1491/351/177 1764/350/176 1767/2407/2206
f 1518/2408/2207 2169/2409/2208 2168/2410/2209 1517/2411/2210
f 1523/2412/2211 1522/2413/2212 1633/2414/2213 1632/2415/2214
f 1924/2376/2175 1925/2416/2215 1531/2417/2216 1487/2373/2172
f 1514/2418/2217 2164/2419/2218 2180/2420/2219 1529/2421/2220
f 1780/2422/2221 2447/2423/2222 2163/2424/2223 1513/2425/2224
f 1513/2425/2224 2163/2424/2223 2162/2426/2225 1512/2427/2226
f 1496/2428/2227 2146/2429/2228 2161/2430/2229 1511/2431/2230
f 1796/2432/2231 2464/2433/2232 2160/2434/2233 1510/2435/2234
f 1803/2436/2235 2472/2437/2236 2159/2438/2237 1509/2439/2238
f 1482/2440/2239 2133/2441/2240 2158/2442/2241 1508/2443/2242
f 1508/2443/2242 2158/2442/2241 2157/2444/2243 1507/2445/2244
f 1483/2446/2245 2134/2447/2246 2156/2448/2247 1506/2449/2248
f 1506/2449/2248 2156/2448/2247 2155/2450/2249 1505/2451/2250
f 1503/2452/2251 2153/2453/2252 2154/2454/2253 1504/2455/2254
f 1478/2456/2255 2129/2457/2256 2153/2453/2252 1503/2452/2251
f 1501/2458/2257 2151/2459/2258 2152/2460/2259 1502/2461/2260
f 1479/2462/2261 2130/2463/2262 2151/2459/2258 1501/2458/2257
f 1465/2464/2263 2116/2465/2264 2150/2466/2265 1500/2467/2266
f 1472/2468/2267 2123/2469/2268 2149/2470/2269 1499/2471/2270
f 1481/2472/2271 2132/2473/2272 2148/2474/2273 1498/2475/2274
f 1500/2467/2266 2150/2466/2265 2147/2476/2275 1497/2477/2276
f 1510/2435/2234 2160/2434/2233 2146/2429/2228 1496/2428/2227
f 2166/2478/2277 1515/2479/2278 1665/2480/2279 2323/2481/2280
f 1490/2405/2204 1520/2482/2281 1637/2483/2282 1636/2403/2202
f 2007/2484/2283 2714/2485/2284 2144/2486/2285 1493/2487/2286
f 2005/2488/2287 2711/2489/2288 2143/2490/2289 1492/2491/2290
f 1931/2492/2291 1651/2493/2292 1583/2494/2293 1928/2495/2294
f 1697/2496/2295 1698/2497/2296 1753/2498/2297 1752/2499/2298
f 1521/2402/2201 2172/2401/2200 2141/2500/2299 1490/2501/2300
f 1763/2502/2301 2426/2503/2302 2140/2394/2193 1489/2393/2192
f 1524/2392/2191 2175/2391/2190 2139/2504/2303 1488/2505/2304
f 1531/2506/2305 2088/2507/2306 2138/2390/2189 1487/2389/2188
f 1702/2508/2307 1920/2509/2308 1749/2510/2309
f 1511/2431/2230 2161/2430/2229 2137/2511/2310 1486/2512/2311
f 1507/2445/2244 2157/2444/2243 2136/2513/2312 1485/2514/2313
f 1509/2439/2238 2159/2438/2237 2135/2515/2314 1484/2516/2315
f 1504/2455/2254 2154/2454/2253 2134/2447/2246 1483/2446/2245
f 1563/2517/2316 2215/2518/2317 2133/2441/2240 1482/2440/2239
f 1497/2477/2276 2147/2476/2275 2132/2473/2272 1481/2472/2271
f 1525/2388/2187 2176/2387/2186 2131/2519/2318 1480/2520/2319
f 1480/2520/2319 2131/2519/2318 2130/2463/2262 1479/2462/2261
f 1502/2461/2260 2152/2460/2259 2129/2457/2256 1478/2456/2255
f 1498/2475/2274 2148/2474/2273 2128/2386/2185 1477/2385/2184
f 1470/2521/2320 2121/2522/2321 2123/2469/2268 1472/2468/2267
f 1527/2380/2179 2178/2379/2178 2122/2523/2322 1471/2524/2323
f 1471/2524/2323 2122/2523/2322 2121/2522/2321 1470/2521/2320
f 1468/2525/2324 2119/2526/2325 2120/2382/2181 1469/2381/2180
f 1526/2384/2183 2177/2383/2182 2118/2378/2177 1467/2377/2176
f 1456/2368/2167 2106/2367/2166 2117/2527/2326 1466/2528/2327
f 1499/2471/2270 2149/2470/2269 2116/2465/2328 1465/2464/2329
f 1459/2529/2330 1587/2530/2331 1588/475/303 1455/474/302
f 1454/2531/2332 1586/2532/2333 1587/2530/2331 1459/2529/2330
f 2108/2340/2139 1457/2339/2138 1454/2346/2145 2109/2345/2144
f 1457/2533/2334 1589/2534/2335 1586/2532/2333 1454/2531/2332
f 1534/2535/2336 1533/2536/2337 1587/2530/2331 1586/2532/2333
f 2009/2537/2338 1588/475/303 1587/2530/2331 1533/2536/2337
f 1538/2538/2339 1537/2539/2340 1591/2540/2341 1592/2541/2342
f 1461/2542/2343 1591/2540/2341 1590/2543/2344 1458/2544/2345
f 1458/2544/2345 1590/2543/2344 1589/2534/2335 1457/2533/2334
f 1537/2539/2340 1536/2545/2346 1590/2543/2344 1591/2540/2341
f 1543/2546/2347 1594/2547/2348 1593/2548/2349 1539/2549/2350
f 1542/2550/2351 1594/2547/2348 1592/2541/2342 1460/2551/2352
f 1538/2538/2339 1592/2541/2342 1594/2547/2348 1543/2546/2347
f 1461/2542/2343 1460/2551/2352 1592/2541/2342 1591/2540/2341
f 1462/2552/2353 1593/2548/2349 1594/2547/2348 1542/2550/2351
f 1782/2553/2354 1627/2554/2355 1575/2555/2356 1781/2556/2357
f 2113/2354/2153 1462/2353/2152 1542/2348/2147 2193/2347/2146
f 1640/2557/2358 1654/2558/2359 1929/2559/2360 1930/2560/2361
f 1547/2561/2362 1600/2562/2363 1601/2563/2364 1548/2564/2365
f 1536/2545/2346 1535/2565/2366 1589/2534/2335 1590/2543/2344
f 1539/2549/2350 1593/2548/2349 1595/2566/2367 1540/2567/2368
f 1540/2568/2369 1541/2569/2370 1852/2570/2371 1854/2571/2372
f 1598/2572/2373 1545/2573/2374 1544/2574/2375 1597/2575/2376
f 1540/2567/2368 1595/2566/2367 1596/2576/2377 1541/2577/2378
f 1463/2578/2379 1596/2576/2377 1476/2579/2380
f 1541/2569/2370 1544/2580/2381 1850/2581/2382 1852/2570/2371
f 1544/2580/2381 1545/2582/2383 1849/2583/2383 1850/2581/2382
f 1456/2584/2384 1599/2585/2385 1598/2572/2373 1528/2586/2386
f 1599/2585/2385 1546/2587/2387 1545/2573/2374 1598/2572/2373
f 1466/2588/2388 1600/2562/2363 1599/2585/2385 1456/2584/2384
f 1535/2565/2366 1534/2535/2336 1586/2532/2333 1589/2534/2335
f 1600/2562/2363 1547/2561/2362 1546/2587/2387 1599/2585/2385
f 1469/2589/2389 1602/2590/2390 1601/2563/2364 1468/2591/2391
f 1548/2564/2365 1601/2563/2364 1602/2590/2390 1549/2592/2392
f 1526/2593/2393 1603/2594/2394 1602/2590/2390 1469/2589/2389
f 1549/2592/2392 1602/2590/2390 1603/2594/2394 1550/2595/2395
f 1550/2595/2395 1603/2594/2394 1604/2596/2396 1551/2597/2397
f 1550/2598/2398 1551/2599/2399 1833/2600/2399 1835/2601/2400
f 1470/2602/2401 1605/2603/2402 1604/2596/2396 1471/2604/2403
f 1551/2599/2399 1552/2605/2404 1831/2606/2405 1833/2600/2399
f 1500/2607/2406 1607/2608/2407 1606/2609/2408 1465/2610/2409
f 1552/2611/2410 1605/2603/2402 1606/2609/2408 1553/2612/2411
f 1552/2605/2404 1553/2613/2412 1829/2614/2413 1831/2606/2405
f 1553/2613/2412 1554/2615/2414 1827/2616/2414 1829/2614/2413
f 1827/2617/2415 1828/2618/2416 1830/2619/2417 1829/2620/2418
f 1481/2621/2419 1607/2608/2407 1497/2622/2420
f 1554/2615/2414 1555/2623/2421 1826/2624/2422 1827/2616/2414
f 1826/2625/2423 1825/2626/2424 1828/2618/2416 1827/2617/2415
f 1525/2627/2425 1609/2628/2426 1608/2629/2427 1477/2630/2428
f 1555/2623/2421 1556/2631/2429 1824/2632/2430 1826/2624/2422
f 1556/2631/2429 1557/2633/2431 1770/2634/2432 1824/2632/2430
f 1887/2635/2433 1823/2636/2434 1771/2637/2435 1886/2638/2436
f 1770/2639/2437 1771/2640/2438 1823/2641/2439 1824/2642/2440
f 1504/2643/2441 1612/2644/2442 1611/2645/2443 1503/2646/2444
f 1557/2647/2445 1611/2645/2443 1612/2644/2442 1558/2648/2446
f 1483/2649/2447 1613/2650/2448 1612/2644/2442 1504/2643/2441
f 1558/2648/2446 1612/2644/2442 1613/2650/2448 1559/2651/2449
f 1506/2652/2450 1614/2653/2451 1613/2650/2448 1483/2649/2447
f 1559/2651/2449 1613/2650/2448 1614/2653/2451 1560/2654/2452
f 1563/2655/2453 1617/2656/2454 1615/2657/2455 1505/2658/2456
f 1560/2654/2452 1614/2653/2451 1615/2657/2455 1561/2659/2457
f 1482/2660/2458 1616/2661/2459 1617/2656/2454 1563/2655/2453
f 1505/2658/2456 1615/2657/2455 1614/2653/2451 1506/2652/2450
f 1564/2662/2460 1617/2656/2454 1616/2661/2459 1562/2663/2461
f 1505/2451/2250 2155/2450/2249 2215/2518/2317 1563/2517/2316
f 1561/2659/2457 1615/2657/2455 1617/2656/2454 1564/2662/2460
f 1508/2664/2462 1618/2665/2463 1616/2661/2459 1482/2660/2458
f 1508/2664/2462 1507/2666/2464 1619/2667/2465 1618/2665/2463
f 1562/2663/2461 1616/2661/2459 1618/2665/2463 1565/2668/2466
f 1566/2669/2467 1565/2668/2466 1618/2665/2463 1619/2667/2465
f 1619/2667/2465 1507/2666/2464 1485/2670/2468 1620/2671/2469
f 1566/2669/2467 1619/2667/2465 1620/2671/2469 1567/2672/2470
f 1567/2672/2470 1620/2671/2469 1805/2673/2471 1804/2674/2472
f 1804/2674/2472 1805/2673/2471 1621/2675/2473 1568/2676/2474
f 1621/2675/2473 1622/2677/2475 1570/2678/2476 1568/2676/2474
f 1798/2679/2477 1622/2677/2475 1484/2680/2478 1796/2681/2479
f 1570/2678/2476 1622/2677/2475 1798/2679/2477 1797/2682/2480
f 1496/2683/2481 1624/2684/2482 1623/2685/2483 1510/2686/2484
f 1624/2684/2482 1572/2687/2485 1571/2688/2486 1623/2685/2483
f 1511/2689/2487 1625/2690/2488 1624/2684/2482 1496/2683/2481
f 1573/2691/2489 1572/2687/2485 1624/2684/2482 1625/2690/2488
f 1486/2692/2490 1626/2693/2491 1625/2690/2488 1511/2689/2487
f 1798/2679/2477 1623/2685/2483 1571/2688/2486 1797/2682/2480
f 1573/2691/2489 1625/2690/2488 1626/2693/2491 1574/2694/2492
f 1780/2695/2493 1782/2553/2354 1626/2693/2491 1486/2692/2490
f 1574/2694/2492 1626/2693/2491 1782/2553/2354 1781/2556/2357
f 1991/2696/2494 1575/2555/2356 1627/2554/2355
f 1512/2427/2226 2162/2426/2225 2237/2697/2495 1584/2698/2496
f 1627/2554/2355 1513/2699/2497 1512/2700/2498 1628/2701/2499
f 1803/2702/2500 1509/2703/2501 1621/2675/2473 1805/2673/2471
f 1509/2703/2501 1484/2680/2478 1622/2677/2475 1621/2675/2473
f 1636/2403/2202 1516/2704/2502 1521/2404/2203
f 1522/2413/2212 1516/2704/2502 1636/2403/2202 1633/2414/2213
f 1632/2415/2214 1631/2705/2503 1489/2706/2504 1523/2412/2211
f 1762/2707/2505 1763/2708/2506 1489/2706/2504 1631/2705/2503
f 1518/2709/2507 1638/2710/2507 1637/2483/2282 1520/2482/2281
f 1529/2421/2220 2180/2420/2219 2284/2711/2508 1630/2712/2509
f 1493/2487/2286 2144/2486/2285 2711/2489/2288 2005/2488/2287
f 1649/2713/2510 1650/2714/2511 1655/2715/2512 1657/2716/2513
f 1760/2717/2514 1758/2718/2515 1759/2719/2516 1761/2720/2517
f 1649/2713/2510 1648/2721/2518 1642/2722/2519 1641/2723/2520
f 1520/2724/2521 1490/2501/2300 2141/2500/2299 2171/2725/2522
f 1517/2411/2523 1639/2726/2524 1638/2727/2525 1518/2408/2525
f 1927/2728/2526 1674/2729/2527 1673/2730/2528
f 1643/2731/2529 1647/2732/2530 1646/2733/2531 1644/2734/2532
f 1642/2722/2519 1648/2721/2518 1647/2732/2530 1643/2731/2529
f 1741/2735/2533 1582/2736/2534 1642/2722/2519 1643/2731/2529
f 1657/2716/2513 1658/2737/2535 1648/2721/2518 1649/2713/2510
f 1629/2738/2536 1652/2739/2537 1931/2492/2291 1928/2495/2294
f 1751/2740/2538 1637/2741/2539 1638/2742/2540 1750/2743/2541
f 1729/2744/2542 1728/2745/2543 2608/2746/2544 2609/2747/2545
f 1577/2748/2546 1576/2749/2547 1583/2494/2293 1645/2750/2548
f 1641/2723/2520 1645/2750/2548 1650/2714/2511 1649/2713/2510
f 2237/2697/2495 2164/2419/2218 1514/2418/2217 1584/2698/2496
f 1628/2701/2499 1512/2700/2498 1584/2751/2549 1629/2738/2536
f 2139/2504/2303 2289/2752/2550 1634/2753/2551 1488/2505/2304
f 1643/2731/2529 1995/2754/2552 1581/2755/2553
f 1583/2494/2293 1651/2493/2292 1650/2714/2511 1645/2750/2548
f 1654/2558/2359 1651/2493/2292 1931/2492/2291 1929/2559/2360
f 1629/2738/2536 1584/2751/2549 1514/2756/2554 1652/2739/2537
f 1641/2723/2520 1585/2757/2555 1577/2748/2546 1645/2750/2548
f 1659/2758/2556 1660/2759/2557 1646/2733/2531 1647/2732/2530
f 1658/2737/2535 1659/2758/2556 1647/2732/2530 1648/2721/2518
f 1923/2760/2558 1922/2761/2559 1635/2762/2560
f 1667/2763/2561 1674/2729/2527 1666/2764/2562
f 1653/2765/2563 1652/2739/2537 1514/2756/2554 1529/2766/2564
f 1672/2767/2565 1673/2730/2528 1669/2768/2566 1530/2769/2567
f 1655/2715/2512 1650/2714/2511 1651/2493/2292 1654/2558/2359
f 1641/2723/2520 1773/2770/2568 1585/2757/2555
f 1630/2771/2569 1656/2772/2570 1653/2765/2563 1529/2766/2564
f 2333/2773/2571 2145/2774/2572 1495/2775/2573 1672/2776/2574
f 2166/2478/2277 2088/2507/2306 1531/2506/2305 1515/2479/2278
f 2317/2777/2575 2319/2778/2576 1663/2779/2577 1662/2780/2578
f 1661/2781/2579 2325/2782/2580 2321/2783/2581 1664/2784/2582
f 1664/2784/2583 2321/2783/2584 2323/2481/2280 1665/2480/2279
f 1762/2707/2505 1760/2717/2514 1761/2720/2517 1763/2708/2506
f 1662/2785/2585 1663/2786/2586 1530/2769/2567 1669/2768/2566
f 1640/2557/2358 1674/2729/2527 1670/2787/2587
f 1579/2788/2588 1660/2759/2557 1659/2758/2556 1666/2764/2562
f 1667/2763/2561 1666/2764/2562 1659/2758/2556 1658/2737/2535
f 1668/2789/2589 1667/2763/2561 1658/2737/2535 1657/2716/2513
f 1670/2787/2587 1668/2789/2589 1657/2716/2513 1655/2715/2512
f 1640/2557/2358 1670/2787/2587 1655/2715/2512 1654/2558/2359
f 1495/2775/2573 2145/2774/2572 2332/2790/2590 1671/2791/2591
f 1662/2785/2585 1669/2768/2566 1656/2772/2570 1630/2771/2569
f 1495/2792/2592 1673/2730/2528 1672/2767/2565
f 1495/2792/2592 1671/2793/2593 1673/2730/2528
f 1661/2794/2594 1665/2795/2595 1673/2730/2528 1671/2793/2593
f 2284/2711/2508 2317/2777/2575 1662/2780/2578 1630/2712/2509
f 1673/2730/2528 1640/2557/2358 1930/2560/2361
f 1670/2787/2587 1674/2729/2527 1668/2789/2589
f 1667/2763/2561 1668/2789/2589 1674/2729/2527
f 1666/2764/2562 1674/2729/2527 1579/2788/2588
f 1680/2796/2596 1679/2797/2597 1711/2798/2598 1712/2799/2599
f 1675/2800/2600 1706/2801/2601 1738/2802/2602 1707/2803/2603
f 1639/2804/2604 1750/2743/2541 1638/2742/2540
f 1681/2805/2605 1680/2796/2596 1712/2799/2599 1713/2806/2606
f 1682/2807/2607 1681/2805/2605 1713/2806/2606 1714/2808/2608
f 1696/2809/2609 1695/2810/2610 1727/2811/2611 1728/2812/2612
f 1683/2813/2613 1682/2807/2607 1714/2808/2608 1715/2814/2614
f 1684/2815/2615 1683/2813/2613 1715/2814/2614 1716/2816/2616
f 1698/2817/2617 1697/2818/2618 1729/2819/2619 1730/2820/2617
f 1685/2821/2620 1684/2815/2615 1716/2816/2616 1717/2822/2621
f 1699/2823/2622 1698/2817/2617 1730/2820/2617 1731/2824/2622
f 1686/2825/2623 1685/2821/2620 1717/2822/2621 1718/2826/2624
f 1700/2827/2625 1699/2823/2622 1731/2824/2622 1732/2828/2626
f 1687/2829/2627 1686/2825/2623 1718/2826/2624 1719/2830/2628
f 1701/2831/2629 1700/2827/2625 1732/2828/2626 1733/2832/2630
f 1688/2833/2631 1687/2829/2627 1719/2830/2628 1720/2834/2632
f 1702/2835/2633 1701/2831/2629 1733/2832/2630 1734/2836/2634
f 1689/2837/2635 1688/2833/2631 1720/2834/2632 1721/2838/2636
f 1676/2839/2637 1675/2800/2600 1707/2803/2603 1708/2840/2638
f 1703/2841/2639 1702/2835/2633 1734/2836/2634 1735/2842/2640
f 1690/2843/2641 1689/2837/2635 1721/2838/2636 1722/2844/2642
f 1677/2845/2643 1676/2839/2637 1708/2840/2638 1709/2846/2644
f 1747/2847/2645 1703/2848/2646 1704/2849/2647 1996/2850/2648
f 1691/797/621 1690/2843/2641 1722/2844/2642 1723/798/621
f 1678/2851/2649 1677/2845/2643 1709/2846/2644 1710/2852/2650
f 1705/2853/2651 1704/2854/2652 1736/2855/2653 1737/2856/2654
f 1679/2797/2597 1678/2851/2649 1710/2852/2650 1711/2798/2598
f 1706/2801/2601 1705/2853/2651 1737/2856/2654 1738/2802/2602
f 1693/2857/2655 1692/808/630 1724/807/630 1725/2858/2656
f 1743/2859/2657 1742/2860/2658 1739/2861/2659 1740/2862/2660
f 1744/2863/2661 1743/2859/2657 1740/2862/2660 1582/2864/2662
f 1745/2865/2663 1744/2863/2661 1582/2864/2662 1741/2866/2664
f 1746/2867/2665 1745/2865/2663 1741/2866/2664 1581/2868/2666
f 1704/2849/2647 1705/2869/2667 1745/2870/2668 1746/2871/2669
f 1705/2869/2667 1706/2872/2670 1744/2873/2671 1745/2870/2668
f 1706/2872/2670 1675/2874/2672 1743/2875/2657 1744/2873/2671
f 1675/2874/2672 1676/2876/2673 1742/2877/2658 1743/2875/2657
f 1995/2878/2674 1996/2879/2675 1746/2867/2665 1581/2868/2666
f 1580/2880/2676 1995/2754/2552 1643/2731/2529 1644/2734/2532
f 1578/2881/2677 1748/2882/2678 1747/2883/2679 1580/2884/2680
f 1704/2849/2647 1746/2871/2669 1996/2850/2648
f 1922/2885/2681 1923/2886/2682 1920/2887/2683 1921/2888/2684
f 1699/2889/2685 1700/2890/2686 1755/2891/2687 1754/2892/2688
f 1698/2497/2296 1699/2889/2685 1754/2892/2688 1753/2498/2297
f 1752/2499/2298 1751/2740/2538 1696/2893/2689 1697/2496/2295
f 1704/2854/2652 1703/2841/2639 1735/2842/2640 1736/2855/2653
f 1700/2890/2686 1701/2894/2690 1756/2895/2691 1755/2891/2687
f 1757/2896/2692 1756/2895/2691 1701/2894/2690 1702/2508/2307
f 1634/2753/2551 2289/2752/2550 2434/2897/2693 1769/2898/2694
f 1923/2886/2682 1758/2899/2695 1749/2900/2696 1920/2887/2683
f 1759/2719/2516 1758/2718/2515 1923/2760/2558 1769/2901/2697
f 1759/2902/2698 2420/2903/2699 2423/2904/2700 1761/2905/2701
f 1757/2906/2702 1749/2900/2696 1758/2899/2695 1760/2907/2703
f 1761/2905/2701 2423/2904/2700 2426/2503/2302 1763/2502/2301
f 1756/2908/2704 1757/2906/2702 1760/2907/2703 1762/2909/2705
f 1631/2910/2706 1755/2911/2707 1756/2908/2704 1762/2909/2705
f 1632/2912/2708 1754/2913/2709 1755/2911/2707 1631/2910/2706
f 1633/2914/2710 1753/2915/2711 1754/2913/2709 1632/2912/2708
f 2142/866/97 1491/351/177 1519/2406/2205 2170/2916/2712
f 1646/2733/2531 1494/2917/2713 1635/2762/2560 1644/2734/2532
f 2606/2918/2714 1726/2919/2715 1919/2920/2716 2621/2921/2717
f 1558/2922/2718 1822/2923/2719 1770/2634/2432 1557/2633/2431
f 1750/2743/2541 1696/2893/2689 1751/2740/2538
f 1727/2924/2720 1726/2919/2715 2606/2918/2714 2607/2925/2721
f 1692/877/696 1693/2926/2722 2017/2927/2723 2012/878/697
f 1520/2724/2521 2171/2725/2522 2169/2409/2208 1518/2408/2207
f 1636/2928/2724 1752/2929/2725 1753/2915/2711 1633/2914/2710
f 1994/2930/2726 1993/2931/2727 1739/2861/2659 1742/2860/2658
f 1772/2932/2728 1585/2933/2729 1773/2934/2730 1774/2935/2731
f 1775/2936/2732 1577/2937/2733 1585/2933/2729 1772/2932/2728
f 1776/2938/2734 1576/2939/2735 1577/2937/2733 1775/2936/2732
f 1990/2940/2736 1989/2941/2737 1576/2939/2735 1776/2938/2734
f 1992/2942/2738 1991/2943/2739 1569/2944/2740 1777/2945/2741
f 1676/2876/2673 1994/2946/2742 1742/2877/2658
f 1678/2947/2743 1679/2948/2744 1779/2949/2745 1778/2950/2746
f 1679/2948/2744 1680/2951/2747 1783/2952/2748 1779/2949/2745
f 1680/2951/2747 1681/2953/2749 1784/2954/2750 1783/2952/2748
f 1513/2699/2497 1627/2554/2355 1782/2553/2354 1780/2695/2493
f 1486/2512/2311 2137/2511/2310 2447/2423/2222 1780/2422/2221
f 1781/2955/2751 1575/2956/2752 1778/2957/2753 1779/2958/2754
f 1681/2953/2749 1682/2959/2755 1785/2960/2756 1784/2954/2750
f 1574/2961/2757 1781/2955/2751 1779/2958/2754 1783/2962/2758
f 1682/2959/2755 1683/2963/2759 1786/2964/2760 1785/2960/2756
f 1573/2965/2761 1574/2961/2757 1783/2962/2758 1784/2966/2762
f 1793/2967/2763 1786/2964/2760 1683/2963/2759 1684/2968/2764
f 1572/2969/2765 1573/2965/2761 1784/2966/2762 1785/2970/2766
f 1684/2968/2764 1685/2971/2767 1799/2972/2768 1793/2967/2763
f 1641/2723/2520 1993/2973/2769 1773/2770/2568
f 2615/2974/2770 2616/2975/2771 1736/2976/2772 1735/2977/2773
f 1582/2736/2534 1740/2978/2774 1642/2722/2519
f 1581/2755/2553 1741/2735/2533 1643/2731/2529
f 1571/2979/2775 1572/2969/2765 1785/2970/2766 1786/2980/2776
f 1691/934/753 1787/936/755 2025/2981/2777
f 1689/2982/2778 2023/2983/2779 1789/2984/2780
f 1688/2985/2781 1689/2982/2778 1789/2984/2780 1790/2986/2782
f 1688/2985/2781 1790/2986/2782 2021/2987/2783
f 1686/2988/2784 1687/2989/2785 1791/2990/2786 1792/2991/2787
f 1623/2685/2483 1798/2679/2477 1796/2681/2479 1510/2686/2484
f 1466/2528/2327 2117/2527/2326 2119/2526/2325 1468/2525/2324
f 1484/2516/2315 2135/2515/2314 2464/2433/2232 1796/2432/2231
f 1685/2971/2767 1686/2988/2784 1800/2992/2788 1799/2972/2768
f 1797/2993/2789 1571/2979/2775 1786/2980/2776 1793/2994/2790
f 1800/2992/2788 1794/2995/2791 1795/2996/2792 1806/2997/2793
f 1570/2998/2794 1797/2993/2789 1793/2994/2790 1799/2999/2795
f 1876/3000/2796 1794/3001/2796 1792/3002/2796 1875/3003/2796
f 1775/3004/2797 1777/3005/2798 1990/3006/2799 1776/3007/2799
f 1568/3008/2800 1570/2998/2794 1799/2999/2795 1800/3009/2801
f 1485/2670/2468 1803/2702/2500 1805/2673/2471 1620/2671/2469
f 1485/2514/2313 2136/2513/2312 2472/2437/2236 1803/2436/2235
f 1804/3010/2802 1568/3008/2800 1800/3009/2801 1806/3011/2803
f 1802/3012/2804 1806/2997/2793 1795/2996/2792 1801/3013/2805
f 1802/3012/2804 1801/3013/2805 1807/3014/2806 1808/3015/2807
f 1802/3016/2808 1567/3017/2809 1804/3010/2802 1806/3011/2803
f 1808/3015/2807 1807/3014/2806 1809/3018/2810 1810/3019/2811
f 1566/3020/2812 1567/3017/2809 1802/3016/2808 1808/3021/2813
f 1565/3022/2814 1566/3020/2812 1808/3021/2813 1810/3023/2815
f 1810/3019/2811 1809/3018/2810 1811/3024/2816 1812/3025/2817
f 1812/3025/2817 1811/3024/2816 1813/3026/2818 1814/3027/2819
f 1562/3028/2820 1565/3022/2814 1810/3023/2815 1812/3029/2821
f 1814/3027/2819 1813/3026/2818 1815/3030/2822 1816/3031/2823
f 1564/3032/2824 1562/3028/2820 1812/3029/2821 1814/3033/2825
f 1816/3031/2823 1815/3030/2822 1817/3034/2826 1818/3035/2827
f 1561/3036/2828 1564/3032/2824 1814/3033/2825 1816/3037/2829
f 1561/3036/2828 1816/3037/2829 1818/3038/2830 1560/3039/2831
f 1818/3035/2827 1817/3034/2826 1819/3040/2832 1820/3041/2833
f 1820/3041/2833 1819/3040/2832 1821/3042/2834 1822/3043/2835
f 1559/3044/2836 1560/3039/2831 1818/3038/2830 1820/3045/2837
f 1955/3046/2838 1957/3047/2839 1908/1003/818 1907/1002/817
f 1558/2922/2718 1559/3044/2836 1820/3045/2837 1822/2923/2719
f 1888/3048/2840 1825/3049/2841 1823/2636/2434 1887/2635/2433
f 1825/2626/2424 1826/2625/2423 1824/2642/2440 1823/2641/2439
f 1951/3050/2842 1953/3051/2843 1906/1009/824 1905/1008/823
f 1889/3052/2844 1828/3053/2845 1825/3049/2841 1888/3048/2840
f 1949/3054/2846 1951/3050/2842 1905/1008/823 1904/1014/829
f 1890/3055/2847 1830/3056/2848 1828/3053/2845 1889/3052/2844
f 1891/3057/2849 1832/3058/2850 1830/3056/2848 1890/3055/2847
f 1829/2620/2418 1830/2619/2417 1832/3059/2851 1831/3060/2852
f 1892/3061/2853 1834/3062/2854 1832/3058/2850 1891/3057/2849
f 1831/3060/2852 1832/3059/2851 1834/3063/2855 1833/3064/2856
f 1893/3065/2857 1836/3066/2858 1834/3062/2854 1892/3061/2853
f 1833/3064/2856 1834/3063/2855 1836/3067/2859 1835/3068/2860
f 1835/3068/2860 1836/3067/2859 1837/3069/2861 1838/3070/2862
f 1838/3070/2862 1837/3069/2861 1840/3071/2863 1839/3072/2864
f 1549/3073/2865 1550/2598/2398 1835/2601/2400 1838/3074/2866
f 1548/3075/2867 1549/3073/2865 1838/3074/2866 1839/3076/2868
f 1847/1037/852 1848/1040/855 1849/3077/2869 1846/3078/2870
f 1548/3075/2867 1839/3076/2868 1841/3079/2871 1547/3080/2872
f 1986/3081/2873 1839/3072/2864 1843/3082/2874
f 1851/1045/860 1850/3083/2875 1849/3077/2869 1848/1040/855
f 1546/3084/2876 1547/3080/2872 1841/3079/2871 1846/3085/2877
f 1546/3084/2876 1846/3085/2877 1849/2583/2383 1545/2582/2383
f 1853/1049/864 1852/3086/2878 1850/3083/2875 1851/1045/860
f 1855/1051/866 1854/3087/2879 1852/3086/2878 1853/1049/864
f 1855/1051/866 1857/1054/869 1856/3088/2880 1854/3087/2879
f 1473/3089/2881 1597/2575/2376 1596/2576/2377 1463/2578/2379
f 1857/1054/869 1859/1057/872 1858/3090/2882 1856/3088/2880
f 1859/1057/872 1861/1059/874 1860/3091/2883 1858/3090/2882
f 1539/3092/2884 1540/2568/2369 1854/2571/2372 1856/3093/2885
f 1861/1059/874 1863/1063/878 1862/3094/2886 1860/3091/2883
f 1543/3095/2887 1539/3092/2884 1856/3093/2885 1858/3096/2888
f 1863/1063/878 1865/1067/882 1864/3097/2889 1862/3094/2886
f 1538/3098/2890 1543/3095/2887 1858/3096/2888 1860/3099/2891
f 1866/3100/2892 1864/3097/2889 1865/1067/882 1932/1071/886
f 1537/3101/2893 1538/3098/2890 1860/3099/2891 1862/3102/2894
f 1979/3103/2895 1841/3104/2896 1839/3072/2864 1986/3081/2873
f 1536/3105/2897 1537/3101/2893 1862/3102/2894 1864/3106/2898
f 1535/2343/2142 1536/3105/2897 1864/3106/2898 1866/2344/2143
f 1869/2341/2140 1868/3107/2899 1533/3108/2900 1534/2342/2141
f 2010/3109/2901 1867/1083/897 1532/1082/897 2009/3110/2902
f 1987/3111/2903 1986/3112/2904 1843/3113/2905 1896/3114/2906
f 1895/3115/2907 1840/3116/2908 1837/3117/2909 1894/3118/2910
f 1894/3118/2910 1837/3117/2909 1836/3066/2858 1893/3065/2857
f 1945/3119/2911 1902/1095/909 1901/1094/908 1943/3120/2912
f 1947/3121/2913 1903/1097/911 1902/1095/909 1945/3119/2911
f 1949/3054/2846 1904/1014/829 1903/1097/911 1947/3121/2913
f 1955/3046/2838 1907/1002/817 1906/1009/824 1953/3051/2843
f 1886/2638/2436 1771/2637/2435 1821/3122/2914 1885/3123/2915
f 1885/3123/2915 1821/3122/2914 1819/3124/2916 1884/3125/2917
f 1884/3125/2917 1819/3124/2916 1817/3126/2918 1883/3127/2919
f 1883/3127/2919 1817/3126/2918 1815/3128/2920 1882/3129/2921
f 1882/3129/2921 1815/3128/2920 1813/3130/2922 1881/3131/2923
f 1881/3131/2923 1813/3130/2922 1811/3132/2924 1880/3133/2925
f 1880/3133/2925 1811/3132/2924 1809/3134/2926 1879/3135/2927
f 1879/3135/2927 1809/3134/2926 1807/3136/2928 1878/3137/2929
f 1878/3137/2929 1807/3136/2928 1801/3138/2930 1877/3139/2931
f 1877/3139/2931 1801/3138/2930 1795/3140/2932 1978/3141/2933
f 1978/3141/2933 1795/3140/2932 1794/3001/2934 1876/3000/2934
f 1875/3003/2935 1792/3002/2935 1791/3142/2936 1874/3143/2937
f 2022/3144/2938 2021/3145/2939 1790/3146/2940 1873/3147/2941
f 1873/3147/2941 1790/3146/2940 1789/3148/2942 1872/3149/2943
f 2024/3150/2944 2023/3151/2945 1788/3152/2946 1871/3153/2947
f 2026/3154/2948 2025/3155/2949 1787/1132/947 1870/1131/947
f 1943/3120/2912 1901/1094/908 1900/1135/950 1940/3156/2950
f 1896/3114/2906 1843/3113/2905 1840/3116/2908 1895/3115/2907
f 1957/3047/2839 1959/3157/2951 1909/1136/951 1908/1003/818
f 1959/3157/2951 1961/3158/2952 1910/1138/953 1909/1136/951
f 1963/3159/2953 1911/1141/956 1910/1138/953 1961/3158/2952
f 1963/3159/2953 1965/3160/2954 1912/1142/957 1911/1141/956
f 1965/3160/2954 1967/3161/2955 1913/1144/959 1912/1142/957
f 1967/3161/2955 1969/3162/2956 1914/1146/961 1913/1144/959
f 1969/3162/2956 1971/3163/2957 1915/1148/963 1914/1146/961
f 1973/3164/2958 1916/1151/966 1915/1148/963 1971/3163/2957
f 1973/3164/2958 1975/3165/2959 1917/1152/967 1916/1151/966
f 1775/3004/2797 1992/3166/2960 1777/3005/2798
f 1772/3167/2961 1677/3168/2962 1992/3166/2960 1775/3004/2797
f 1686/2988/2784 1794/2995/2791 1800/2992/2788
f 1771/2640/2438 1770/2639/2437 1822/3043/2835 1821/3042/2834
f 1711/3169/2963 1710/3170/2964 2590/3171/2965 2591/3172/2966
f 1707/3173/2967 1738/3174/2968 2618/3175/2969 2587/3176/2970
f 1712/3177/2971 1711/3169/2963 2591/3172/2966 2592/3178/2972
f 1713/3179/2973 1712/3177/2971 2592/3178/2972 2593/3180/2974
f 1728/2745/2543 1727/2924/2720 2607/2925/2721 2608/2746/2544
f 1714/3181/2975 1713/3179/2973 2593/3180/2974 2594/3182/2976
f 1725/2858/2656 1919/3183/2977 1918/3184/2978 1693/2857/2655
f 1636/2928/2724 1637/3185/2539 1751/3186/2538 1752/2929/2725
f 1715/3187/2979 1714/3181/2975 2594/3182/2976 2595/3188/2980
f 1730/3189/2981 1729/2744/2542 2609/2747/2545 2610/3190/2982
f 1716/3191/2983 1715/3187/2979 2595/3188/2980 2596/3192/2984
f 1731/3193/2985 1730/3189/2981 2610/3190/2982 2611/3194/2986
f 1717/3195/2987 1716/3191/2983 2596/3192/2984 2597/3196/2988
f 1732/3197/2989 1731/3193/2985 2611/3194/2986 2612/3198/2990
f 1718/3199/2991 1717/3195/2987 2597/3196/2988 2598/3200/2992
f 1733/3201/2993 1732/3197/2989 2612/3198/2990 2613/3202/2994
f 1719/3203/2995 1718/3199/2991 2598/3200/2992 2599/3204/2996
f 1734/3205/2997 1733/3201/2993 2613/3202/2994 2614/3206/2998
f 1720/3207/2999 1719/3203/2995 2599/3204/2996 2600/3208/3000
f 1735/2977/2773 1734/3205/2997 2614/3206/2998 2615/2974/2770
f 1721/3209/3001 1720/3207/2999 2600/3208/3000 2601/3210/3002
f 1708/3211/3003 1707/3173/2967 2587/3176/2970 2588/3212/3004
f 1722/3213/3005 1721/3209/3001 2601/3210/3002 2602/3214/3006
f 1725/3215/3007 1724/1206/1018 2604/1205/100 2605/3216/3008
f 1726/3217/3009 1694/3218/3010 1918/3184/2978 1919/3183/2977
f 1709/3219/3011 1708/3211/3003 2588/3212/3004 2589/3220/3012
f 1737/3221/3013 1736/2976/2772 2616/2975/2771 2617/3222/3014
f 1723/1213/1025 1722/3213/3005 2602/3214/3006 2603/1214/97
f 1710/3170/2964 1709/3219/3011 2589/3220/3012 2590/3171/2965
f 1738/3174/2968 1737/3221/3013 2617/3222/3014 2618/3175/2969
f 1729/2819/2619 1697/2818/2618 1696/2809/2609 1728/2812/2612
f 1522/2398/2197 2173/2397/2196 2167/2400/2199 1516/2399/2198
f 2605/3216/3008 2621/2921/2717 1919/2920/2716 1725/3215/3007
f 2020/3223/3015 1918/3224/3016 1694/3225/3017 2016/3226/3018
f 1702/2508/2307 1748/3227/3019 1921/3228/3020 1920/2509/2308
f 1726/3217/3009 1727/2811/2611 1695/2810/2610 1694/3218/3010
f 1694/3225/3017 2013/3229/3021 2016/3226/3018
f 2000/3230/3022 2013/3229/3021 2014/3231/3023 2004/3232/3024
f 1488/3233/3025 1634/3234/3026 1635/2762/2560 1494/2917/2713
f 1664/3235/3027 1665/2795/2595 1661/2794/2594
f 1772/3167/2961 1774/3236/3028 1677/3168/2962
f 1983/3237/3029 1981/1232/1043 1898/1231/1042 1937/3238/3030
f 1940/3156/2950 1900/1135/950 1899/1234/1045 1938/3239/3031
f 1541/2577/2378 1596/2576/2377 1597/2575/2376 1544/2574/2375
f 1931/2492/2291 1652/2739/2537 1653/2765/2563 1929/2559/2360
f 1578/2881/2677 1922/2885/2681 1921/2888/2684 1748/2882/2678
f 1769/2898/2694 2434/2897/2693 2420/2903/2699 1759/2902/2698
f 1922/2761/2559 1578/3240/3032 1644/2734/2532 1635/2762/2560
f 1578/3240/3032 1580/2880/2676 1644/2734/2532
f 1769/2901/2697 1923/2760/2558 1635/2762/2560 1634/3234/3026
f 1530/2371/2170 2181/2370/2169 2333/2773/3033 1672/2776/3034
f 1671/2791/2591 2332/2790/2590 2325/2782/2580 1661/2781/2579
f 1515/3241/3035 1531/2417/2216 1925/2416/2215 1927/2728/2526
f 1673/2730/2528 1674/2729/2527 1640/2557/2358
f 1665/2795/2595 1515/3241/3035 1927/2728/2526 1673/2730/2528
f 1488/3233/3025 1494/2917/2713 1926/2375/2174 1524/2374/2173
f 1926/2375/2174 1660/2759/2557 1579/2788/2588 1924/2376/2175
f 1494/2917/2713 1646/2733/2531 1660/2759/2557 1926/2375/2174
f 1925/2416/2215 1674/2729/2527 1927/2728/2526
f 1579/2788/2588 1674/2729/2527 1925/2416/2215 1924/2376/2175
f 1930/2560/2361 1656/2772/2570 1669/2768/2566 1673/2730/2528
f 1929/2559/2360 1653/2765/2563 1656/2772/2570 1930/2560/2361
f 1476/2579/2380 1596/2576/2377 1475/3242/3036
f 1596/2576/2377 1595/2566/2367 1474/3243/3037 1475/3242/3036
f 1595/2566/2367 1593/2548/2349 1462/2552/2353 1474/3243/3037
f 1464/3244/3038 1597/2575/2376 1473/3089/2881
f 1528/2586/2386 1598/2572/2373 1597/2575/2376 1464/3244/3038
f 1842/1240/1053 1847/1037/852 1846/3078/2870 1841/3104/2896
f 1466/2588/2388 1468/2591/2391 1601/2563/2364 1600/2562/2363
f 1868/3245/3039 1932/1071/886 1867/1243/1056 2010/3246/3040
f 1844/1244/1057 1842/1240/1053 1935/3247/3041
f 1938/3239/3031 1899/1234/1045 1933/1247/1060 1977/3248/3042
f 1467/3249/3043 1603/2594/2394 1526/2593/2393
f 1527/3250/3044 1604/2596/2396 1603/2594/2394 1467/3249/3043
f 1502/3251/3045 1610/3252/3046 1501/3253/3047
f 1551/2597/2397 1604/2596/2396 1605/2603/2402 1552/2611/2410
f 1471/2604/2403 1604/2596/2396 1527/3250/3044
f 1607/2608/2407 1500/2607/2406 1497/2622/2420
f 1477/2630/2428 1608/2629/2427 1498/3254/3048
f 1606/2609/2408 1472/3255/3049 1499/3256/3050
f 1605/2603/2402 1470/2602/2401 1472/3255/3049 1606/2609/2408
f 1478/3257/3051 1610/3252/3046 1502/3251/3045
f 1503/2646/2444 1611/2645/2443 1610/3252/3046 1478/3257/3051
f 1479/3258/3052 1609/2628/2426 1480/3259/3053
f 1607/2608/2407 1554/3260/3054 1553/2612/2411 1606/2609/2408
f 1465/2610/2409 1606/2609/2408 1499/3256/3050
f 1555/3261/3055 1608/2629/2427 1609/2628/2426
f 1556/3262/3056 1610/3252/3046 1611/2645/2443 1557/2647/2445
f 1501/3253/3047 1610/3252/3046 1609/2628/2426 1479/3258/3052
f 1480/3259/3053 1609/2628/2426 1525/2627/2425
f 1554/3260/3054 1607/2608/2407 1608/2629/2427 1555/3261/3055
f 1498/3254/3048 1608/2629/2427 1607/2608/2407 1481/2621/2419
f 1934/3263/3057 1845/3264/3058 1897/3265/3059 1936/3266/3060
f 1939/3267/3061 1938/3239/3031 1977/3248/3042 1976/3268/3062
f 1934/3269/3063 1842/1240/1053 1841/3104/2896 1845/3270/3064
f 1895/3271/3065 1939/3267/3061 1976/3268/3062 1896/3272/3066
f 1941/3273/3067 1940/3156/2950 1938/3239/3031 1939/3267/3061
f 1894/3274/3068 1941/3273/3067 1939/3267/3061 1895/3271/3065
f 1982/3275/3069 1983/3237/3029 1937/3238/3030 1936/3276/3070
f 1980/3277/3071 1982/3275/3069 1936/3276/3070 1897/3278/3072
f 1972/3279/3073 1974/3280/3074 1975/3165/2959 1973/3164/2958
f 1878/3281/3075 1877/3282/3076 1974/3280/3074 1972/3279/3073
f 1972/3279/3073 1973/3164/2958 1971/3163/2957 1970/3283/3077
f 1878/3281/3075 1972/3279/3073 1970/3283/3077 1879/3284/3078
f 1968/3285/3079 1970/3283/3077 1971/3163/2957 1969/3162/2956
f 1880/3286/3080 1879/3284/3078 1970/3283/3077 1968/3285/3079
f 1966/3287/3081 1968/3285/3079 1969/3162/2956 1967/3161/2955
f 1881/3288/3082 1880/3286/3080 1968/3285/3079 1966/3287/3081
f 1964/3289/3083 1966/3287/3081 1967/3161/2955 1965/3160/2954
f 1882/3290/3084 1881/3288/3082 1966/3287/3081 1964/3289/3083
f 1962/3291/3085 1964/3289/3083 1965/3160/2954 1963/3159/2953
f 1883/3292/3086 1882/3290/3084 1964/3289/3083 1962/3291/3085
f 1962/3291/3085 1963/3159/2953 1961/3158/2952 1960/3293/3087
f 1883/3292/3086 1962/3291/3085 1960/3293/3087 1884/3294/3088
f 1958/3295/3089 1960/3293/3087 1961/3158/2952 1959/3157/2951
f 1885/3296/3090 1884/3294/3088 1960/3293/3087 1958/3295/3089
f 1956/3297/3091 1958/3295/3089 1959/3157/2951 1957/3047/2839
f 1886/3298/3092 1885/3296/3090 1958/3295/3089 1956/3297/3091
f 1942/3299/3093 1943/3120/2912 1940/3156/2950 1941/3273/3067
f 1893/3300/3094 1942/3299/3093 1941/3273/3067 1894/3274/3068
f 1954/3301/3095 1955/3046/2838 1953/3051/2843 1952/3302/3096
f 1887/3303/3097 1954/3301/3095 1952/3302/3096 1888/3304/3098
f 1948/3305/3099 1949/3054/2846 1947/3121/2913 1946/3306/3100
f 1890/3307/3101 1948/3305/3099 1946/3306/3100 1891/3308/3102
f 1946/3306/3100 1947/3121/2913 1945/3119/2911 1944/3309/3103
f 1891/3308/3102 1946/3306/3100 1944/3309/3103 1892/3310/3104
f 1944/3309/3103 1945/3119/2911 1943/3120/2912 1942/3299/3093
f 1844/1310/1123 1935/3311/3105 1937/3312/3106 1898/1311/1123
f 1935/3311/3105 1934/3263/3057 1936/3266/3060 1937/3312/3106
f 1892/3310/3104 1944/3309/3103 1942/3299/3093 1893/3300/3094
f 1948/3305/3099 1950/3313/3107 1951/3050/2842 1949/3054/2846
f 1890/3307/3101 1889/3314/3108 1950/3313/3107 1948/3305/3099
f 1950/3313/3107 1952/3302/3096 1953/3051/2843 1951/3050/2842
f 1889/3314/3108 1888/3304/3098 1952/3302/3096 1950/3313/3107
f 1954/3301/3095 1956/3297/3091 1957/3047/2839 1955/3046/2838
f 1935/3247/3041 1842/1240/1053 1934/3269/3063
f 1872/3315/3109 1975/3165/2959 1974/3280/3074 1873/3316/3110
f 1871/3317/3111 1975/3165/2959 1872/3315/3109 2024/3318/3112
f 2026/3319/3113 1917/1152/967 1975/3165/2959 1871/3317/3111
f 1874/3320/3114 2022/3321/3115 1873/3316/3110 1974/3280/3074
f 1887/3303/3097 1886/3298/3092 1956/3297/3091 1954/3301/3095
f 1876/3322/3116 1875/3323/3116 1874/3320/3114 1978/3324/3117
f 1978/3324/3117 1874/3320/3114 1974/3280/3074 1877/3282/3076
f 1987/3325/3118 1984/3326/3119 1982/3275/3069 1980/3277/3071
f 1984/3326/3119 1985/3327/3120 1983/3237/3029 1982/3275/3069
f 1985/3327/3120 1988/1329/1140 1981/1232/1043 1983/3237/3029
f 1897/3265/3059 1845/3264/3058 1979/3328/3121 1980/3329/3122
f 1977/3248/3042 1933/1247/1060 1988/1329/1140 1985/3327/3120
f 1976/3268/3062 1977/3248/3042 1985/3327/3120 1984/3326/3119
f 1896/3272/3066 1976/3268/3062 1984/3326/3119 1987/3325/3118
f 1980/3329/3122 1979/3328/3121 1986/3112/2904 1987/3111/2903
f 1845/3270/3064 1841/3104/2896 1979/3103/2895
f 1839/3072/2864 1840/3071/2863 1843/3082/2874
f 1556/3262/3056 1555/3261/3055 1609/2628/2426 1610/3252/3046
f 1702/2508/2307 1749/2510/2309 1757/2896/2692
f 1703/2848/2646 1747/2847/2645 1748/3227/3019 1702/2508/2307
f 1777/2945/2741 1569/2944/2740 1989/2941/2737 1990/2940/2736
f 1778/2957/2753 1575/2956/2752 1991/2943/2739 1992/2942/2738
f 1569/3330/3123 1991/2696/2494 1627/2554/2355 1628/2701/2499
f 1629/2738/2536 1569/3330/3123 1628/2701/2499
f 1583/2494/2293 1576/2749/2547 1989/3331/3124 1928/2495/2294
f 1928/2495/2294 1989/3331/3124 1569/3330/3123 1629/2738/2536
f 1774/2935/2731 1773/2934/2730 1993/2931/2727 1994/2930/2726
f 1740/2978/2774 1739/3332/3125 1642/2722/2519
f 1642/2722/2519 1739/3332/3125 1993/2973/2769 1641/2723/2520
f 1677/3168/2962 1774/3236/3028 1994/2946/2742 1676/2876/2673
f 1677/3168/2962 1678/2947/2743 1778/2950/2746 1992/3166/2960
f 1519/2406/2205 1997/3333/3126 2701/3334/3127 2170/2916/2712
f 2011/3335/3128 1693/2926/2722 1918/3224/3016 2015/3336/3129
f 1492/2491/2290 2143/2490/2289 2701/3334/3130 1997/3333/3126
f 1765/3337/3131 1492/2491/2290 1997/3333/3126 1998/3338/3132
f 2004/3339/3133 2003/3340/3134 1999/3341/3135 2000/3342/3136
f 2003/3340/3134 2709/3343/3137 2703/3344/3138 1999/3341/3135
f 2000/3342/3136 1999/3341/3135 2002/3345/3139 2001/3346/3140
f 1999/3341/3135 2703/3344/3138 2705/3347/3141 2002/3345/3139
f 1492/2491/2290 1765/3337/3131 2006/3348/3142 2005/2488/2287
f 2705/3347/3141 2714/2485/3143 2007/2484/3144 2002/3345/3139
f 1493/2487/2286 1768/3349/3145 2008/3350/3146 2007/2484/2283
f 1767/3351/3147 2017/2927/2723 2011/3335/3128 1766/3352/3148
f 1766/3353/3149 1997/3333/3126 1519/2406/2205 1767/2407/2206
f 1493/2487/2286 2005/2488/2287 2006/3348/3142 1768/3349/3145
f 1765/3354/3150 2018/3355/3151 2020/3223/3015 2006/3356/3152
f 1998/3357/3153 2015/3336/3129 2018/3355/3151 1765/3354/3150
f 2003/3340/3134 2004/3339/3133 1639/2726/2524 1517/2411/2523
f 1792/2991/2787 1794/2995/2791 1686/2988/2784
f 2003/3340/3134 1517/2411/2523 2168/2410/3154 2709/3343/3137
f 2007/2484/3144 2008/3350/3155 2001/3346/3140 2002/3345/3139
f 1868/3107/2899 2010/3109/2901 2009/3110/2902 1533/3108/2900
f 1532/1360/1176 1588/475/303 2009/2537/2338
f 1639/2804/2604 2019/3358/3156 1750/2743/2541
f 1580/2884/2680 1747/2883/2679 1996/2879/2675 1995/2878/2674
f 1695/3359/3157 2019/3358/3156 2014/3231/3023
f 2013/3229/3021 1694/3225/3017 1695/3359/3157 2014/3231/3023
f 2017/2927/2723 1767/3351/3147 1764/1363/1179 2012/878/697
f 2015/3336/3129 1998/3357/3153 1766/3352/3148 2011/3335/3128
f 2018/3355/3151 1918/3224/3016 2020/3223/3015
f 2019/3358/3156 1695/3359/3157 1696/2893/2689 1750/2743/2541
f 2019/3358/3156 1639/2804/2604 2004/3232/3024 2014/3231/3023
f 2013/3229/3021 2000/3230/3022 2001/3360/3158 2016/3226/3018
f 2017/2927/2723 1693/2926/2722 2011/3335/3128
f 1768/3361/3159 2016/3226/3018 2001/3360/3158 2008/3362/3160
f 2015/3336/3129 1918/3224/3016 2018/3355/3151
f 1874/3143/2937 1791/3142/2936 2021/3145/2939 2022/3144/2938
f 1872/3149/2943 1789/3148/2942 2023/3151/2945 2024/3150/2944
f 1871/3153/2947 1788/3152/2946 2025/3155/2949 2026/3154/2948
f 1690/3363/3161 1788/3364/3161 2023/2983/2779 1689/2982/2778
f 1687/2989/2785 1688/2985/2781 2021/2987/2783 1791/2990/2786
f 1870/1369/1184 1917/1152/967 2026/3319/3113
f 1690/3363/3161 1691/934/753 2025/2981/2777 1788/3364/3161
f 2006/3356/3152 2020/3223/3015 2016/3226/3018 1768/3361/3159
f 1998/3338/3132 1997/3333/3126 1766/3353/3149
f 1866/3100/2892 1932/1071/886 1869/3365/3162
f 1869/3365/3162 1932/1071/886 1868/3245/3039
f 2110/2333/2132 2105/274/100 2028/1372/1187 2032/3366/3163
f 2112/2335/2134 2107/2338/2137 2031/3367/3164 2034/3368/3165
f 2107/2338/2137 2108/2340/2139 2030/3369/3166 2031/3367/3164
f 2538/3370/3167 2535/3371/3168 2185/3372/3169 2184/3373/3170
f 2109/2345/2144 2110/2333/2132 2032/3366/3163 2027/3374/3171
f 2193/2347/2146 2111/2350/2149 2033/3375/3172 2192/3376/3173
f 2111/2350/2149 2112/2335/2134 2034/3368/3165 2033/3375/3172
f 2125/2351/2150 2113/2354/2153 2035/3377/3174 2047/3378/3175
f 2124/2355/2154 2114/2358/2157 2036/3379/3176 2046/3380/3177
f 2179/2359/2158 2115/2362/2161 2037/3381/3178 2102/3382/3179
f 2115/2362/2161 2124/2355/2154 2046/3380/3177 2037/3381/3178
f 2126/2363/2162 2125/2351/2150 2047/3378/3175 2048/3383/3180
f 2127/2365/2164 2126/2363/2162 2048/3383/3180 2049/3384/3181
f 2114/2358/2157 2127/2365/2164 2049/3384/3181 2036/3379/3176
f 2106/2367/2166 2179/2359/2158 2102/3382/3179 2029/3385/3182
f 2319/2369/2168 2320/3386/3183 2104/3387/3184 2181/2370/2169
f 2060/3388/3185 2626/3389/3186 2628/3390/3187 2098/3391/3188
f 2040/3392/3189 2101/3393/3190 2178/2379/2178 2118/2378/2177
f 2042/3394/3191 2100/3395/3192 2177/2383/2182 2120/2382/2181
f 2050/3396/3193 2099/3397/3194 2176/2387/2186 2128/2386/2185
f 2060/3398/3195 2098/3399/3196 2175/2391/2190 2138/2390/2189
f 2062/3400/3197 2097/3401/3198 2174/2395/2194 2140/2394/2193
f 2097/3401/3198 2096/3402/3199 2173/2397/2196 2174/2395/2194
f 2090/3403/3200 2095/3404/3201 2172/2401/2200 2167/2400/2199
f 2291/3405/3202 2063/3406/3203 2095/3407/3204
f 2093/3408/3205 2432/3409/3206 2429/1416/1231 2064/1415/1230
f 2092/3410/3207 2091/3411/3208 2168/2410/2209 2169/2409/2208
f 2097/3412/3209 2286/3413/3210 2287/3414/3211 2096/3415/3212
f 2626/3389/3186 2060/3388/3185 2165/3416/3213 2627/3417/3214
f 2087/3418/3215 2103/3419/3216 2180/2420/2219 2164/2419/2218
f 2446/3420/3217 2086/3421/3218 2163/2424/2223 2447/2423/2222
f 2086/3421/3218 2085/3422/3219 2162/2426/2225 2163/2424/2223
f 2069/3423/3220 2084/3424/3221 2161/2430/2229 2146/2429/2228
f 2463/3425/3222 2083/3426/3223 2160/2434/2233 2464/2433/2232
f 2471/3427/3224 2082/3428/3225 2159/2438/2237 2472/2437/2236
f 2055/3429/3226 2081/3430/3227 2158/2442/2241 2133/2441/2240
f 2081/3430/3227 2080/3431/3228 2157/2444/2243 2158/2442/2241
f 2056/3432/3229 2079/3433/3230 2156/2448/2247 2134/2447/2246
f 2079/3433/3230 2078/3434/3231 2155/2450/2249 2156/2448/2247
f 2076/3435/3232 2077/3436/3233 2154/2454/2253 2153/2453/2252
f 2051/3437/3234 2076/3435/3232 2153/2453/2252 2129/2457/2256
f 2074/3438/3235 2075/3439/3236 2152/2460/2259 2151/2459/2258
f 2052/3440/3237 2074/3438/3235 2151/2459/2258 2130/2463/2262
f 2038/3441/3238 2073/3442/3239 2150/2466/2265 2116/2465/2264
f 2045/3443/3240 2072/3444/3241 2149/2470/2269 2123/2469/2268
f 2054/3445/3242 2071/3446/3243 2148/2474/2273 2132/2473/2272
f 2073/3442/3239 2070/3447/3244 2147/2476/2275 2150/2466/2265
f 2083/3426/3223 2069/3423/3220 2146/2429/2228 2160/2434/2233
f 2166/2478/2277 2323/2481/2280 2324/3448/3245 2089/3449/3246
f 2063/3406/3203 2291/3405/3202 2292/3450/3247 2094/3451/3248
f 2715/3452/3249 2066/3453/3250 2144/2486/2285 2714/2485/2284
f 2712/3454/3251 2065/3455/3252 2143/2490/2289 2711/2489/2288
f 2633/3456/3253 2630/3457/3254 2235/3458/3255 2306/3459/3256
f 2359/3460/3257 2414/3461/3258 2415/3462/3259 2360/3463/3260
f 2095/3404/3201 2063/3464/3261 2141/2500/2299 2172/2401/2200
f 2428/3465/3262 2062/3400/3197 2140/2394/2193 2426/2503/2302
f 2098/3399/3196 2061/3466/3263 2139/2504/2303 2175/2391/2190
f 2165/3467/3264 2060/3398/3195 2138/2390/2189 2088/2507/2306
f 2364/3468/3265 2411/3469/3266 2622/3470/3267
f 2084/3424/3221 2059/3471/3268 2137/2511/2310 2161/2430/2229
f 2080/3431/3228 2058/3472/3269 2136/2513/2312 2157/2444/2243
f 2082/3428/3225 2057/3473/3270 2135/2515/2314 2159/2438/2237
f 2077/3436/3233 2056/3432/3229 2134/2447/2246 2154/2454/2253
f 2214/3474/3271 2055/3429/3226 2133/2441/2240 2215/2518/2317
f 2070/3447/3244 2054/3445/3242 2132/2473/2272 2147/2476/2275
f 2099/3397/3194 2053/3475/3272 2131/2519/2318 2176/2387/2186
f 2053/3475/3272 2052/3440/3237 2130/2463/2262 2131/2519/2318
f 2075/3439/3236 2051/3437/3234 2129/2457/2256 2152/2460/2259
f 2071/3446/3243 2050/3396/3193 2128/2386/2185 2148/2474/2273
f 2043/3476/3273 2045/3443/3240 2123/2469/2268 2121/2522/2321
f 2101/3393/3190 2044/3477/3274 2122/2523/2322 2178/2379/2178
f 2044/3477/3274 2043/3476/3273 2121/2522/2321 2122/2523/2322
f 2041/3478/3275 2042/3394/3191 2120/2382/2181 2119/2526/2325
f 2100/3395/3192 2040/3392/3189 2118/2378/2177 2177/2383/2182
f 2029/3385/3182 2039/3479/3276 2117/2527/2326 2106/2367/2166
f 2072/3444/3241 2038/3441/3277 2116/2465/2328 2149/2470/2269
f 2032/3480/3278 2028/1491/1307 2241/1490/1306 2240/3481/3279
f 2027/3482/3280 2032/3480/3278 2240/3481/3279 2239/3483/3281
f 2108/2340/2139 2109/2345/2144 2027/3374/3171 2030/3369/3166
f 2030/3484/3282 2027/3482/3280 2239/3483/3281 2242/3485/3283
f 2184/3486/3284 2239/3483/3281 2240/3481/3279 2183/3487/3285
f 2717/3488/3286 2183/3487/3285 2240/3481/3279 2241/1490/1306
f 2188/3489/3287 2245/3490/3288 2244/3491/3289 2187/3492/3290
f 2034/3493/3291 2031/3494/3292 2243/3495/3293 2244/3491/3289
f 2031/3494/3292 2030/3484/3282 2242/3485/3283 2243/3495/3293
f 2187/3492/3290 2244/3491/3289 2243/3495/3293 2186/3496/3294
f 2194/3497/3295 2189/3498/3296 2246/3499/3297 2247/3500/3298
f 2192/3501/3299 2033/3502/3300 2245/3490/3288 2247/3500/3298
f 2188/3489/3287 2194/3497/3295 2247/3500/3298 2245/3490/3288
f 2034/3493/3291 2244/3491/3289 2245/3490/3288 2033/3502/3300
f 2035/3503/3301 2192/3501/3299 2247/3500/3298 2246/3499/3297
f 2449/3504/3302 2448/3505/3303 2227/3506/3304 2280/3507/3305
f 2113/2354/2153 2193/2347/2146 2192/3376/3173 2035/3377/3174
f 2295/3508/3306 2632/3509/3307 2631/3510/3308 2309/3511/3309
f 2198/3512/3310 2199/3513/3311 2254/3514/3312 2253/3515/3313
f 2186/3496/3294 2243/3495/3293 2242/3485/3283 2185/3516/3314
f 2189/3498/3296 2190/3517/3315 2248/3518/3316 2246/3499/3297
f 2190/3519/3317 2523/3520/3318 2521/3521/3319 2191/3522/3320
f 2251/3523/3321 2250/3524/3322 2195/3525/3323 2196/3526/3324
f 2190/3517/3315 2191/3527/3325 2249/3528/3326 2248/3518/3316
f 2036/3529/3327 2049/3530/3328 2249/3528/3326
f 2191/3522/3320 2521/3521/3319 2519/3531/3329 2195/3532/3330
f 2195/3532/3330 2519/3531/3329 2518/3533/3331 2196/3534/3331
f 2029/3535/3332 2102/3536/3333 2251/3523/3321 2252/3537/3334
f 2252/3537/3334 2251/3523/3321 2196/3526/3324 2197/3538/3335
f 2039/3539/3336 2029/3535/3332 2252/3537/3334 2253/3515/3313
f 2185/3516/3314 2242/3485/3283 2239/3483/3281 2184/3486/3284
f 2253/3515/3313 2252/3537/3334 2197/3538/3335 2198/3512/3310
f 2042/3540/3337 2041/3541/3338 2254/3514/3312 2255/3542/3339
f 2199/3513/3311 2200/3543/3340 2255/3542/3339 2254/3514/3312
f 2100/3544/3341 2042/3540/3337 2255/3542/3339 2256/3545/3342
f 2200/3543/3340 2201/3546/3343 2256/3545/3342 2255/3542/3339
f 2201/3546/3343 2202/3547/3344 2257/3548/3345 2256/3545/3342
f 2201/3549/3346 2504/3550/3347 2502/3551/3348 2202/3552/3348
f 2043/3553/3349 2044/3554/3350 2257/3548/3345 2258/3555/3351
f 2202/3552/3348 2502/3551/3348 2500/3556/3352 2203/3557/3353
f 2073/3558/3354 2038/3559/3355 2259/3560/3356 2260/3561/3357
f 2203/3562/3358 2204/3563/3359 2259/3560/3356 2258/3555/3351
f 2203/3557/3353 2500/3556/3352 2498/3564/3360 2204/3565/3361
f 2204/3565/3361 2498/3564/3360 2496/3566/3362 2205/3567/3362
f 2496/3568/3363 2498/3569/3364 2499/3570/3365 2497/3571/3366
f 2054/3572/3367 2070/3573/3368 2260/3561/3357
f 2205/3567/3362 2496/3566/3362 2495/3574/3369 2206/3575/3370
f 2495/3576/3371 2496/3568/3363 2497/3571/3366 2494/3577/3372
f 2099/3578/3373 2050/3579/3374 2261/3580/3375 2262/3581/3376
f 2206/3575/3370 2495/3574/3369 2493/3582/3377 2207/3583/3378
f 2207/3583/3378 2493/3582/3377 2436/3584/3379 2208/3585/3380
f 2556/3586/3381 2555/3587/3382 2437/3588/3383 2492/3589/3384
f 2436/3590/3385 2493/3591/3386 2492/3592/3387 2437/3593/3388
f 2077/3594/3389 2076/3595/3390 2264/3596/3391 2265/3597/3392
f 2208/3598/3393 2209/3599/3394 2265/3597/3392 2264/3596/3391
f 2056/3600/3395 2077/3594/3389 2265/3597/3392 2266/3601/3396
f 2209/3599/3394 2210/3602/3397 2266/3601/3396 2265/3597/3392
f 2079/3603/3398 2056/3600/3395 2266/3601/3396 2267/3604/3399
f 2210/3602/3397 2211/3605/3400 2267/3604/3399 2266/3601/3396
f 2214/3606/3401 2078/3607/3402 2268/3608/3403 2270/3609/3404
f 2211/3605/3400 2212/3610/3405 2268/3608/3403 2267/3604/3399
f 2055/3611/3406 2214/3606/3401 2270/3609/3404 2269/3612/3407
f 2078/3607/3402 2079/3603/3398 2267/3604/3399 2268/3608/3403
f 2216/3613/3408 2213/3614/3409 2269/3612/3407 2270/3609/3404
f 2078/3434/3231 2214/3474/3271 2215/2518/2317 2155/2450/2249
f 2212/3610/3405 2216/3613/3408 2270/3609/3404 2268/3608/3403
f 2081/3615/3410 2055/3611/3406 2269/3612/3407 2271/3616/3411
f 2081/3615/3410 2271/3616/3411 2272/3617/3412 2080/3618/3413
f 2213/3614/3409 2217/3619/3414 2271/3616/3411 2269/3612/3407
f 2218/3620/3415 2272/3617/3412 2271/3616/3411 2217/3619/3414
f 2272/3617/3412 2273/3621/3416 2058/3622/3417 2080/3618/3413
f 2218/3620/3415 2219/3623/3418 2273/3621/3416 2272/3617/3412
f 2219/3623/3418 2473/3624/3419 2474/3625/3420 2273/3621/3416
f 2473/3624/3419 2220/3626/3421 2274/3627/3422 2474/3625/3420
f 2274/3627/3422 2220/3626/3421 2222/3628/3423 2275/3629/3424
f 2466/3630/3425 2463/3631/3426 2057/3632/3427 2275/3629/3424
f 2222/3628/3423 2465/3633/3428 2466/3630/3425 2275/3629/3424
f 2069/3634/3429 2083/3635/3430 2276/3636/3431 2277/3637/3432
f 2277/3637/3432 2276/3636/3431 2223/3638/3433 2224/3639/3434
f 2084/3640/3435 2069/3634/3429 2277/3637/3432 2278/3641/3436
f 2225/3642/3437 2278/3641/3436 2277/3637/3432 2224/3639/3434
f 2059/3643/3438 2084/3640/3435 2278/3641/3436 2279/3644/3439
f 2466/3630/3425 2465/3633/3428 2223/3638/3433 2276/3636/3431
f 2225/3642/3437 2226/3645/3440 2279/3644/3439 2278/3641/3436
f 2446/3646/3441 2059/3643/3438 2279/3644/3439 2449/3504/3302
f 2226/3645/3440 2448/3505/3303 2449/3504/3302 2279/3644/3439
f 2693/3647/3442 2280/3507/3305 2227/3506/3304
f 2085/3422/3219 2236/3648/3443 2237/2697/2495 2162/2426/2225
f 2280/3507/3305 2281/3649/3444 2085/3650/3445 2086/3651/3446
f 2471/3652/3447 2474/3625/3420 2274/3627/3422 2082/3653/3448
f 2082/3653/3448 2274/3627/3422 2275/3629/3424 2057/3632/3427
f 2291/3405/3202 2095/3407/3204 2090/3654/3449
f 2096/3415/3212 2287/3414/3211 2291/3405/3202 2090/3654/3449
f 2286/3413/3210 2097/3412/3209 2062/3655/3450 2285/3656/3451
f 2427/3657/3452 2285/3656/3451 2062/3655/3450 2428/3658/3453
f 2092/3659/3454 2094/3451/3248 2292/3450/3247 2293/3660/3454
f 2103/3419/3216 2283/3661/3455 2284/2711/2508 2180/2420/2219
f 2066/3453/3250 2712/3454/3251 2711/2489/2288 2144/2486/2285
f 2304/3662/3456 2312/3663/3457 2310/3664/3458 2305/3665/3459
f 2424/3666/3460 2425/3667/3461 2422/3668/3462 2421/3669/3463
f 2304/3662/3456 2296/3670/3464 2297/3671/3465 2303/3672/3466
f 2094/3673/3467 2171/2725/2522 2141/2500/2299 2063/3464/3261
f 2091/3411/3468 2092/3410/3469 2293/3674/3469 2294/3675/3470
f 2629/3676/3471 2335/3677/3472 2336/3678/3473
f 2298/3679/3474 2299/3680/3475 2301/3681/3476 2302/3682/3477
f 2297/3671/3465 2298/3679/3474 2302/3682/3477 2303/3672/3466
f 2403/3683/3478 2298/3679/3474 2297/3671/3465 2234/3684/3479
f 2312/3663/3457 2304/3662/3456 2303/3672/3466 2313/3685/3480
f 2282/3686/3481 2630/3457/3254 2633/3456/3253 2307/3687/3482
f 2413/3688/3483 2412/3689/3484 2293/3690/3485 2292/3691/3486
f 2391/3692/3487 2609/2747/2545 2608/2746/2544 2390/3693/3488
f 2229/3694/3489 2300/3695/3490 2235/3458/3255 2228/3696/3491
f 2296/3670/3464 2304/3662/3456 2305/3665/3459 2300/3695/3490
f 2237/2697/2495 2236/3648/3443 2087/3418/3215 2164/2419/2218
f 2281/3649/3444 2282/3686/3481 2236/3697/3492 2085/3650/3445
f 2139/2504/2303 2061/3466/3263 2288/3698/3493 2289/2752/2550
f 2298/3679/3474 2233/3699/3494 2697/3700/3495
f 2235/3458/3255 2300/3695/3490 2305/3665/3459 2306/3459/3256
f 2309/3511/3309 2631/3510/3308 2633/3456/3253 2306/3459/3256
f 2282/3686/3481 2307/3687/3482 2087/3701/3496 2236/3697/3492
f 2296/3670/3464 2300/3695/3490 2229/3694/3489 2238/3702/3497
f 2314/3703/3498 2302/3682/3477 2301/3681/3476 2315/3704/3499
f 2313/3685/3480 2303/3672/3466 2302/3682/3477 2314/3703/3498
f 2625/3705/3500 2290/3706/3501 2624/3707/3502
f 2327/3708/3503 2326/3709/3504 2336/3678/3473
f 2308/3710/3505 2103/3711/3506 2087/3701/3496 2307/3687/3482
f 2334/3712/3507 2104/3713/3508 2329/3714/3509 2335/3677/3472
f 2310/3664/3458 2309/3511/3309 2306/3459/3256 2305/3665/3459
f 2296/3670/3464 2238/3702/3497 2439/3715/3510
f 2283/3716/3511 2103/3711/3506 2308/3710/3505 2311/3717/3512
f 2333/2773/2571 2334/3718/3513 2068/3719/3514 2145/2774/2572
f 2166/2478/2277 2089/3449/3246 2165/3467/3264 2088/2507/2306
f 2317/2777/2575 2318/3720/3515 2320/3721/3516 2319/2778/2576
f 2316/3722/3517 2322/3723/3518 2321/2783/2581 2325/2782/2580
f 2322/3723/3519 2324/3448/3245 2323/2481/2280 2321/2783/2584
f 2427/3657/3452 2428/3658/3453 2425/3667/3461 2424/3666/3460
f 2318/3724/3520 2329/3714/3509 2104/3713/3508 2320/3725/3521
f 2295/3508/3306 2330/3726/3522 2336/3678/3473
f 2231/3727/3523 2326/3709/3504 2314/3703/3498 2315/3704/3499
f 2327/3708/3503 2313/3685/3480 2314/3703/3498 2326/3709/3504
f 2328/3728/3524 2312/3663/3457 2313/3685/3480 2327/3708/3503
f 2330/3726/3522 2310/3664/3458 2312/3663/3457 2328/3728/3524
f 2295/3508/3306 2309/3511/3309 2310/3664/3458 2330/3726/3522
f 2068/3719/3514 2331/3729/3525 2332/2790/2590 2145/2774/2572
f 2318/3724/3520 2283/3716/3511 2311/3717/3512 2329/3714/3509
f 2068/3730/3526 2334/3712/3507 2335/3677/3472
f 2068/3730/3526 2335/3677/3472 2331/3731/3527
f 2316/3732/3528 2331/3731/3527 2335/3677/3472 2324/3733/3529
f 2284/2711/2508 2283/3661/3455 2318/3720/3515 2317/2777/2575
f 2335/3677/3472 2632/3509/3307 2295/3508/3306
f 2330/3726/3522 2328/3728/3524 2336/3678/3473
f 2327/3708/3503 2336/3678/3473 2328/3728/3524
f 2326/3709/3504 2231/3727/3523 2336/3678/3473
f 2342/3734/3530 2374/3735/3531 2373/3736/3532 2341/3737/3533
f 2337/3738/3534 2369/3739/3535 2400/3740/3536 2368/3741/3537
f 2294/3742/3538 2293/3690/3485 2412/3689/3484
f 2343/3743/3539 2375/3744/3540 2374/3735/3531 2342/3734/3530
f 2344/3745/3541 2376/3746/3542 2375/3744/3540 2343/3743/3539
f 2358/3747/3543 2390/3748/3544 2389/3749/3545 2357/3750/3546
f 2345/3751/3547 2377/3752/3548 2376/3746/3542 2344/3745/3541
f 2346/3753/3549 2378/3754/3550 2377/3752/3548 2345/3751/3547
f 2360/3755/3551 2392/3756/3551 2391/3757/3552 2359/3758/3553
f 2347/3759/3554 2379/3760/3555 2378/3754/3550 2346/3753/3549
f 2361/3761/3556 2393/3762/3556 2392/3756/3551 2360/3755/3551
f 2348/3763/3557 2380/3764/3558 2379/3760/3555 2347/3759/3554
f 2362/3765/3559 2394/3766/3559 2393/3762/3556 2361/3761/3556
f 2349/3767/3560 2381/3768/3561 2380/3764/3558 2348/3763/3557
f 2363/3769/3562 2395/3770/3563 2394/3766/3559 2362/3765/3559
f 2350/3771/3564 2382/3772/3565 2381/3768/3561 2349/3767/3560
f 2364/3773/3566 2396/3774/3566 2395/3770/3563 2363/3769/3562
f 2351/3775/3567 2383/3776/3568 2382/3772/3565 2350/3771/3564
f 2338/3777/3569 2370/3778/3570 2369/3739/3535 2337/3738/3534
f 2365/3779/3571 2397/3780/3572 2396/3774/3566 2364/3773/3566
f 2352/3781/3573 2384/3782/3574 2383/3776/3568 2351/3775/3567
f 2339/3783/3575 2371/3784/3576 2370/3778/3570 2338/3777/3569
f 2409/3785/3577 2698/3786/3578 2366/3787/3579 2365/3788/3580
f 2353/1799/1609 2385/1800/1609 2384/3782/3574 2352/3781/3573
f 2340/3789/3581 2372/3790/3582 2371/3784/3576 2339/3783/3575
f 2367/3791/3583 2399/3792/3584 2398/3793/3585 2366/3794/3586
f 2341/3737/3533 2373/3736/3532 2372/3790/3582 2340/3789/3581
f 2368/3741/3537 2400/3740/3536 2399/3792/3584 2367/3791/3583
f 2355/3795/3587 2387/3796/3587 2386/1809/1617 2354/1808/1617
f 2405/3797/3588 2402/3798/3589 2401/3799/3590 2404/3800/3591
f 2406/3801/3592 2234/3802/3593 2402/3798/3589 2405/3797/3588
f 2407/3803/3594 2403/3804/3595 2234/3802/3593 2406/3801/3592
f 2408/3805/3596 2233/3806/3597 2403/3804/3595 2407/3803/3594
f 2366/3787/3579 2408/3807/3598 2407/3808/3599 2367/3809/3600
f 2367/3809/3600 2407/3808/3599 2406/3810/3601 2368/3811/3602
f 2368/3811/3602 2406/3810/3601 2405/3812/3588 2337/3813/3603
f 2337/3813/3603 2405/3812/3588 2404/3814/3591 2338/3815/3604
f 2697/3816/3605 2233/3806/3597 2408/3805/3596 2698/3817/3606
f 2232/3818/3607 2299/3680/3475 2298/3679/3474 2697/3700/3495
f 2230/3819/3608 2232/3820/3609 2409/3821/3610 2410/3822/3611
f 2366/3787/3579 2698/3786/3578 2408/3807/3598
f 2624/3823/3612 2623/3824/3613 2622/3825/3614 2625/3826/3615
f 2361/3827/3616 2416/3828/3617 2417/3829/3618 2362/3830/3619
f 2360/3463/3260 2415/3462/3259 2416/3828/3617 2361/3827/3616
f 2414/3461/3258 2359/3460/3257 2358/3831/3620 2413/3688/3483
f 2366/3794/3586 2398/3793/3585 2397/3780/3572 2365/3779/3571
f 2362/3830/3619 2417/3829/3618 2418/3832/3621 2363/3833/3622
f 2419/3834/3623 2364/3468/3265 2363/3833/3622 2418/3832/3621
f 2288/3698/3493 2435/3835/3624 2434/2897/2693 2289/2752/2550
f 2625/3826/3615 2622/3825/3614 2411/3836/3625 2421/3837/3626
f 2422/3668/3462 2435/3838/3627 2625/3705/3500 2421/3669/3463
f 2422/3839/3628 2425/3840/3629 2423/2904/2700 2420/2903/2699
f 2419/3841/3630 2424/3842/3631 2421/3837/3626 2411/3836/3625
f 2425/3840/3629 2428/3465/3262 2426/2503/2302 2423/2904/2700
f 2418/3843/3632 2427/3844/3633 2424/3842/3631 2419/3841/3630
f 2285/3845/3634 2427/3844/3633 2418/3843/3632 2417/3846/3635
f 2286/3847/3636 2285/3845/3634 2417/3846/3635 2416/3848/3637
f 2287/3849/3638 2286/3847/3636 2416/3848/3637 2415/3850/3639
f 2142/866/97 2170/2916/2712 2093/3408/3205 2064/1415/1230
f 2301/3681/3476 2299/3680/3475 2290/3706/3501 2067/3851/3640
f 2606/2918/2714 2621/2921/2717 2620/3852/3641 2388/3853/3642
f 2209/3854/3643 2208/3585/3380 2436/3584/3379 2491/3855/3644
f 2412/3689/3484 2413/3688/3483 2358/3831/3620
f 2389/3856/3645 2607/2925/2721 2606/2918/2714 2388/3853/3642
f 2354/1871/1676 2720/1874/1679 2725/3857/3646 2355/3858/3647
f 2094/3673/3467 2092/3410/3207 2169/2409/2208 2171/2725/2522
f 2291/3859/3648 2287/3849/3638 2415/3850/3639 2414/3860/3649
f 2696/3861/3650 2404/3800/3591 2401/3799/3590 2695/3862/3651
f 2438/3863/3652 2440/3864/3653 2439/3865/3654 2238/3866/3655
f 2441/3867/3656 2438/3863/3652 2238/3866/3655 2229/3868/3657
f 2442/3869/3658 2441/3867/3656 2229/3868/3657 2228/3870/3659
f 2692/3871/3660 2442/3869/3658 2228/3870/3659 2691/3872/3661
f 2694/3873/3662 2443/3874/3663 2221/3875/3664 2693/3876/3665
f 2338/3815/3604 2404/3814/3591 2696/3877/3666
f 2340/3878/3667 2444/3879/3668 2445/3880/3669 2341/3881/3670
f 2341/3881/3670 2445/3880/3669 2450/3882/3671 2342/3883/3672
f 2342/3883/3672 2450/3882/3671 2451/3884/3673 2343/3885/3674
f 2086/3651/3446 2446/3646/3441 2449/3504/3302 2280/3507/3305
f 2059/3471/3268 2446/3420/3217 2447/2423/2222 2137/2511/2310
f 2448/3886/3675 2445/3887/3676 2444/3888/3677 2227/3889/3678
f 2343/3885/3674 2451/3884/3673 2452/3890/3679 2344/3891/3680
f 2226/3892/3681 2450/3893/3682 2445/3887/3676 2448/3886/3675
f 2344/3891/3680 2452/3890/3679 2453/3894/3683 2345/3895/3684
f 2225/3896/3685 2451/3897/3686 2450/3893/3682 2226/3892/3681
f 2460/3898/3687 2346/3899/3688 2345/3895/3684 2453/3894/3683
f 2224/3900/3689 2452/3901/3690 2451/3897/3686 2225/3896/3685
f 2346/3899/3688 2460/3898/3687 2467/3902/3691 2347/3903/3692
f 2296/3670/3464 2439/3715/3510 2695/3904/3693
f 2615/2974/2770 2397/3905/3694 2398/3906/3695 2616/2975/2771
f 2234/3684/3479 2297/3671/3465 2402/3907/3696
f 2233/3699/3494 2298/3679/3474 2403/3683/3478
f 2223/3908/3697 2453/3909/3698 2452/3901/3690 2224/3900/3689
f 2353/1926/1731 2733/3910/3699 2454/1927/1732
f 2351/3911/3700 2456/3912/3701 2731/3913/3702
f 2350/3914/3703 2457/3915/3704 2456/3912/3701 2351/3911/3700
f 2350/3914/3703 2729/3916/3705 2457/3915/3704
f 2348/3917/3706 2459/3918/3707 2458/3919/3708 2349/3920/3709
f 2276/3636/3431 2083/3635/3430 2463/3631/3426 2466/3630/3425
f 2039/3479/3276 2041/3478/3275 2119/2526/2325 2117/2527/2326
f 2057/3473/3270 2463/3425/3222 2464/2433/2232 2135/2515/2314
f 2347/3903/3692 2467/3902/3691 2468/3921/3710 2348/3917/3706
f 2465/3922/3711 2460/3923/3712 2453/3909/3698 2223/3908/3697
f 2468/3921/3710 2475/3924/3713 2462/3925/3714 2461/3926/3715
f 2222/3927/3716 2467/3928/3717 2460/3923/3712 2465/3922/3711
f 2545/3929/3718 2544/3930/3718 2459/3931/3718 2461/3932/3718
f 2441/3933/3719 2442/3934/3720 2692/3935/3720 2443/3936/3721
f 2220/3937/3722 2468/3938/3723 2467/3928/3717 2222/3927/3716
f 2058/3622/3417 2273/3621/3416 2474/3625/3420 2471/3652/3447
f 2058/3472/3269 2471/3427/3224 2472/2437/2236 2136/2513/2312
f 2473/3939/3724 2475/3940/3725 2468/3938/3723 2220/3937/3722
f 2470/3941/3726 2469/3942/3727 2462/3925/3714 2475/3924/3713
f 2470/3941/3726 2477/3943/3728 2476/3944/3729 2469/3942/3727
f 2470/3945/3730 2475/3940/3725 2473/3939/3724 2219/3946/3731
f 2477/3943/3728 2479/3947/3732 2478/3948/3733 2476/3944/3729
f 2218/3949/3734 2477/3950/3735 2470/3945/3730 2219/3946/3731
f 2217/3951/3736 2479/3952/3737 2477/3950/3735 2218/3949/3734
f 2479/3947/3732 2481/3953/3738 2480/3954/3739 2478/3948/3733
f 2481/3953/3738 2483/3955/3740 2482/3956/3741 2480/3954/3739
f 2213/3957/3742 2481/3958/3743 2479/3952/3737 2217/3951/3736
f 2483/3955/3740 2485/3959/3744 2484/3960/3745 2482/3956/3741
f 2216/3961/3746 2483/3962/3747 2481/3958/3743 2213/3957/3742
f 2485/3959/3744 2487/3963/3748 2486/3964/3749 2484/3960/3745
f 2212/3965/3750 2485/3966/3751 2483/3962/3747 2216/3961/3746
f 2212/3965/3750 2211/3967/3752 2487/3968/3753 2485/3966/3751
f 2487/3963/3748 2489/3969/3754 2488/3970/3755 2486/3964/3749
f 2489/3969/3754 2491/3971/3756 2490/3972/3757 2488/3970/3755
f 2210/3973/3758 2489/3974/3759 2487/3968/3753 2211/3967/3752
f 2657/3975/3760 2576/1996/1797 2577/1995/1796 2659/3976/3761
f 2209/3854/3643 2491/3855/3644 2489/3974/3759 2210/3973/3758
f 2557/3977/3762 2556/3586/3381 2492/3589/3384 2494/3978/3763
f 2494/3577/3372 2492/3592/3387 2493/3591/3386 2495/3576/3371
f 2653/3979/3764 2574/2002/1803 2575/2001/1802 2655/3980/3765
f 2558/3981/3766 2557/3977/3762 2494/3978/3763 2497/3982/3767
f 2651/3983/3768 2573/2006/1807 2574/2002/1803 2653/3979/3764
f 2559/3984/3769 2558/3981/3766 2497/3982/3767 2499/3985/3770
f 2560/3986/3771 2559/3984/3769 2499/3985/3770 2501/3987/3772
f 2498/3569/3364 2500/3988/3773 2501/3989/3774 2499/3570/3365
f 2561/3990/3775 2560/3986/3771 2501/3987/3772 2503/3991/3776
f 2500/3988/3773 2502/3992/3777 2503/3993/3778 2501/3989/3774
f 2562/3994/3779 2561/3990/3775 2503/3991/3776 2505/3995/3780
f 2502/3992/3777 2504/3996/3781 2505/3997/3782 2503/3993/3778
f 2504/3996/3781 2507/3998/3783 2506/3999/3784 2505/3997/3782
f 2507/3998/3783 2508/4000/3785 2509/4001/3786 2506/3999/3784
f 2200/4002/3787 2507/4003/3788 2504/3550/3347 2201/3549/3346
f 2199/4004/3789 2508/4005/3790 2507/4003/3788 2200/4002/3787
f 2516/2029/1830 2515/4006/3791 2518/4007/3792 2517/2030/1831
f 2199/4004/3789 2198/4008/3793 2510/4009/3794 2508/4005/3790
f 2688/4010/3795 2512/4011/3796 2508/4000/3785
f 2520/2037/1838 2517/2030/1831 2518/4007/3792 2519/4012/3797
f 2197/4013/3798 2515/4014/3799 2510/4009/3794 2198/4008/3793
f 2197/4013/3798 2196/3534/3331 2518/3533/3331 2515/4014/3799
f 2522/2041/1842 2520/2037/1838 2519/4012/3797 2521/4015/3800
f 2524/2043/1844 2522/2041/1842 2521/4015/3800 2523/4016/3801
f 2524/2043/1844 2523/4016/3801 2525/4017/3802 2526/2045/1846
f 2046/4018/3803 2036/3529/3327 2249/3528/3326 2250/3524/3322
f 2526/2045/1846 2525/4017/3802 2527/4019/3804 2528/2048/1849
f 2528/2048/1849 2527/4019/3804 2529/4020/3805 2530/2050/1851
f 2189/4021/3806 2525/4022/3807 2523/3520/3318 2190/3519/3317
f 2530/2050/1851 2529/4020/3805 2531/4023/3808 2532/2054/1855
f 2194/4024/3809 2527/4025/3810 2525/4022/3807 2189/4021/3806
f 2532/2054/1855 2531/4023/3808 2533/4026/3811 2534/2058/1859
f 2188/4027/3812 2529/4028/3813 2527/4025/3810 2194/4024/3809
f 2535/4029/3814 2634/2063/1864 2534/2058/1859 2533/4026/3811
f 2187/4030/3815 2531/4031/3816 2529/4028/3813 2188/4027/3812
f 2681/4032/3817 2688/4010/3795 2508/4000/3785 2510/4033/3818
f 2186/4034/3819 2533/4035/3820 2531/4031/3816 2187/4030/3815
f 2185/3372/3169 2535/3371/3168 2533/4035/3820 2186/4034/3819
f 2538/3370/3167 2184/3373/3170 2183/4036/3821 2537/4037/3822
f 2718/4038/3823 2717/4039/3824 2182/2074/1874 2536/2073/1874
f 2689/4040/3825 2565/4041/3826 2512/4042/3827 2688/4043/3828
f 2564/4044/3829 2563/4045/3830 2506/4046/3831 2509/4047/3832
f 2563/4045/3830 2562/3994/3779 2505/3995/3780 2506/4046/3831
f 2647/4048/3833 2645/4049/3834 2570/2086/1886 2571/2085/1885
f 2649/4050/3835 2647/4048/3833 2571/2085/1885 2572/2089/1889
f 2651/3983/3768 2649/4050/3835 2572/2089/1889 2573/2006/1807
f 2657/3975/3760 2655/3980/3765 2575/2001/1802 2576/1996/1797
f 2555/3587/3382 2554/4051/3836 2490/4052/3837 2437/3588/3383
f 2554/4051/3836 2553/4053/3838 2488/4054/3839 2490/4052/3837
f 2553/4053/3838 2552/4055/3840 2486/4056/3841 2488/4054/3839
f 2552/4055/3840 2551/4057/3842 2484/4058/3843 2486/4056/3841
f 2551/4057/3842 2550/4059/3844 2482/4060/3845 2484/4058/3843
f 2550/4059/3844 2549/4061/3846 2480/4062/3847 2482/4060/3845
f 2549/4061/3846 2548/4063/3848 2478/4064/3849 2480/4062/3847
f 2548/4063/3848 2547/4065/3850 2476/4066/3851 2478/4064/3849
f 2547/4065/3850 2546/4067/3852 2469/4068/3853 2476/4066/3851
f 2546/4067/3852 2680/4069/3854 2462/4070/3855 2469/4068/3853
f 2680/4069/3854 2545/3929/3856 2461/3932/3856 2462/4070/3855
f 2544/3930/3857 2543/4071/3858 2458/4072/3859 2459/3931/3857
f 2730/4073/3860 2542/4074/3861 2457/4075/3862 2729/4076/3863
f 2542/4074/3861 2541/4077/3864 2456/4078/3865 2457/4075/3862
f 2732/4079/3866 2540/4080/3867 2455/4081/3868 2731/4082/3869
f 2734/4083/3870 2539/2125/1926 2454/2124/1926 2733/4084/3871
f 2645/4049/3834 2642/4085/3872 2569/2126/1927 2570/2086/1886
f 2565/4041/3826 2564/4044/3829 2509/4047/3832 2512/4042/3827
f 2659/3976/3761 2577/1995/1796 2578/2129/1930 2661/4086/3873
f 2661/4086/3873 2578/2129/1930 2579/2131/1932 2663/4087/3874
f 2665/4088/3875 2663/4087/3874 2579/2131/1932 2580/2133/1934
f 2665/4088/3875 2580/2133/1934 2581/2135/1936 2667/4089/3876
f 2667/4089/3876 2581/2135/1936 2582/2137/1938 2669/4090/3877
f 2669/4090/3877 2582/2137/1938 2583/2139/1940 2671/4091/3878
f 2671/4091/3878 2583/2139/1940 2584/2141/1942 2673/4092/3879
f 2675/4093/3880 2673/4092/3879 2584/2141/1942 2585/2143/1944
f 2675/4093/3880 2585/2143/1944 2586/2145/1946 2677/4094/3881
f 2441/3933/3719 2443/3936/3721 2694/4095/3882
f 2438/4096/3883 2441/3933/3719 2694/4095/3882 2339/4097/3884
f 2348/3917/3706 2468/3921/3710 2461/3926/3715
f 2437/3593/3388 2490/3972/3757 2491/3971/3756 2436/3590/3385
f 2373/4098/3885 2591/3172/2966 2590/3171/2965 2372/4099/3886
f 2369/4100/3887 2587/3176/2970 2618/3175/2969 2400/4101/3888
f 2374/4102/3889 2592/3178/2972 2591/3172/2966 2373/4098/3885
f 2375/4103/3890 2593/3180/2974 2592/3178/2972 2374/4102/3889
f 2390/3693/3488 2608/2746/2544 2607/2925/2721 2389/3856/3645
f 2376/4104/3891 2594/3182/2976 2593/3180/2974 2375/4103/3890
f 2387/3796/3587 2355/3795/3587 2619/4105/3892 2620/4106/3893
f 2291/3859/3648 2414/3860/3649 2413/4107/3483 2292/4108/3486
f 2377/4109/3894 2595/3188/2980 2594/3182/2976 2376/4104/3891
f 2392/4110/3895 2610/3190/2982 2609/2747/2545 2391/3692/3487
f 2378/4111/3896 2596/3192/2984 2595/3188/2980 2377/4109/3894
f 2393/4112/3897 2611/3194/2986 2610/3190/2982 2392/4110/3895
f 2379/4113/3898 2597/3196/2988 2596/3192/2984 2378/4111/3896
f 2394/4114/3899 2612/3198/2990 2611/3194/2986 2393/4112/3897
f 2380/4115/3900 2598/3200/2992 2597/3196/2988 2379/4113/3898
f 2395/4116/3901 2613/3202/2994 2612/3198/2990 2394/4114/3899
f 2381/4117/3902 2599/3204/2996 2598/3200/2992 2380/4115/3900
f 2396/4118/3903 2614/3206/2998 2613/3202/2994 2395/4116/3901
f 2382/4119/3904 2600/3208/3000 2599/3204/2996 2381/4117/3902
f 2397/3905/3694 2615/2974/2770 2614/3206/2998 2396/4118/3903
f 2383/4120/3905 2601/3210/3002 2600/3208/3000 2382/4119/3904
f 2370/4121/3906 2588/3212/3004 2587/3176/2970 2369/4100/3887
f 2384/4122/3907 2602/3214/3006 2601/3210/3002 2383/4120/3905
f 2387/4123/3908 2605/3216/3008 2604/1205/100 2386/2175/1974
f 2388/4124/3909 2620/4106/3893 2619/4105/3892 2356/4125/3910
f 2371/4126/3911 2589/3220/3012 2588/3212/3004 2370/4121/3906
f 2399/4127/3912 2617/3222/3014 2616/2975/2771 2398/3906/3695
f 2385/2180/1979 2603/1214/97 2602/3214/3006 2384/4122/3907
f 2372/4099/3886 2590/3171/2965 2589/3220/3012 2371/4126/3911
f 2400/4101/3888 2618/3175/2969 2617/3222/3014 2399/4127/3912
f 2391/3757/3552 2390/3748/3544 2358/3747/3543 2359/3758/3553
f 2096/3402/3199 2090/3403/3200 2167/2400/2199 2173/2397/2196
f 2605/3216/3008 2387/4123/3908 2620/3852/3641 2621/2921/2717
f 2728/4128/3913 2724/4129/3914 2356/4130/3915 2619/4131/3916
f 2364/3468/3265 2622/3470/3267 2623/4132/3917 2410/4133/3918
f 2388/4124/3909 2356/4125/3910 2357/3750/3546 2389/3749/3545
f 2356/4130/3915 2724/4129/3914 2721/4134/3919
f 2704/4135/3920 2710/4136/3921 2722/4137/3922 2721/4134/3919
f 2061/4138/3923 2067/3851/3640 2290/3706/3501 2288/4139/3924
f 2322/4140/3925 2316/3732/3528 2324/3733/3529
f 2438/4096/3883 2339/4097/3884 2440/4141/3926
f 2685/4142/3927 2639/4143/3928 2567/2197/1996 2683/2196/1995
f 2642/4085/3872 2640/4144/3929 2568/2199/1998 2569/2126/1927
f 2191/3527/3325 2195/3525/3323 2250/3524/3322 2249/3528/3326
f 2633/3456/3253 2631/3510/3308 2308/3710/3505 2307/3687/3482
f 2230/3819/3608 2410/3822/3611 2623/3824/3613 2624/3823/3612
f 2435/3835/3624 2422/3839/3628 2420/2903/2699 2434/2897/2693
f 2624/3707/3502 2290/3706/3501 2299/3680/3475 2230/4145/3930
f 2230/4145/3930 2299/3680/3475 2232/3818/3607
f 2435/3838/3627 2288/4139/3924 2290/3706/3501 2625/3705/3500
f 2104/3387/3184 2334/3718/3931 2333/2773/3033 2181/2370/2169
f 2331/3729/3525 2316/3722/3517 2325/2782/2580 2332/2790/2590
f 2089/4146/3932 2629/3676/3471 2627/3417/3214 2165/3416/3213
f 2335/3677/3472 2295/3508/3306 2336/3678/3473
f 2324/3733/3529 2335/3677/3472 2629/3676/3471 2089/4146/3932
f 2061/4138/3923 2098/3391/3188 2628/3390/3187 2067/3851/3640
f 2628/3390/3187 2626/3389/3186 2231/3727/3523 2315/3704/3499
f 2067/3851/3640 2628/3390/3187 2315/3704/3499 2301/3681/3476
f 2627/3417/3214 2629/3676/3471 2336/3678/3473
f 2231/3727/3523 2626/3389/3186 2627/3417/3214 2336/3678/3473
f 2632/3509/3307 2335/3677/3472 2329/3714/3509 2311/3717/3512
f 2631/3510/3308 2632/3509/3307 2311/3717/3512 2308/3710/3505
f 2049/3530/3328 2048/4147/3933 2249/3528/3326
f 2249/3528/3326 2048/4147/3933 2047/4148/3934 2248/3518/3316
f 2248/3518/3316 2047/4148/3934 2035/3503/3301 2246/3499/3297
f 2037/4149/3935 2046/4018/3803 2250/3524/3322
f 2102/3536/3333 2037/4149/3935 2250/3524/3322 2251/3523/3321
f 2511/2206/2006 2510/4033/3818 2515/4006/3791 2516/2029/1830
f 2039/3539/3336 2253/3515/3313 2254/3514/3312 2041/3541/3338
f 2537/4150/3936 2718/4151/3937 2536/2208/2008 2634/2063/1864
f 2513/2210/2010 2637/4152/3938 2511/2206/2006
f 2640/4144/3929 2679/4153/3939 2635/2212/2012 2568/2199/1998
f 2040/4154/3940 2100/3544/3341 2256/3545/3342
f 2101/4155/3941 2040/4154/3940 2256/3545/3342 2257/3548/3345
f 2075/4156/3942 2074/4157/3943 2263/4158/3944
f 2202/3547/3344 2203/3562/3358 2258/3555/3351 2257/3548/3345
f 2044/3554/3350 2101/4155/3941 2257/3548/3345
f 2260/3561/3357 2070/3573/3368 2073/3558/3354
f 2050/3579/3374 2071/4159/3945 2261/3580/3375
f 2259/3560/3356 2072/4160/3946 2045/4161/3947
f 2258/3555/3351 2259/3560/3356 2045/4161/3947 2043/3553/3349
f 2051/4162/3948 2075/4156/3942 2263/4158/3944
f 2076/3595/3390 2051/4162/3948 2263/4158/3944 2264/3596/3391
f 2052/4163/3949 2053/4164/3950 2262/3581/3376
f 2260/3561/3357 2259/3560/3356 2204/3563/3359 2205/4165/3951
f 2038/3559/3355 2072/4160/3946 2259/3560/3356
f 2206/4166/3952 2262/3581/3376 2261/3580/3375
f 2207/4167/3953 2208/3598/3393 2264/3596/3391 2263/4158/3944
f 2074/4157/3943 2052/4163/3949 2262/3581/3376 2263/4158/3944
f 2053/4164/3950 2099/3578/3373 2262/3581/3376
f 2205/4165/3951 2206/4166/3952 2261/3580/3375 2260/3561/3357
f 2071/4159/3945 2054/3572/3367 2260/3561/3357 2261/3580/3375
f 2636/4168/3954 2638/4169/3955 2566/4170/3956 2514/4171/3957
f 2641/4172/3958 2678/4173/3959 2679/4153/3939 2640/4144/3929
f 2636/4174/3960 2514/4175/3961 2510/4033/3818 2511/2206/2006
f 2564/4176/3962 2565/4177/3963 2678/4173/3959 2641/4172/3958
f 2643/4178/3964 2641/4172/3958 2640/4144/3929 2642/4085/3872
f 2563/4179/3965 2564/4176/3962 2641/4172/3958 2643/4178/3964
f 2684/4180/3966 2638/4181/3967 2639/4143/3928 2685/4142/3927
f 2682/4182/3968 2566/4183/3969 2638/4181/3967 2684/4180/3966
f 2674/4184/3970 2675/4093/3880 2677/4094/3881 2676/4185/3971
f 2547/4186/3972 2674/4184/3970 2676/4185/3971 2546/4187/3973
f 2674/4184/3970 2672/4188/3974 2673/4092/3879 2675/4093/3880
f 2547/4186/3972 2548/4189/3975 2672/4188/3974 2674/4184/3970
f 2670/4190/3976 2671/4091/3878 2673/4092/3879 2672/4188/3974
f 2549/4191/3977 2670/4190/3976 2672/4188/3974 2548/4189/3975
f 2668/4192/3978 2669/4090/3877 2671/4091/3878 2670/4190/3976
f 2550/4193/3979 2668/4192/3978 2670/4190/3976 2549/4191/3977
f 2666/4194/3980 2667/4089/3876 2669/4090/3877 2668/4192/3978
f 2551/4195/3981 2666/4194/3980 2668/4192/3978 2550/4193/3979
f 2664/4196/3982 2665/4088/3875 2667/4089/3876 2666/4194/3980
f 2552/4197/3983 2664/4196/3982 2666/4194/3980 2551/4195/3981
f 2664/4196/3982 2662/4198/3984 2663/4087/3874 2665/4088/3875
f 2552/4197/3983 2553/4199/3985 2662/4198/3984 2664/4196/3982
f 2660/4200/3986 2661/4086/3873 2663/4087/3874 2662/4198/3984
f 2554/4201/3987 2660/4200/3986 2662/4198/3984 2553/4199/3985
f 2658/4202/3988 2659/3976/3761 2661/4086/3873 2660/4200/3986
f 2555/4203/3989 2658/4202/3988 2660/4200/3986 2554/4201/3987
f 2644/4204/3990 2643/4178/3964 2642/4085/3872 2645/4049/3834
f 2562/4205/3991 2563/4179/3965 2643/4178/3964 2644/4204/3990
f 2656/4206/3992 2654/4207/3993 2655/3980/3765 2657/3975/3760
f 2556/4208/3994 2557/4209/3995 2654/4207/3993 2656/4206/3992
f 2650/4210/3996 2648/4211/3997 2649/4050/3835 2651/3983/3768
f 2559/4212/3998 2560/4213/3999 2648/4211/3997 2650/4210/3996
f 2648/4211/3997 2646/4214/4000 2647/4048/3833 2649/4050/3835
f 2560/4213/3999 2561/4215/4001 2646/4214/4000 2648/4211/3997
f 2646/4214/4000 2644/4204/3990 2645/4049/3834 2647/4048/3833
f 2513/2276/2076 2567/2279/2076 2639/4216/4002 2637/4217/4003
f 2637/4217/4003 2639/4216/4002 2638/4169/3955 2636/4168/3954
f 2561/4215/4001 2562/4205/3991 2644/4204/3990 2646/4214/4000
f 2650/4210/3996 2651/3983/3768 2653/3979/3764 2652/4218/4004
f 2559/4212/3998 2650/4210/3996 2652/4218/4004 2558/4219/4005
f 2652/4218/4004 2653/3979/3764 2655/3980/3765 2654/4207/3993
f 2558/4219/4005 2652/4218/4004 2654/4207/3993 2557/4209/3995
f 2656/4206/3992 2657/3975/3760 2659/3976/3761 2658/4202/3988
f 2637/4152/3938 2636/4174/3960 2511/2206/2006
f 2541/4220/4006 2542/4221/4007 2676/4185/3971 2677/4094/3881
f 2540/4222/4008 2732/4223/4009 2541/4220/4006 2677/4094/3881
f 2734/4224/4010 2540/4222/4008 2677/4094/3881 2586/2145/1946
f 2543/4225/4011 2676/4185/3971 2542/4221/4007 2730/4226/4012
f 2556/4208/3994 2656/4206/3992 2658/4202/3988 2555/4203/3989
f 2545/4227/4013 2680/4228/4014 2543/4225/4011 2544/4229/4013
f 2680/4228/4014 2546/4187/3973 2676/4185/3971 2543/4225/4011
f 2689/4230/4015 2682/4182/3968 2684/4180/3966 2686/4231/4016
f 2686/4231/4016 2684/4180/3966 2685/4142/3927 2687/4232/4017
f 2687/4232/4017 2685/4142/3927 2683/2196/1995 2690/2295/2093
f 2566/4170/3956 2682/4233/4018 2681/4234/4019 2514/4171/3957
f 2679/4153/3939 2687/4232/4017 2690/2295/2093 2635/2212/2012
f 2678/4173/3959 2686/4231/4016 2687/4232/4017 2679/4153/3939
f 2565/4177/3963 2689/4230/4015 2686/4231/4016 2678/4173/3959
f 2682/4233/4018 2689/4040/3825 2688/4043/3828 2681/4234/4019
f 2514/4175/3961 2681/4032/3817 2510/4033/3818
f 2508/4000/3785 2512/4011/3796 2509/4001/3786
f 2207/4167/3953 2263/4158/3944 2262/3581/3376 2206/4166/3952
f 2364/3468/3265 2419/3834/3623 2411/3469/3266
f 2365/3788/3580 2364/3468/3265 2410/4133/3918 2409/3785/3577
f 2443/3874/3663 2692/3871/3660 2691/3872/3661 2221/3875/3664
f 2444/3888/3677 2694/3873/3662 2693/3876/3665 2227/3889/3678
f 2221/4235/4020 2281/3649/3444 2280/3507/3305 2693/3647/3442
f 2282/3686/3481 2281/3649/3444 2221/4235/4020
f 2235/3458/3255 2630/3457/3254 2691/4236/4021 2228/3696/3491
f 2630/3457/3254 2282/3686/3481 2221/4235/4020 2691/4236/4021
f 2440/3864/3653 2696/3861/3650 2695/3862/3651 2439/3865/3654
f 2402/3907/3696 2297/3671/3465 2401/4237/4022
f 2297/3671/3465 2296/3670/3464 2695/3904/3693 2401/4237/4022
f 2339/4097/3884 2338/3815/3604 2696/3877/3666 2440/4141/3926
f 2339/4097/3884 2694/4095/3882 2444/3879/3668 2340/3878/3667
f 2093/3408/3205 2170/2916/2712 2701/3334/3127 2699/4238/4023
f 2719/4239/4024 2723/4240/4025 2619/4131/3916 2355/3858/3647
f 2065/3455/3252 2699/4238/4023 2701/3334/3130 2143/2490/2289
f 2430/4241/4026 2700/4242/4027 2699/4238/4023 2065/3455/3252
f 2710/4243/4028 2704/4244/4029 2702/4245/4030 2708/4246/4031
f 2708/4246/4031 2702/4245/4030 2703/3344/3138 2709/3343/3137
f 2704/4244/4029 2706/4247/4032 2707/4248/4033 2702/4245/4030
f 2702/4245/4030 2707/4248/4033 2705/3347/3141 2703/3344/3138
f 2065/3455/3252 2712/3454/3251 2713/4249/4034 2430/4241/4026
f 2705/3347/3141 2707/4248/4033 2715/3452/4035 2714/2485/3143
f 2066/3453/3250 2715/3452/3249 2716/4250/4036 2433/4251/4037
f 2432/4252/4038 2431/4253/4039 2719/4239/4024 2725/3857/3646
f 2431/4254/4040 2432/3409/3206 2093/3408/3205 2699/4238/4023
f 2066/3453/3250 2433/4251/4037 2713/4249/4034 2712/3454/3251
f 2430/4255/4041 2713/4256/4042 2728/4128/3913 2726/4257/4043
f 2700/4258/4044 2430/4255/4041 2726/4257/4043 2723/4240/4025
f 2708/4246/4031 2091/3411/3468 2294/3675/3470 2710/4243/4028
f 2459/3918/3707 2348/3917/3706 2461/3926/3715
f 2708/4246/4031 2709/3343/3137 2168/2410/3154 2091/3411/3468
f 2715/3452/4035 2707/4248/4033 2706/4247/4032 2716/4250/4045
f 2537/4037/3822 2183/4036/3821 2717/4039/3824 2718/4038/3823
f 2182/2322/2122 2717/3488/3286 2241/1490/1306
f 2294/3742/3538 2412/3689/3484 2727/4259/4046
f 2232/3820/3609 2697/3816/3605 2698/3817/3606 2409/3821/3610
f 2357/4260/4047 2722/4137/3922 2727/4259/4046
f 2721/4134/3919 2722/4137/3922 2357/4260/4047 2356/4130/3915
f 2725/3857/3646 2720/1874/1679 2429/2325/2125 2432/4252/4038
f 2723/4240/4025 2719/4239/4024 2431/4253/4039 2700/4258/4044
f 2726/4257/4043 2728/4128/3913 2619/4131/3916
f 2727/4259/4046 2412/3689/3484 2358/3831/3620 2357/4260/4047
f 2727/4259/4046 2722/4137/3922 2710/4136/3921 2294/3742/3538
f 2721/4134/3919 2724/4129/3914 2706/4261/4048 2704/4135/3920
f 2725/3857/3646 2719/4239/4024 2355/3858/3647
f 2433/4262/4049 2716/4263/4050 2706/4261/4048 2724/4129/3914
f 2723/4240/4025 2726/4257/4043 2619/4131/3916
f 2543/4071/3858 2730/4073/3860 2729/4076/3863 2458/4072/3859
f 2541/4077/3864 2732/4079/3866 2731/4082/3869 2456/4078/3865
f 2540/4080/3867 2734/4083/3870 2733/4084/3871 2455/4081/3868
f 2352/4264/4051 2351/3911/3700 2731/3913/3702 2455/4265/4051
f 2349/3920/3709 2458/3919/3708 2729/3916/3705 2350/3914/3703
f 2539/2331/2130 2734/4224/4010 2586/2145/1946
f 2352/4264/4051 2455/4265/4051 2733/3910/3699 2353/1926/1731
f 2713/4256/4042 2433/4262/4049 2724/4129/3914 2728/4128/3913
f 2700/4242/4027 2431/4254/4040 2699/4238/4023
f 2535/4029/3814 2538/4266/4052 2634/2063/1864
f 2538/4266/4052 2537/4150/3936 2634/2063/1864
f 2877/4267/4053 2873/4268/4054 2735/4269/4055 2738/4270/4056
f 2804/4271/4057 2805/4272/4057 2736/4273/4058 2735/4274/4059
f 2805/4275/4060 2806/4276/4060 2737/4277/4061 2736/4278/4062
f 2740/4279/4063 2737/4280/4064 2961/4281/4065 2962/4282/4066
f 2881/4283/4067 2877/4267/4053 2738/4270/4056 2741/4284/4068
f 2735/4274/4059 2736/4273/4058 2739/4285/4069 2738/4286/4070
f 2736/4278/4062 2737/4277/4061 2740/4287/4071 2739/4288/4071
f 2743/4289/4072 2740/4279/4063 2962/4282/4066 2963/4290/4073
f 2885/4291/4074 2881/4283/4067 2741/4284/4068 2744/4292/4075
f 2738/4286/4070 2739/4285/4069 2742/4293/4076 2741/4294/4076
f 2739/4288/4071 2740/4287/4071 2743/4295/4077 2742/4296/4077
f 2746/4297/4078 2743/4289/4072 2963/4290/4073 2964/4298/4079
f 2889/4299/4080 2885/4291/4074 2744/4292/4075 2747/4300/4081
f 2741/4294/4076 2742/4293/4076 2745/4301/4082 2744/4302/4082
f 2742/4296/4077 2743/4295/4077 2746/4303/4083 2745/4304/4083
f 2749/4305/4084 2746/4297/4078 2964/4298/4079 2965/4306/4085
f 2893/4307/4086 2889/4299/4080 2747/4300/4081 2750/4308/4087
f 2744/4302/4082 2745/4301/4082 2748/4309/4088 2747/4310/4089
f 2745/4304/4083 2746/4303/4083 2749/4311/4090 2748/4312/4090
f 2752/4313/4091 2749/4305/4084 2965/4306/4085 2966/4314/4092
f 2897/4315/4093 2893/4307/4086 2750/4308/4087 2753/4316/4094
f 2747/4310/4089 2748/4309/4088 2751/4317/4095 2750/4318/4096
f 2748/4312/4090 2749/4311/4090 2752/4319/4097 2751/4320/4097
f 2755/4321/4098 2752/4313/4091 2966/4314/4092 2967/4322/4099
f 2901/4323/4100 2897/4315/4093 2753/4316/4094 2756/4324/4101
f 2750/4318/4096 2751/4317/4095 2754/4325/4102 2753/4326/4103
f 2751/4320/4097 2752/4319/4097 2755/4327/4104 2754/4328/4104
f 2758/4329/4105 2755/4321/4098 2967/4322/4099 2968/4330/4106
f 2905/4331/4107 2901/4323/4100 2756/4324/4101 2759/4332/4108
f 2753/4326/4103 2754/4325/4102 2757/4333/4109 2756/4334/4109
f 2754/4328/4104 2755/4327/4104 2758/4335/4110 2757/4336/4110
f 2761/4337/4111 2758/4329/4105 2968/4330/4106 2969/4338/4112
f 2909/4339/4113 2905/4331/4107 2759/4332/4108 2762/4340/4114
f 2756/4334/4109 2757/4333/4109 2760/4341/4115 2759/4342/4116
f 2757/4336/4110 2758/4335/4110 2761/4343/4117 2760/4344/4117
f 2764/4345/4118 2761/4337/4111 2969/4338/4112 2970/4346/4119
f 2913/4347/4120 2909/4339/4113 2762/4340/4114 2765/4348/4121
f 2759/4342/4116 2760/4341/4115 2763/4349/4122 2762/4350/4123
f 2760/4344/4117 2761/4343/4117 2764/4351/4124 2763/4352/4125
f 2767/4353/4126 2764/4345/4118 2970/4346/4119 2971/4354/4127
f 2917/4355/4128 2913/4347/4120 2765/4348/4121 2768/4356/4129
f 2762/4350/4123 2763/4349/4122 2766/4357/4130 2765/4358/4130
f 2763/4352/4125 2764/4351/4124 2767/4359/4131 2766/4360/4132
f 2770/4361/4133 2767/4353/4126 2971/4354/4127 2972/4362/4134
f 2921/4363/4135 2917/4355/4128 2768/4356/4129 2771/4364/4136
f 2765/4358/4130 2766/4357/4130 2769/4365/4137 2768/4366/4138
f 2766/4360/4132 2767/4359/4131 2770/4367/4139 2769/4368/4140
f 2773/4369/4141 2770/4361/4133 2972/4362/4134 2973/4370/4142
f 2925/4371/4143 2921/4363/4135 2771/4364/4136 2774/4372/4144
f 2768/4366/4138 2769/4365/4137 2772/4373/4145 2771/4374/4146
f 2769/4368/4140 2770/4367/4139 2773/4375/4141 2772/4376/4147
f 2776/4377/4148 2773/4369/4141 2973/4370/4142 2974/4378/4149
f 2929/4379/4150 2925/4371/4143 2774/4372/4144 2777/4380/4151
f 2771/4374/4146 2772/4373/4145 2775/4381/4152 2774/4382/4153
f 2772/4376/4147 2773/4375/4141 2776/4383/4148 2775/4384/4154
f 2779/4385/4155 2776/4377/4148 2974/4378/4149 2975/4386/4156
f 2933/4387/4157 2929/4379/4150 2777/4380/4151 2780/4388/4158
f 2774/4382/4153 2775/4381/4152 2778/4389/4159 2777/4390/4160
f 2775/4384/4154 2776/4383/4148 2779/4391/4155 2778/4392/4161
f 2782/4393/4162 2779/4385/4155 2975/4386/4156 2976/4394/4163
f 2937/4395/4164 2933/4387/4157 2780/4388/4158 2783/4396/4165
f 2777/4390/4160 2778/4389/4159 2781/4397/4166 2780/4398/4167
f 2778/4392/4161 2779/4391/4155 2782/4399/4162 2781/4400/4168
f 2785/4401/4169 2782/4393/4162 2976/4394/4163 2977/4402/4170
f 2941/4403/4171 2937/4395/4164 2783/4396/4165 2786/4404/4172
f 2780/4398/4167 2781/4397/4166 2784/4405/4173 2783/4406/4174
f 2781/4400/4168 2782/4399/4162 2785/4407/4169 2784/4408/4175
f 2788/4409/4176 2785/4401/4169 2977/4402/4170 2978/4410/4177
f 2945/4411/4178 2941/4403/4171 2786/4404/4172 2789/4412/4179
f 2783/4406/4174 2784/4405/4173 2787/4413/4180 2786/4414/4181
f 2784/4408/4175 2785/4407/4169 2788/4415/4176 2787/4416/4182
f 2791/4417/4183 2788/4409/4176 2978/4410/4177 2979/4418/4184
f 2949/4419/4185 2945/4411/4178 2789/4412/4179 2792/4420/4186
f 2786/4414/4181 2787/4413/4180 2790/4421/4187 2789/4422/4188
f 2787/4416/4182 2788/4415/4176 2791/4423/4183 2790/4424/4189
f 2794/4425/4190 2791/4417/4183 2979/4418/4184 2980/4426/4191
f 2953/4427/4192 2949/4419/4185 2792/4420/4186 2795/4428/4193
f 2789/4422/4188 2790/4421/4187 2793/4429/4194 2792/4430/4195
f 2790/4424/4189 2791/4423/4183 2794/4431/4196 2793/4432/4197
f 2797/4433/4198 2794/4434/4190 2980/4435/4191 2981/4436/4199
f 2957/4437/4200 2953/4427/4192 2795/4428/4193 2798/4438/4201
f 2792/4430/4195 2793/4429/4194 2796/4439/4202 2795/4440/4203
f 2793/4432/4197 2794/4431/4196 2797/4441/4204 2796/4442/4205
f 2800/4443/4206 2797/4433/4198 2981/4436/4199 2982/4444/4207
f 2983/4445/4208 2957/4437/4200 2798/4438/4201 2801/4446/4209
f 2795/4440/4203 2796/4439/4202 2799/4447/4210 2798/4448/4211
f 2796/4442/4205 2797/4441/4204 2800/4449/4212 2799/4450/4212
f 2803/4451/4213 2800/4443/4206 2982/4444/4207 3079/4452/4213
f 2737/4280/4064 2806/4453/4214 3080/4454/97 2961/4281/4065
f 2798/4448/4211 2799/4447/4210 2802/4455/4215 2801/4456/4216
f 2799/4450/4212 2800/4449/4212 2803/4457/4217 2802/4458/4217
f 2873/4268/4054 2987/4459/100 2804/4460/4218 2735/4269/4055
f 2995/4461/4219 2810/4462/4220 2807/4463/4221 2991/4464/4222
f 2804/4271/4057 2807/4465/4223 2808/4466/4224 2805/4272/4057
f 2805/4275/4060 2808/4467/4225 2809/4468/4226 2806/4276/4060
f 2812/4469/4227 3082/4470/4228 3081/4471/4229 2809/4472/4230
f 2999/4473/4231 2813/4474/4232 2810/4462/4220 2995/4461/4219
f 2807/4465/4223 2810/4475/4233 2811/4476/4234 2808/4466/4224
f 2808/4467/4225 2811/4477/4235 2812/4478/4235 2809/4468/4226
f 2815/4479/4236 3083/4480/4237 3082/4470/4228 2812/4469/4227
f 3003/4481/4238 2816/4482/4239 2813/4474/4232 2999/4473/4231
f 2810/4475/4233 2813/4483/4240 2814/4484/4241 2811/4476/4234
f 2811/4477/4235 2814/4485/4242 2815/4486/4242 2812/4478/4235
f 2818/4487/4243 3084/4488/4244 3083/4480/4237 2815/4479/4236
f 3007/4489/4245 2819/4490/4246 2816/4482/4239 3003/4481/4238
f 2813/4483/4240 2816/4491/4247 2817/4492/4247 2814/4484/4241
f 2814/4485/4242 2817/4493/4248 2818/4494/4248 2815/4486/4242
f 2821/4495/4249 3085/4496/4250 3084/4488/4244 2818/4487/4243
f 3011/4497/4251 2822/4498/4252 2819/4490/4246 3007/4489/4245
f 2816/4491/4247 2819/4499/4253 2820/4500/4253 2817/4492/4247
f 2817/4493/4248 2820/4501/4254 2821/4502/4254 2818/4494/4248
f 2824/4503/4255 3086/4504/4256 3085/4496/4250 2821/4495/4249
f 3015/4505/4257 2825/4506/4258 2822/4498/4252 3011/4497/4251
f 2819/4499/4253 2822/4507/4259 2823/4508/4260 2820/4500/4253
f 2820/4501/4254 2823/4509/4261 2824/4510/4261 2821/4502/4254
f 2827/4511/4262 3087/4512/4263 3086/4504/4256 2824/4503/4255
f 3019/4513/4264 2828/4514/4265 2825/4506/4258 3015/4505/4257
f 2822/4507/4259 2825/4515/4266 2826/4516/4267 2823/4508/4260
f 2823/4509/4261 2826/4517/4268 2827/4518/4268 2824/4510/4261
f 2830/4519/4269 3088/4520/4270 3087/4512/4263 2827/4511/4262
f 3023/4521/4271 2831/4522/4272 2828/4514/4265 3019/4513/4264
f 2825/4515/4266 2828/4523/4273 2829/4524/4274 2826/4516/4267
f 2826/4517/4268 2829/4525/4275 2830/4526/4275 2827/4518/4268
f 2833/4527/4276 3089/4528/4277 3088/4520/4270 2830/4519/4269
f 3027/4529/4278 2834/4530/4279 2831/4522/4272 3023/4521/4271
f 2828/4523/4273 2831/4531/4280 2832/4532/4280 2829/4524/4274
f 2829/4525/4275 2832/4533/4281 2833/4534/4281 2830/4526/4275
f 2836/4535/4282 3090/4536/4283 3089/4528/4277 2833/4527/4276
f 3031/4537/4284 2837/4538/4285 2834/4530/4279 3027/4529/4278
f 2831/4531/4280 2834/4539/4286 2835/4540/4286 2832/4532/4280
f 2832/4533/4281 2835/4541/4287 2836/4542/4288 2833/4534/4281
f 2839/4543/4289 3091/4544/4290 3090/4536/4283 2836/4535/4282
f 3035/4545/4291 2840/4546/4292 2837/4538/4285 3031/4537/4284
f 2834/4539/4286 2837/4547/4293 2838/4548/4293 2835/4540/4286
f 2835/4541/4287 2838/4549/4294 2839/4550/4295 2836/4542/4288
f 2842/4551/4296 3092/4552/4128 3091/4544/4290 2839/4543/4289
f 3039/4553/4297 2843/4554/4298 2840/4546/4292 3035/4545/4291
f 2837/4547/4293 2840/4555/4299 2841/4556/4299 2838/4548/4293
f 2838/4549/4294 2841/4557/4300 2842/4558/4301 2839/4550/4295
f 2845/4559/4302 3093/4560/4303 3092/4552/4128 2842/4551/4296
f 3043/4561/4304 2846/4562/4305 2843/4554/4298 3039/4553/4297
f 2840/4555/4299 2843/4563/4306 2844/4564/4307 2841/4556/4299
f 2841/4557/4300 2844/4565/4308 2845/4566/4302 2842/4558/4301
f 2848/4567/4309 3094/4568/4310 3093/4560/4303 2845/4559/4302
f 3047/4569/4311 2849/4570/4312 2846/4562/4305 3043/4561/4304
f 2843/4563/4306 2846/4571/4313 2847/4572/4314 2844/4564/4307
f 2844/4565/4308 2847/4573/4315 2848/4574/4309 2845/4566/4302
f 2851/4575/4316 3095/4576/4317 3094/4568/4310 2848/4567/4309
f 3051/4577/4318 2852/4578/4319 2849/4570/4312 3047/4569/4311
f 2846/4571/4313 2849/4579/4320 2850/4580/4321 2847/4572/4314
f 2847/4573/4315 2850/4581/4322 2851/4582/4316 2848/4574/4309
f 2854/4583/4323 3096/4584/4324 3095/4576/4317 2851/4575/4316
f 3055/4585/4325 2855/4586/4326 2852/4578/4319 3051/4577/4318
f 2849/4579/4320 2852/4587/4327 2853/4588/4328 2850/4580/4321
f 2850/4581/4322 2853/4589/4329 2854/4590/4323 2851/4582/4316
f 2857/4591/4330 3097/4592/4331 3096/4584/4324 2854/4583/4323
f 3059/4593/4332 2858/4594/4333 2855/4586/4326 3055/4585/4325
f 2852/4587/4327 2855/4595/4334 2856/4596/4335 2853/4588/4328
f 2853/4589/4329 2856/4597/4336 2857/4598/4330 2854/4590/4323
f 2860/4599/4337 3098/4600/4338 3097/4592/4331 2857/4591/4330
f 3063/4601/4339 2861/4602/4340 2858/4594/4333 3059/4593/4332
f 2855/4595/4334 2858/4603/4341 2859/4604/4342 2856/4596/4335
f 2856/4597/4336 2859/4605/4343 2860/4606/4337 2857/4598/4330
f 2863/4607/4344 3099/4608/4345 3098/4600/4338 2860/4599/4337
f 3067/4609/4346 2864/4610/4347 2861/4602/4340 3063/4601/4339
f 2858/4603/4341 2861/4611/4348 2862/4612/4349 2859/4604/4342
f 2859/4605/4343 2862/4613/4350 2863/4614/4344 2860/4606/4337
f 2866/4615/4351 3100/4616/4352 3099/4608/4345 2863/4607/4344
f 3071/4617/4353 2867/4618/4354 2864/4610/4347 3067/4609/4346
f 2861/4611/4348 2864/4619/4355 2865/4620/4356 2862/4612/4349
f 2862/4613/4350 2865/4621/4357 2866/4622/4358 2863/4614/4344
f 2869/4623/4359 3101/4624/4360 3100/4625/4352 2866/4626/4351
f 3075/4627/4361 2870/4628/4362 2867/4618/4354 3071/4617/4353
f 2864/4619/4355 2867/4629/4363 2868/4630/4364 2865/4620/4356
f 2865/4621/4357 2868/4631/4365 2869/4632/4366 2866/4622/4358
f 2872/4633/4367 3102/4634/4368 3101/4624/4360 2869/4623/4359
f 2983/4445/4208 2801/4446/4209 2870/4628/4362 3075/4627/4361
f 2867/4629/4363 2870/4635/4369 2871/4636/4370 2868/4630/4364
f 2868/4631/4365 2871/4637/4371 2872/4638/4371 2869/4632/4366
f 2803/4451/4213 3079/4452/4213 3102/4634/4368 2872/4633/4367
f 2809/4472/4230 3081/4471/4229 3080/4454/97 2806/4453/4214
f 2870/4635/4369 2801/4456/4216 2802/4455/4215 2871/4636/4370
f 2871/4637/4371 2802/4458/4217 2803/4457/4217 2872/4638/4371
f 2991/4464/4222 2807/4463/4221 2804/4460/4218 2987/4459/100
f 2877/4267/4053 2878/4639/4372 2874/4640/4373 2873/4268/4054
f 2988/4641/4374 2874/4642/4375 2875/4643/4376 2989/4644/4374
f 2989/4645/4377 2875/4646/4378 2876/4647/4379 2990/4648/4377
f 2880/4649/4380 2962/4282/4066 2961/4281/4065 2876/4650/4381
f 2881/4283/4067 2882/4651/4382 2878/4639/4372 2877/4267/4053
f 2874/4642/4375 2878/4652/4383 2879/4653/4384 2875/4643/4376
f 2875/4646/4378 2879/4654/4385 2880/4655/4385 2876/4647/4379
f 2884/4656/4386 2963/4290/4073 2962/4282/4066 2880/4649/4380
f 2885/4291/4074 2886/4657/4387 2882/4651/4382 2881/4283/4067
f 2878/4652/4383 2882/4658/4388 2883/4659/4388 2879/4653/4384
f 2879/4654/4385 2883/4660/4389 2884/4661/4389 2880/4655/4385
f 2888/4662/4390 2964/4298/4079 2963/4290/4073 2884/4656/4386
f 2889/4299/4080 2890/4663/4391 2886/4657/4387 2885/4291/4074
f 2882/4658/4388 2886/4664/4392 2887/4665/4392 2883/4659/4388
f 2883/4660/4389 2887/4666/4393 2888/4667/4393 2884/4661/4389
f 2892/4668/4394 2965/4306/4085 2964/4298/4079 2888/4662/4390
f 2893/4307/4086 2894/4669/4395 2890/4663/4391 2889/4299/4080
f 2886/4664/4392 2890/4670/4396 2891/4671/4397 2887/4665/4392
f 2887/4666/4393 2891/4672/4398 2892/4673/4398 2888/4667/4393
f 2896/4674/4399 2966/4314/4092 2965/4306/4085 2892/4668/4394
f 2897/4315/4093 2898/4675/4400 2894/4669/4395 2893/4307/4086
f 2890/4670/4396 2894/4676/4401 2895/4677/4402 2891/4671/4397
f 2891/4672/4398 2895/4678/4403 2896/4679/4403 2892/4673/4398
f 2900/4680/4404 2967/4322/4099 2966/4314/4092 2896/4674/4399
f 2901/4323/4100 2902/4681/4405 2898/4675/4400 2897/4315/4093
f 2894/4676/4401 2898/4682/4406 2899/4683/4407 2895/4677/4402
f 2895/4678/4403 2899/4684/4408 2900/4685/4408 2896/4679/4403
f 2904/4686/4409 2968/4330/4106 2967/4322/4099 2900/4680/4404
f 2905/4331/4107 2906/4687/4410 2902/4681/4405 2901/4323/4100
f 2898/4682/4406 2902/4688/4411 2903/4689/4412 2899/4683/4407
f 2899/4684/4408 2903/4690/4413 2904/4691/4413 2900/4685/4408
f 2908/4692/4414 2969/4338/4112 2968/4330/4106 2904/4686/4409
f 2909/4339/4113 2910/4693/4415 2906/4687/4410 2905/4331/4107
f 2902/4688/4411 2906/4694/4416 2907/4695/4416 2903/4689/4412
f 2903/4690/4413 2907/4696/4417 2908/4697/4417 2904/4691/4413
f 2912/4698/4418 2970/4346/4119 2969/4338/4112 2908/4692/4414
f 2913/4347/4120 2914/4699/4419 2910/4693/4415 2909/4339/4113
f 2906/4694/4416 2910/4700/4420 2911/4701/4420 2907/4695/4416
f 2907/4696/4417 2911/4702/4421 2912/4703/4422 2908/4697/4417
f 2916/4704/4423 2971/4354/4127 2970/4346/4119 2912/4698/4418
f 2917/4355/4128 2918/4705/4424 2914/4699/4419 2913/4347/4120
f 2910/4700/4420 2914/4706/4425 2915/4707/4425 2911/4701/4420
f 2911/4702/4421 2915/4708/4426 2916/4709/4427 2912/4703/4422
f 2920/4710/4428 2972/4362/4134 2971/4354/4127 2916/4704/4423
f 2921/4363/4135 2922/4711/4429 2918/4705/4424 2917/4355/4128
f 2914/4706/4425 2918/4712/4430 2919/4713/4430 2915/4707/4425
f 2915/4708/4426 2919/4714/4431 2920/4715/4432 2916/4709/4427
f 2924/4716/4433 2973/4370/4142 2972/4362/4134 2920/4710/4428
f 2925/4371/4143 2926/4717/4434 2922/4711/4429 2921/4363/4135
f 2918/4712/4430 2922/4718/4435 2923/4719/4436 2919/4713/4430
f 2919/4714/4431 2923/4720/4437 2924/4721/4433 2920/4715/4432
f 2928/4722/4438 2974/4378/4439 2973/4370/4142 2924/4716/4433
f 2929/4379/4150 2930/4723/4440 2926/4717/4434 2925/4371/4143
f 2922/4718/4435 2926/4724/4441 2927/4725/4442 2923/4719/4436
f 2923/4720/4437 2927/4726/4443 2928/4727/4438 2924/4721/4433
f 2932/4728/4444 2975/4386/4445 2974/4378/4439 2928/4722/4438
f 2933/4387/4157 2934/4729/4446 2930/4723/4440 2929/4379/4150
f 2926/4724/4441 2930/4730/4447 2931/4731/4448 2927/4725/4442
f 2927/4726/4443 2931/4732/4449 2932/4733/4444 2928/4727/4438
f 2936/4734/4450 2976/4394/4451 2975/4386/4445 2932/4728/4444
f 2937/4395/4164 2938/4735/4452 2934/4729/4446 2933/4387/4157
f 2930/4730/4447 2934/4736/4453 2935/4737/4454 2931/4731/4448
f 2931/4732/4449 2935/4738/4455 2936/4739/4450 2932/4733/4444
f 2940/4740/4456 2977/4402/4457 2976/4394/4451 2936/4734/4450
f 2941/4403/4171 2942/4741/4458 2938/4735/4452 2937/4395/4164
f 2934/4736/4453 2938/4742/4459 2939/4743/4460 2935/4737/4454
f 2935/4738/4455 2939/4744/4461 2940/4745/4456 2936/4739/4450
f 2944/4746/4462 2978/4410/4463 2977/4402/4457 2940/4740/4456
f 2945/4411/4178 2946/4747/4464 2942/4741/4458 2941/4403/4171
f 2938/4742/4459 2942/4748/4465 2943/4749/4466 2939/4743/4460
f 2939/4744/4461 2943/4750/4467 2944/4751/4462 2940/4745/4456
f 2948/4752/4468 2979/4418/4469 2978/4410/4463 2944/4746/4462
f 2949/4419/4185 2950/4753/4470 2946/4747/4464 2945/4411/4178
f 2942/4748/4465 2946/4754/4471 2947/4755/4472 2943/4749/4466
f 2943/4750/4467 2947/4756/4473 2948/4757/4468 2944/4751/4462
f 2952/4758/4474 2980/4426/4475 2979/4418/4469 2948/4752/4468
f 2953/4427/4192 2954/4759/4476 2950/4753/4470 2949/4419/4185
f 2946/4754/4471 2950/4760/4477 2951/4761/4478 2947/4755/4472
f 2947/4756/4473 2951/4762/4479 2952/4763/4480 2948/4757/4468
f 2956/4764/4481 2981/4436/4482 2980/4435/4475 2952/4765/4474
f 2957/4437/4200 2958/4766/4483 2954/4759/4476 2953/4427/4192
f 2950/4760/4477 2954/4767/4484 2955/4768/4485 2951/4761/4478
f 2951/4762/4479 2955/4769/4486 2956/4770/4487 2952/4763/4480
f 2960/4771/4488 2982/4444/4489 2981/4436/4482 2956/4764/4481
f 2983/4445/4208 2984/4772/4490 2958/4766/4483 2957/4437/4200
f 2954/4767/4484 2958/4773/4491 2959/4774/4492 2955/4768/4485
f 2955/4769/4486 2959/4775/4493 2960/4776/4493 2956/4770/4487
f 2986/4777/4494 3079/4452/4494 2982/4444/4489 2960/4771/4488
f 2876/4650/4381 2961/4281/4065 3080/4454/97 2990/4778/4495
f 2958/4773/4491 2984/4779/4496 2985/4780/4496 2959/4774/4492
f 2959/4775/4493 2985/4781/4497 2986/4782/4497 2960/4776/4493
f 2873/4268/4054 2874/4640/4373 2988/4783/4498 2987/4459/100
f 2995/4461/4219 2991/4464/4222 2992/4784/4499 2996/4785/4500
f 2988/4641/4374 2989/4644/4374 2993/4786/4501 2992/4787/4502
f 2989/4645/4377 2990/4648/4377 2994/4788/4503 2993/4789/4504
f 2998/4790/4505 2994/4791/4506 3081/4471/4229 3082/4470/4228
f 2999/4473/4231 2995/4461/4219 2996/4785/4500 3000/4792/4507
f 2992/4787/4502 2993/4786/4501 2997/4793/4508 2996/4794/4509
f 2993/4789/4504 2994/4788/4503 2998/4795/4510 2997/4796/4510
f 3002/4797/4511 2998/4790/4505 3082/4470/4228 3083/4480/4237
f 3003/4481/4238 2999/4473/4231 3000/4792/4507 3004/4798/4512
f 2996/4794/4509 2997/4793/4508 3001/4799/4513 3000/4800/4513
f 2997/4796/4510 2998/4795/4510 3002/4801/4514 3001/4802/4514
f 3006/4803/4515 3002/4797/4511 3083/4480/4237 3084/4488/4244
f 3007/4489/4245 3003/4481/4238 3004/4798/4512 3008/4804/4516
f 3000/4800/4513 3001/4799/4513 3005/4805/4517 3004/4806/4517
f 3001/4802/4514 3002/4801/4514 3006/4807/4518 3005/4808/4518
f 3010/4809/4519 3006/4803/4515 3084/4488/4244 3085/4496/4250
f 3011/4497/4251 3007/4489/4245 3008/4804/4516 3012/4810/4520
f 3004/4806/4517 3005/4805/4517 3009/4811/4521 3008/4812/4521
f 3005/4808/4518 3006/4807/4518 3010/4813/4522 3009/4814/4522
f 3014/4815/4523 3010/4809/4519 3085/4496/4250 3086/4504/4256
f 3015/4505/4257 3011/4497/4251 3012/4810/4520 3016/4816/4524
f 3008/4812/4521 3009/4811/4521 3013/4817/4525 3012/4818/4526
f 3009/4814/4522 3010/4813/4522 3014/4819/4527 3013/4820/4527
f 3018/4821/4528 3014/4815/4523 3086/4504/4256 3087/4512/4263
f 3019/4513/4264 3015/4505/4257 3016/4816/4524 3020/4822/4529
f 3012/4818/4526 3013/4817/4525 3017/4823/4530 3016/4824/4531
f 3013/4820/4527 3014/4819/4527 3018/4825/4532 3017/4826/4532
f 3022/4827/4533 3018/4821/4528 3087/4512/4263 3088/4520/4270
f 3023/4521/4271 3019/4513/4264 3020/4822/4529 3024/4828/4534
f 3016/4824/4531 3017/4823/4530 3021/4829/4535 3020/4830/4535
f 3017/4826/4532 3018/4825/4532 3022/4831/4536 3021/4832/4536
f 3026/4833/4537 3022/4827/4533 3088/4520/4270 3089/4528/4277
f 3027/4529/4278 3023/4521/4271 3024/4828/4534 3028/4834/4538
f 3020/4830/4535 3021/4829/4535 3025/4835/4539 3024/4836/4540
f 3021/4832/4536 3022/4831/4536 3026/4837/4541 3025/4838/4541
f 3030/4839/4542 3026/4833/4537 3089/4528/4277 3090/4536/4283
f 3031/4537/4284 3027/4529/4278 3028/4834/4538 3032/4840/4543
f 3024/4836/4540 3025/4835/4539 3029/4841/4544 3028/4842/4545
f 3025/4838/4541 3026/4837/4541 3030/4843/4546 3029/4844/4547
f 3034/4845/4548 3030/4839/4542 3090/4536/4283 3091/4544/4290
f 3035/4545/4291 3031/4537/4284 3032/4840/4543 3036/4846/4549
f 3028/4842/4545 3029/4841/4544 3033/4847/4550 3032/4848/4550
f 3029/4844/4547 3030/4843/4546 3034/4849/4551 3033/4850/4552
f 3038/4851/4553 3034/4845/4548 3091/4544/4290 3092/4552/4128
f 3039/4553/4297 3035/4545/4291 3036/4846/4549 3040/4852/4554
f 3032/4848/4550 3033/4847/4550 3037/4853/4555 3036/4854/4556
f 3033/4850/4552 3034/4849/4551 3038/4855/4557 3037/4856/4558
f 3042/4857/4559 3038/4851/4553 3092/4552/4128 3093/4560/4303
f 3043/4561/4304 3039/4553/4297 3040/4852/4554 3044/4858/4560
f 3036/4854/4556 3037/4853/4555 3041/4859/4561 3040/4860/4562
f 3037/4856/4558 3038/4855/4557 3042/4861/4559 3041/4862/4563
f 3046/4863/4564 3042/4857/4559 3093/4560/4303 3094/4568/4565
f 3047/4569/4311 3043/4561/4304 3044/4858/4560 3048/4864/4566
f 3040/4860/4562 3041/4859/4561 3045/4865/4567 3044/4866/4568
f 3041/4862/4563 3042/4861/4559 3046/4867/4564 3045/4868/4569
f 3050/4869/4570 3046/4863/4564 3094/4568/4565 3095/4576/4571
f 3051/4577/4318 3047/4569/4311 3048/4864/4566 3052/4870/4572
f 3044/4866/4568 3045/4865/4567 3049/4871/4573 3048/4872/4574
f 3045/4868/4569 3046/4867/4564 3050/4873/4570 3049/4874/4575
f 3054/4875/4576 3050/4869/4570 3095/4576/4571 3096/4584/4577
f 3055/4585/4325 3051/4577/4318 3052/4870/4572 3056/4876/4578
f 3048/4872/4574 3049/4871/4573 3053/4877/4579 3052/4878/4580
f 3049/4874/4575 3050/4873/4570 3054/4879/4576 3053/4880/4581
f 3058/4881/4582 3054/4875/4576 3096/4584/4577 3097/4592/4583
f 3059/4593/4332 3055/4585/4325 3056/4876/4578 3060/4882/4584
f 3052/4878/4580 3053/4877/4579 3057/4883/4585 3056/4884/4586
f 3053/4880/4581 3054/4879/4576 3058/4885/4582 3057/4886/4587
f 3062/4887/4588 3058/4881/4582 3097/4592/4583 3098/4600/4589
f 3063/4601/4339 3059/4593/4332 3060/4882/4584 3064/4888/4590
f 3056/4884/4586 3057/4883/4585 3061/4889/4591 3060/4890/4592
f 3057/4886/4587 3058/4885/4582 3062/4891/4588 3061/4892/4593
f 3066/4893/4594 3062/4887/4588 3098/4600/4589 3099/4608/4595
f 3067/4609/4346 3063/4601/4339 3064/4888/4590 3068/4894/4596
f 3060/4890/4592 3061/4889/4591 3065/4895/4597 3064/4896/4598
f 3061/4892/4593 3062/4891/4588 3066/4897/4594 3065/4898/4599
f 3070/4899/4600 3066/4893/4594 3099/4608/4595 3100/4616/4601
f 3071/4617/4353 3067/4609/4346 3068/4894/4596 3072/4900/4602
f 3064/4896/4598 3065/4895/4597 3069/4901/4603 3068/4902/4604
f 3065/4898/4599 3066/4897/4594 3070/4903/4605 3069/4904/4606
f 3074/4905/4607 3070/4906/4600 3100/4625/4601 3101/4624/4608
f 3075/4627/4361 3071/4617/4353 3072/4900/4602 3076/4907/4609
f 3068/4902/4604 3069/4901/4603 3073/4908/4610 3072/4909/4611
f 3069/4904/4606 3070/4903/4605 3074/4910/4612 3073/4911/4613
f 3078/4912/4614 3074/4905/4607 3101/4624/4608 3102/4634/4615
f 2983/4445/4208 3075/4627/4361 3076/4907/4609 2984/4772/4490
f 3072/4909/4611 3073/4908/4610 3077/4913/4616 3076/4914/4617
f 3073/4911/4613 3074/4910/4612 3078/4915/4618 3077/4916/4618
f 2986/4777/4494 3078/4912/4614 3102/4634/4615 3079/4452/4494
f 2994/4791/4506 2990/4778/4495 3080/4454/97 3081/4471/4229
f 3076/4914/4617 3077/4913/4616 2985/4780/4496 2984/4779/4496
f 3077/4916/4618 3078/4915/4618 2986/4782/4497 2985/4781/4497
f 2991/4464/4222 2987/4459/100 2988/4783/4498 2992/4784/4499
f 3143/4917/4619 3109/4918/4619 3145/4919/4620 3178/4920/4620
f 3226/4921/4621 3132/4922/4622 3117/4923/4623 3209/4924/4624
f 3132/4922/4622 3134/4925/4625 3118/4926/4626 3117/4923/4623
f 3134/4925/4625 3136/4927/4627 3119/4928/4628 3118/4926/4626
f 3136/4927/4627 3138/4929/4629 3120/4930/4630 3119/4928/4628
f 3138/4929/4629 3140/4931/4631 3121/4932/4632 3120/4930/4630
f 3140/4931/4631 3142/4933/4633 3122/4934/4634 3121/4932/4632
f 3142/4933/4633 3144/4935/4635 3123/4936/4636 3122/4934/4634
f 3144/4935/4635 3177/4937/4637 3161/4938/4638 3123/4936/4636
f 3125/4939/4639 3124/4940/4640 3111/4941/4641 3112/4942/4642
f 3171/4943/4643 3126/4944/4644 3116/4945/4645 3153/4946/4646
f 3127/4947/4647 3125/4939/4639 3112/4942/4642 3113/4948/4648
f 3128/4949/4649 3127/4947/4647 3113/4948/4648 3114/4950/4650
f 3129/4951/4651 3221/4952/4652 3201/4953/4653 3110/4954/4654
f 3130/4955/4655 3128/4949/4649 3114/4950/4650 3115/4956/4656
f 3124/4940/4640 3129/4951/4651 3110/4954/4654 3111/4941/4641
f 3139/4957/4657 3107/4958/4657 3108/4959/4658 3141/4960/4658
f 3131/4961/4659 3103/4962/4659 3104/4963/4660 3133/4964/4660
f 3141/4960/4658 3108/4959/4658 3109/4918/4619 3143/4917/4619
f 3133/4964/4660 3104/4963/4660 3105/4965/4661 3135/4966/4661
f 3135/4966/4661 3105/4965/4661 3106/4967/4662 3137/4968/4662
f 3137/4968/4662 3106/4967/4662 3107/4958/4657 3139/4957/4657
f 3225/4969/2 3193/4970/2 3103/4962/4659 3131/4961/4659
f 3109/4918/4663 3108/4959/4664 3130/4955/4655 3126/4944/4644
f 3104/4963/4665 3103/4962/4666 3129/4951/4651 3124/4940/4640
f 3108/4959/4664 3107/4958/4667 3128/4949/4649 3130/4955/4655
f 3103/4962/4666 3193/4970/4668 3221/4952/4652 3129/4951/4651
f 3107/4958/4667 3106/4967/4669 3127/4947/4647 3128/4949/4649
f 3106/4967/4669 3105/4965/4670 3125/4939/4639 3127/4947/4647
f 3145/4919/4671 3109/4918/4663 3126/4944/4644 3171/4943/4643
f 3105/4965/4670 3104/4963/4665 3124/4940/4640 3125/4939/4639
f 3225/4969/4672 3131/4961/4673 3132/4922/4622 3226/4921/4621
f 3131/4961/4673 3133/4964/4674 3134/4925/4625 3132/4922/4622
f 3133/4964/4674 3135/4966/4675 3136/4927/4627 3134/4925/4625
f 3135/4966/4675 3137/4968/4676 3138/4929/4629 3136/4927/4627
f 3137/4968/4676 3139/4957/4677 3140/4931/4631 3138/4929/4629
f 3139/4957/4677 3141/4960/4678 3142/4933/4633 3140/4931/4631
f 3141/4960/4678 3143/4917/4679 3144/4935/4635 3142/4933/4633
f 3143/4917/4679 3178/4920/4680 3177/4937/4637 3144/4935/4635
f 3126/4944/4644 3130/4955/4655 3115/4956/4656 3116/4945/4645
f 3191/4971/4681 3178/4920/4620 3145/4919/4620 3152/4972/4681
f 3280/4973/4682 3260/4974/4683 3162/4975/4684 3180/4976/4685
f 3180/4976/4685 3162/4975/4684 3163/4977/4686 3182/4978/4687
f 3182/4978/4687 3163/4977/4686 3164/4979/4688 3184/4980/4689
f 3184/4980/4689 3164/4979/4688 3165/4981/4690 3186/4982/4691
f 3186/4982/4691 3165/4981/4690 3166/4983/4692 3188/4984/4693
f 3188/4984/4693 3166/4983/4692 3167/4985/4694 3190/4986/4695
f 3190/4986/4695 3167/4985/4694 3168/4987/4696 3192/4988/4697
f 3192/4988/4697 3168/4987/4696 3161/4938/4638 3177/4937/4637
f 3170/4989/4698 3156/4990/4699 3155/4991/4700 3169/4992/4701
f 3171/4943/4643 3153/4946/4646 3160/4993/4702 3172/4994/4703
f 3173/4995/4704 3157/4996/4705 3156/4990/4699 3170/4989/4698
f 3174/4997/4706 3158/4998/4707 3157/4996/4705 3173/4995/4704
f 3175/4999/4708 3154/5000/4709 3251/5001/4710 3273/5002/4711
f 3176/5003/4712 3159/5004/4713 3158/4998/4707 3174/4997/4706
f 3169/4992/4701 3155/4991/4700 3154/5000/4709 3175/4999/4708
f 3187/5005/4714 3189/5006/4715 3151/5007/4715 3150/5008/4714
f 3179/5009/4716 3181/5010/4717 3147/5011/4717 3146/5012/4716
f 3189/5006/4715 3191/4971/4681 3152/4972/4681 3151/5007/4715
f 3181/5010/4717 3183/5013/4718 3148/5014/4718 3147/5011/4717
f 3183/5013/4718 3185/5015/4719 3149/5016/4719 3148/5014/4718
f 3185/5015/4719 3187/5005/4714 3150/5008/4714 3149/5016/4719
f 3279/5017/1 3179/5009/4716 3146/5012/4716 3242/5018/1
f 3152/4972/4720 3172/4994/4703 3176/5003/4712 3151/5007/4721
f 3147/5011/4722 3169/4992/4701 3175/4999/4708 3146/5012/4723
f 3151/5007/4721 3176/5003/4712 3174/4997/4706 3150/5008/4724
f 3146/5012/4723 3175/4999/4708 3273/5002/4711 3242/5018/4725
f 3150/5008/4724 3174/4997/4706 3173/4995/4704 3149/5016/4726
f 3149/5016/4726 3173/4995/4704 3170/4989/4698 3148/5014/4727
f 3145/4919/4671 3171/4943/4643 3172/4994/4703 3152/4972/4720
f 3148/5014/4727 3170/4989/4698 3169/4992/4701 3147/5011/4722
f 3279/5017/4728 3280/4973/4682 3180/4976/4685 3179/5009/4729
f 3179/5009/4729 3180/4976/4685 3182/4978/4687 3181/5010/4730
f 3181/5010/4730 3182/4978/4687 3184/4980/4689 3183/5013/4731
f 3183/5013/4731 3184/4980/4689 3186/4982/4691 3185/5015/4732
f 3185/5015/4732 3186/4982/4691 3188/4984/4693 3187/5005/4733
f 3187/5005/4733 3188/4984/4693 3190/4986/4695 3189/5006/4734
f 3189/5006/4734 3190/4986/4695 3192/4988/4697 3191/4971/4735
f 3191/4971/4735 3192/4988/4697 3177/4937/4637 3178/4920/4680
f 3172/4994/4703 3160/4993/4702 3159/5004/4713 3176/5003/4712
f 3239/5019/4736 3278/5020/4737 3241/5021/4737 3200/5022/4736
f 3226/4921/4621 3209/4924/4624 3210/5023/4738 3228/5024/4739
f 3228/5024/4739 3210/5023/4738 3211/5025/4740 3230/5026/4741
f 3230/5026/4741 3211/5025/4740 3212/5027/4742 3232/5028/4743
f 3232/5028/4743 3212/5027/4742 3213/5029/4744 3234/5030/4745
f 3234/5030/4745 3213/5029/4744 3214/5031/4746 3236/5032/4747
f 3236/5032/4747 3214/5031/4746 3215/5033/4748 3238/5034/4749
f 3238/5034/4749 3215/5033/4748 3216/5035/4750 3240/5036/4751
f 3240/5036/4751 3216/5035/4750 3259/5037/4752 3277/5038/4753
f 3218/5039/4754 3204/5040/4755 3203/5041/4756 3217/5042/4757
f 3270/5043/4758 3250/5044/4759 3208/5045/4760 3219/5046/4761
f 3220/5047/4762 3205/5048/4763 3204/5040/4755 3218/5039/4754
f 3222/5049/4764 3206/5050/4765 3205/5048/4763 3220/5047/4762
f 3223/5051/4766 3202/5052/4767 3201/4953/4653 3221/4952/4652
f 3224/5053/4768 3207/5054/4769 3206/5050/4765 3222/5049/4764
f 3217/5042/4757 3203/5041/4756 3202/5052/4767 3223/5051/4766
f 3235/5055/4770 3237/5056/4771 3199/5057/4771 3198/5058/4770
f 3227/5059/4772 3229/5060/4773 3195/5061/4773 3194/5062/4772
f 3237/5056/4771 3239/5019/4736 3200/5022/4736 3199/5057/4771
f 3229/5060/4773 3231/5063/4774 3196/5064/4774 3195/5061/4773
f 3231/5063/4774 3233/5065/4775 3197/5066/4775 3196/5064/4774
f 3233/5065/4775 3235/5055/4770 3198/5058/4770 3197/5066/4775
f 3225/4969/2 3227/5059/4772 3194/5062/4772 3193/4970/2
f 3200/5022/4776 3219/5046/4761 3224/5053/4768 3199/5057/4777
f 3195/5061/4778 3217/5042/4757 3223/5051/4766 3194/5062/4779
f 3199/5057/4777 3224/5053/4768 3222/5049/4764 3198/5058/4780
f 3194/5062/4779 3223/5051/4766 3221/4952/4652 3193/4970/4668
f 3198/5058/4780 3222/5049/4764 3220/5047/4762 3197/5066/4781
f 3197/5066/4781 3220/5047/4762 3218/5039/4754 3196/5064/4782
f 3241/5021/4783 3270/5043/4758 3219/5046/4761 3200/5022/4776
f 3196/5064/4782 3218/5039/4754 3217/5042/4757 3195/5061/4778
f 3225/4969/4672 3226/4921/4621 3228/5024/4739 3227/5059/4784
f 3227/5059/4784 3228/5024/4739 3230/5026/4741 3229/5060/4785
f 3229/5060/4785 3230/5026/4741 3232/5028/4743 3231/5063/4786
f 3231/5063/4786 3232/5028/4743 3234/5030/4745 3233/5065/4787
f 3233/5065/4787 3234/5030/4745 3236/5032/4747 3235/5055/4788
f 3235/5055/4788 3236/5032/4747 3238/5034/4749 3237/5056/4789
f 3237/5056/4789 3238/5034/4749 3240/5036/4751 3239/5019/4790
f 3239/5019/4790 3240/5036/4751 3277/5038/4753 3278/5020/4791
f 3219/5046/4761 3208/5045/4760 3207/5054/4769 3224/5053/4768
f 3293/5067/4792 3249/5068/4792 3241/5069/4737 3278/5070/4737
f 3280/4973/4682 3282/5071/4793 3261/5072/4794 3260/4974/4683
f 3282/5071/4793 3284/5073/4795 3262/5074/4796 3261/5072/4794
f 3284/5073/4795 3286/5075/4797 3263/5076/4798 3262/5074/4796
f 3286/5075/4797 3288/5077/4799 3264/5078/4800 3263/5076/4798
f 3288/5077/4799 3290/5079/4801 3265/5080/4802 3264/5078/4800
f 3290/5079/4801 3292/5081/4803 3266/5082/4804 3265/5080/4802
f 3292/5081/4803 3294/5083/4805 3267/5084/4806 3266/5082/4804
f 3294/5083/4805 3277/5085/4753 3259/5086/4752 3267/5084/4806
f 3269/5087/4807 3268/5088/4808 3253/5089/4809 3254/5090/4810
f 3270/5091/4758 3271/5092/4811 3258/5093/4812 3250/5094/4759
f 3272/5095/4813 3269/5087/4807 3254/5090/4810 3255/5096/4814
f 3274/5097/4815 3272/5095/4813 3255/5096/4814 3256/5098/4816
f 3275/5099/4817 3273/5002/4711 3251/5001/4710 3252/5100/4818
f 3276/5101/4819 3274/5097/4815 3256/5098/4816 3257/5102/4820
f 3268/5088/4808 3275/5099/4817 3252/5100/4818 3253/5089/4809
f 3289/5103/4821 3247/5104/4821 3248/5105/4822 3291/5106/4822
f 3281/5107/4823 3243/5108/4823 3244/5109/4824 3283/5110/4824
f 3291/5106/4822 3248/5105/4822 3249/5068/4792 3293/5067/4792
f 3283/5110/4824 3244/5109/4824 3245/5111/4825 3285/5112/4825
f 3285/5112/4825 3245/5111/4825 3246/5113/4826 3287/5114/4826
f 3287/5114/4826 3246/5113/4826 3247/5104/4821 3289/5103/4821
f 3279/5017/1 3242/5018/1 3243/5108/4823 3281/5107/4823
f 3249/5068/4827 3248/5105/4828 3276/5101/4819 3271/5092/4811
f 3244/5109/4829 3243/5108/4830 3275/5099/4817 3268/5088/4808
f 3248/5105/4828 3247/5104/4831 3274/5097/4815 3276/5101/4819
f 3243/5108/4830 3242/5018/4725 3273/5002/4711 3275/5099/4817
f 3247/5104/4831 3246/5113/4832 3272/5095/4813 3274/5097/4815
f 3246/5113/4832 3245/5111/4833 3269/5087/4807 3272/5095/4813
f 3241/5069/4783 3249/5068/4827 3271/5092/4811 3270/5091/4758
f 3245/5111/4833 3244/5109/4829 3268/5088/4808 3269/5087/4807
f 3279/5017/4728 3281/5107/4834 3282/5071/4793 3280/4973/4682
f 3281/5107/4834 3283/5110/4835 3284/5073/4795 3282/5071/4793
f 3283/5110/4835 3285/5112/4836 3286/5075/4797 3284/5073/4795
f 3285/5112/4836 3287/5114/4837 3288/5077/4799 3286/5075/4797
f 3287/5114/4837 3289/5103/4838 3290/5079/4801 3288/5077/4799
f 3289/5103/4838 3291/5106/4839 3292/5081/4803 3290/5079/4801
f 3291/5106/4839 3293/5067/4840 3294/5083/4805 3292/5081/4803
f 3293/5067/4840 3278/5070/4791 3277/5085/4753 3294/5083/4805
f 3271/5092/4811 3276/5101/4819 3257/5102/4820 3258/5093/4812
